ANTH 108,12908,SH203,MoWe,12:30pm,01:45pm,"Lanzas,Gisela"
ANTH 108,12909,SH203,TuTh,02:00pm,03:15pm,"Whittle,Matthew Day"
ANTH 150,13120,ONLINE, ,TBA,TBA,"Love,Michael W"
ANTH 151,12264,SH234,MoWe,11:00am,12:15pm,"Campbell,Christina J"
ANTH 151,13115,CR5122,TuTh,02:00pm,03:15pm,"Rougier,Helene A"
ANTH 152,13227,SH203,MoWe,11:00am,12:15pm,"Lanzas,Gisela"
ANTH 152,12964,SH203,MoWe,11:00am,12:15pm,"Lanzas,Gisela"
ANTH 153,12332,OV025,MoWe,09:30am,10:45am,"Snead,James E"
ANTH 212,12331,MZ130,MoWe,12:30pm,01:45pm,"Campbell,Christina J"
ANTH 222,13276,SH203,MoWe,09:30am,10:45am,"Zane,Wallace W"
ANTH 222,13287,OV025,TuTh,12:30pm,01:45pm,"Kirner,Kimberly D"
ANTH 232,13076,SH265,MoWe,08:00am,09:15am,"Adams,Elizabeth T"
ANTH 262,13116,SH265,TuTh,11:00am,12:15pm,"Liu,Chin-hsin"
ANTH 262,13277,SH203,TuTh,12:30pm,01:45pm,"Liu,Chin-hsin"
ANTH 303,12244,SH234,TuTh,02:00pm,03:15pm,"Von Mayrhauser,Christina L"
ANTH 308,12910,SH309,MoWe,09:30am,10:45am,"Cohen,Martin M"
ANTH 308,13000,ONLINE, ,TBA,TBA,"Goknar,Merve"
ANTH 308,20521,SH203,Fr,11:00am,01:45pm,"Siemens,Stephen D"
ANTH 310,12224,SH386,TuTh,12:30pm,01:45pm,"Cohen,Martin M"
ANTH 310,20545,ONLINE, ,TBA,TBA,"Browder,Jennifer K"
ANTH 310,12887,ONLINE, ,TBA,TBA,"Von Mayrhauser,Christina L"
ANTH 310,20562,SH265,MoWe,11:00am,12:15pm,"Siemens,Stephen D"
ANTH 315,12951,SH203,TuTh,09:30am,10:45am,"Siemens,Stephen D"
ANTH 319,12998,SH265,TuTh,09:30am,10:45am,"Dubois,Jonathan J"
ANTH 326,12840,SH203,Fr,02:00pm,04:45pm,"Zane,Wallace W"
ANTH 356,20500,SH265,MoWe,12:30pm,01:45pm,"Goknar,Merve"
ANTH 423,20478,SH265,TuTh,02:00pm,03:15pm,"Campbell,Christina J"
ANTH 424,20479,SH265,Mo,04:00pm,06:45pm,"Polk,Patrick A"
ANTH 426,13330,SH265,MoWe,02:00pm,03:15pm,"Snead,James E"
ANTH 432,20476,SH265,Fr,12:30pm,03:15pm,"Kirner,Kimberly D"
ANTH 445,20473,SH234,Tu,04:00pm,06:45pm,"Rougier,Helene A"
ANTH 445L,20474,SH234,Sa,11:00am,01:45pm,"Rougier,Helene A"
ANTH 473,13329,SH265,We,04:00pm,06:45pm,"Love,Michael W"
ANTH 475,12263,SH265,Th,04:00pm,06:45pm,"Kirner,Kimberly D"
ANTH 486,20484,SH265,Tu,04:00pm,06:45pm,"Whittle,Matthew Day"
ANTH 490A,12997,SH234,Th,04:00pm,06:45pm,"Love,Michael W"
ANTH 490C,12308,SH234,We,04:00pm,06:45pm,"Lanzas,Gisela"
ANTH 499A,13398,TBA, ,TBA,TBA,Staff
ANTH 499C,13107,TBA, ,TBA,TBA,Staff
ANTH 500,13119,SH305,Mo,05:00pm,07:45pm,"Von Mayrhauser,Christina L"
ANTH 603,20482,SH224,Tu,07:00pm,09:45pm,"Liu,Chin-hsin"
ANTH 607,20483,SH234,We,07:00pm,09:45pm,"Snead,James E"
ANTH 694,12259,TBA, ,TBA,TBA,"Scheld,Suzanne"
ANTH 696A,12400,SH234,Mo,07:00pm,09:45pm,"Scheld,Suzanne"
ANTH 697,12675,TBA, ,TBA,TBA,Staff
ANTH 698B,12607,TBA, ,TBA,TBA,"Scheld,Suzanne"
ANTH 699B,12895,TBA, ,TBA,TBA,Staff
