A/R 103,20320,TBA, ,TBA,TBA,Staff
A/R 106,20020,TBA, ,TBA,TBA,Staff
A/R 108,20077,TBA, ,TBA,TBA,Staff
A/R 109A,20021,TBA, ,TBA,TBA,Staff
A/R 109AUS,20022,TBA, ,TBA,TBA,Staff
A/R 109B,20023,TBA, ,TBA,TBA,Staff
A/R 109C,20024,TBA, ,TBA,TBA,Staff
A/R 109CH,20095,TBA, ,TBA,TBA,Staff
A/R 109CI,20366,TBA, ,TBA,TBA,Staff
A/R 109CN,20025,TBA, ,TBA,TBA,Staff
A/R 109D,20026,TBA, ,TBA,TBA,Staff
A/R 109E,20027,TBA, ,TBA,TBA,Staff
A/R 109F,20028,TBA, ,TBA,TBA,Staff
A/R 109G,20029,TBA, ,TBA,TBA,Staff
A/R 109GH,20090,TBA, ,TBA,TBA,Staff
A/R 109H,20030,TBA, ,TBA,TBA,Staff
A/R 109I,20031,TBA, ,TBA,TBA,Staff
A/R 109J,20032,TBA, ,TBA,TBA,Staff
A/R 109K,20033,TBA, ,TBA,TBA,Staff
A/R 109L,20034,TBA, ,TBA,TBA,Staff
A/R 109M,20035,TBA, ,TBA,TBA,Staff
A/R 109N,20036,TBA, ,TBA,TBA,Staff
A/R 109O,20037,TBA, ,TBA,TBA,Staff
A/R 109P,20038,TBA, ,TBA,TBA,Staff
A/R 109T,20307,TBA, ,TBA,TBA,Staff
A/R 109UK,20039,TBA, ,TBA,TBA,Staff
A/R 109V,20040,TBA, ,TBA,TBA,Staff
A/R 109Z,20041,TBA, ,TBA,TBA,Staff
A/R 120,20094,TBA, ,TBA,TBA,Staff
A/R 300,20076,TBA, ,TBA,TBA,Staff
A/R 301,20096,TBA, ,TBA,TBA,Staff
A/R 500,20321,TBA, ,TBA,TBA,Staff
A/R 601,20369,TBA, ,TBA,TBA,Staff
A/R 602,20398,TBA, ,TBA,TBA,Staff
