CH S 100,14357,JR130,MoWe,08:00am,09:15am,"Resendez,Gerald A"
CH S 100,14080,JR130,MoWe,08:00am,09:15am,"Resendez,Gerald A"
CH S 100,14086,JR130,MoWe,09:30am,10:45am,"Estrada,Alicia Ivonne"
CH S 100,14081,JR130,MoWe,11:00am,12:15pm,"Estrada,Alicia Ivonne"
CH S 100,14087,JR132,MoWe,11:00am,12:15pm,"Resendez,Gerald A"
CH S 100,14082,JR132,MoWe,11:00am,12:15pm,"Resendez,Gerald A"
CH S 100,14083,SH198,MoWe,12:30pm,01:45pm,"Tamayo,Francisco N"
CH S 100,14085,JR130,TuTh,11:00am,12:15pm,"Sanchez-Munoz,Ana"
CH S 100,14602,JR132,TuTh,12:30pm,01:45pm,"Ayala-Alcantar,Christina U"
CH S 100,14603,JR130,TuTh,12:30pm,01:45pm,"Sandoval,Denise M"
CH S 100,14606,JR132,Th,11:00am,12:15pm,"Garcia,Ramon"
CH S 100,14886,ONLINE, ,TBA,TBA,"Estrada,Alicia Ivonne"
CH S 100,14887,ONLINE, ,TBA,TBA,"Lopez-Garza,Marta C"
CH S 100EOP,14338,JR132,MoWe,02:00pm,03:15pm,"Herrera,Maria-Isabel"
CH S 101,14358,JR115,TuTh,12:30pm,01:45pm,"Sanchez-Munoz,Ana"
CH S 111,14306,SH198,Mo,09:30am,10:45am,"Herrera,Xilomen"
CH S 111,14090,SH198,We,09:30am,10:45am,"Herrera,Xilomen"
CH S 111,14091,SH198,MoWe,11:00am,12:15pm,"Ruiz,Everto"
CH S 111,14209,SH198,TuTh,11:00am,12:15pm,"Garcia,Peter J"
CH S 111,14088,JR130,We,04:00pm,06:45pm,"Cervantez,Yreina D"
CH S 111,14431,JR130,Fr,08:00am,10:45am,"Ruiz,Everto"
CH S 111,15083,JR130,Fr,11:00am,01:45pm,"Valadez,Veronica"
CH S 113A,14401,JD1552,MoWe,12:30pm,01:45pm,"Fuentes-Chung,Mildred S"
CH S 113A,14402,SH221,MoWe,09:30am,10:45am,"Moreno,Renee M"
CH S 113A,14589,BB1228,MoWe,09:30am,10:45am,"Tamayo,Francisco N"
CH S 113A,14590,ED1121,TuTh,09:30am,10:45am,"Tamayo,Francisco N"
CH S 113A,14591,JR115,MoWe,11:00am,12:15pm,"Moreno,Renee M"
CH S 113AOP,14638,SH234,MoWe,09:30am,10:45am,"Amaro,Jose Francisco"
CH S 113AOP,14640,BB1238,MoWe,11:00am,12:15pm,"Amaro,Jose Francisco"
CH S 113AOP,14641,JR117,MoWe,02:00pm,03:15pm,"Sanchez,George B"
CH S 113AOP,14642,SH302,TuTh,02:00pm,03:15pm,"Guerrero,Carlos R"
CH S 113AOP,14665,EU132,MoWe,02:00pm,03:15pm,"Fuentes-Chung,Mildred S"
CH S 114A,14404,JR117,TuTh,12:30pm,01:45pm,"Villela,Vilma"
CH S 115,14406,SH391,MoWe,09:30am,10:45am,"Perez,Norma"
CH S 115,14504,JR218,MoWe,11:00am,12:15pm,"Gonzalez,Omar O"
CH S 115,14506,JR115,TuTh,08:00am,09:15am,"Tamayo,Francisco N"
CH S 115,14507,JR119,TuTh,09:30am,10:45am,"Gamboa,Harry"
CH S 115,14999,JR117,MoWe,08:00am,09:15am,"Perez,Norma"
CH S 115,15000,JR214,MoWe,12:30pm,01:45pm,"Meraz,Gerard A"
CH S 115,15001,JR130,MoWe,02:00pm,03:15pm,"Gonzalez,Omar O"
CH S 115,15002,JR119,TuTh,08:00am,09:15am,"Cheeks,Nancy L"
CH S 115,15102,JR218,MoWe,09:30am,10:45am,"Gonzalez,Omar O"
CH S 115,15103,JR117,TuTh,02:00pm,03:15pm,"Gamboa,Harry"
CH S 115,15435,JR119,Fr,08:00am,10:45am,"Meraz,Gerard A"
CH S 115,15471,EU135,Fr,11:00am,01:45pm,"Gonzalez,Omar O"
CH S 115,15475,JR115,MoWe,08:00am,09:15am,"Herrera,Xilomen"
CH S 115,20787,SH225,MoWe,09:30am,10:45am,"Cheeks,Nancy L"
CH S 115,20788,SH287,MoWe,11:00am,12:15pm,"Fuentes-Chung,Mildred S"
CH S 115,20789,ED1123,TuTh,11:00am,12:15pm,"Villela,Vilma"
CH S 115,20790,JR119,MoWe,12:30pm,01:45pm,"Herrera,Xilomen"
CH S 115,20791,SH310,TuTh,12:30pm,01:45pm,"Meraz,Gerard A"
CH S 115,20792,JR117,Fr,08:00am,10:45am,"Herrera,Xilomen"
CH S 115,20793,JR119,Fr,11:00am,01:45pm,"Meraz,Gerard A"
CH S 115,21307,JR132,TuTh,04:00pm,05:15pm,"Gamboa,Harry"
CH S 115,21336,JR243,TuTh,08:00am,09:15am,"Fuentes-Chung,Mildred S"
CH S 151,14102,JR246,Fr,08:00am,09:15am,"Amaro,Jose Francisco"
CH S 151,14093,JR246,Fr,09:30am,10:45am,"Amaro,Jose Francisco"
CH S 151,14094,JR115,MoWe,09:30am,10:45am,"Herrera,Maria-Isabel"
CH S 151,14228,JR301,MoWe,11:00am,12:15pm,"Mendoza,Adrian"
CH S 151,14095,JR115,MoWe,12:30pm,01:45pm,"Herrera,Maria-Isabel"
CH S 151,14096,JR119,Mo,07:00pm,09:45pm,"Lopez,Mario A"
CH S 151,14097,JR115,Th,11:00am,12:15pm,"Velazquez Vargas,Yarma"
CH S 151,14098,JR115,Tu,09:30am,10:45am,"Velazquez Vargas,Yarma"
CH S 151,14099,JR115,Tu,11:00am,12:15pm,"Velazquez Vargas,Yarma"
CH S 151,14100,JR115,Th,09:30am,10:45am,"Velazquez Vargas,Yarma"
CH S 151,15027,JR115,Fr,08:00am,10:45am,"Valadez,Jesse"
CH S 151,15073,JR115,Fr,11:00am,12:15pm,"Sanchez,George B"
CH S 151,15115,JR115,Fr,12:30pm,01:45pm,"Sanchez,George B"
CH S 151EOP,14339,JR119,MoWe,11:00am,12:15pm,"Herrera,Maria-Isabel"
CH S 201,14105,JR132,Tu,11:00am,12:15pm,"Garcia,Ramon"
CH S 202,14249,JR132,Mo,09:30am,10:45am,"Rodriguez,David"
CH S 202,14355,JR246,Tu,11:00am,12:15pm,"Valadez,Jesse"
CH S 202,14106,BB1232,Mo,11:00am,12:15pm,"Cueva,Bert Maria"
CH S 202,14608,SH365,Fr,11:00am,01:45pm,"Valadez,Jesse"
CH S 202,14610,JR118,TuTh,02:00pm,03:15pm,"Cueva,Bert Maria"
CH S 202,14612,BB1232,We,11:00am,12:15pm,"Valadez,Jesse"
CH S 202,14831,JR118,Fr,02:00pm,04:45pm,"Marti,Oscar R"
CH S 202,15086,JR132,We,09:30am,10:45am,"Rodriguez,David"
CH S 202,15095,JR132,We,12:30pm,01:45pm,"Rodriguez,David"
CH S 202EOP,14340,JR132,TuTh,09:30am,10:45am,"Valadez,Jesse"
CH S 230,15127,TBA, ,TBA,TBA,Staff
CH S 245,14181,OV002,Tu,04:00pm,06:45pm,"Hernandez,Carlos Armando"
CH S 245,14205,JR118,MoWe,11:00am,12:15pm,"Fernandez,Maria Elena"
CH S 245,14114,JR246,We,12:30pm,01:45pm,"Fernandez,Maria Elena"
CH S 245,14111,JR118,Fr,11:00am,12:15pm,"Fernandez,Maria Elena"
CH S 245,14115,JR118,Mo,02:00pm,03:15pm,"Flores-Marcial,Xochitl M"
CH S 245,14116,JR118,TuTh,09:30am,10:45am,"Cruz,Jaime S"
CH S 245,14117,SH384,TuTh,11:00am,12:15pm,"Chavez,Lucila"
CH S 245,14609,JR118,We,02:00pm,03:15pm,"Flores-Marcial,Xochitl M"
CH S 245,14613,JR132,We,03:30pm,04:45pm,"Flores-Marcial,Xochitl M"
CH S 245,14821,JR118,We,04:00pm,06:45pm,"Hernandez,Carlos Armando"
CH S 245,14841,JR118,Fr,08:00am,10:45am,"Chavez,Lucila"
CH S 245,14873,TBA, ,TBA,TBA,Staff
CH S 245,14874,ONLINE, ,TBA,TBA,"Sandoval,Denise M"
CH S 245,14875,ONLINE, ,TBA,TBA,"Sandoval,Denise M"
CH S 245,14876,ONLINE, ,TBA,TBA,"Galvan,Melisa C"
CH S 245,15186,ONLINE, ,TBA,TBA,"Galvan,Melisa C"
CH S 245,15199,ONLINE, ,TBA,TBA,"Acuna,Rodolfo F"
CH S 245,15436,JR202,Fr,11:00am,01:45pm,"Chavez,Lucila"
CH S 245,15472,ONLINE, ,TBA,TBA,"Hernandez,Carlos Armando"
CH S 245,21023,JR115,MoWe,02:00pm,03:15pm,"Buelna,Gabriel"
CH S 245,21319,ONLINE, ,TBA,TBA,"Sandoval,Denise M"
CH S 260,14119,JR118,Mo,04:00pm,06:45pm,"Gallo,Antonio"
CH S 260,14210,JR130,Tu,09:30am,10:45am,"Escobar,Martha D"
CH S 260,14120,JR130,Th,09:30am,10:45am,"Escobar,Martha D"
CH S 260,14214,JR246,Th,11:00am,12:15pm,"Escobar,Martha D"
CH S 260,14820,JR132,Fr,08:00am,10:45am,"Montes,Brenda"
CH S 260,14877,ONLINE, ,TBA,TBA,"Gallo,Antonio"
CH S 260,14878,ONLINE, ,TBA,TBA,"Gallo,Antonio"
CH S 261,20427,JR119,Mo,02:00pm,03:15pm,"Ruiz,Stevie Raymond"
CH S 261,20428,JR119,We,02:00pm,03:15pm,"Ruiz,Stevie Raymond"
CH S 270F,14421,JR119,Th,02:00pm,05:40pm,"Gutierrez,Gabriel"
CH S 270FOP,15442,ED1126,MoWe,11:00am,12:40pm,"Sanchez,George B"
CH S 270SOC,14420,TBA, ,TBA,TBA,"Gutierrez,Gabriel"
CH S 270SOP,15443,TBA, ,TBA,TBA,"Sanchez,George B"
CH S 306,15031,SH198,Tu,04:00pm,06:45pm,"Orona-Cordova,Roberta"
CH S 308D,14225,JR119,Tu,02:00pm,03:40pm,"Cervantez,Yreina D"
CH S 308DL,14132,TBA,Th,02:00pm,04:45pm,"Cervantez,Yreina D"
CH S 310,14123,SH198,Mo,04:00pm,06:45pm,"Herrera,Xocoyotzin"
CH S 310,14121,SH198,TuTh,12:30pm,01:45pm,"Garcia,Peter J"
CH S 310,14122,SH198,TuTh,02:00pm,03:15pm,"Garcia,Peter J"
CH S 310,14724,SH198,Fr,08:00am,10:45am,"Herrera,Fermin"
CH S 310,14879,SH198,Fr,11:00am,01:45pm,"Herrera,Xocoyotzin"
CH S 345,14124,JR118,TuTh,11:00am,12:15pm,"Galvan,Melisa C"
CH S 345,15230,JR118,TuTh,12:30pm,01:45pm,"Hernandez,Carlos Armando"
CH S 346,14125,SH198,TuTh,09:30am,10:45am,"Chavez,Lucila"
CH S 350,15164,JR130,TuTh,02:00pm,03:15pm,"Medina,Lara"
CH S 350,15165,JR130,TuTh,03:30pm,04:45pm,"Medina,Lara"
CH S 351,14354,JR119,Tu,12:30pm,01:45pm,"Garcia,Ramon"
CH S 351,14374,JR119,Th,12:30pm,01:45pm,"Garcia,Ramon"
CH S 360,14251,JD3510,TuTh,11:00am,12:15pm,"Sandoval,Tony L"
CH S 364,14126,TBA, ,TBA,TBA,Staff
CH S 365,14127,JR130,We,12:30pm,01:45pm,"Pardo,Mary S"
CH S 365,14880,ONLINE, ,TBA,TBA,"Pardo,Mary S"
CH S 366,15185,JR132,Mo,03:30pm,04:45pm,"Flores-Marcial,Xochitl M"
CH S 380,14129,ONLINE, ,TBA,TBA,"Orona-Cordova,Roberta"
CH S 380,14881,ONLINE, ,TBA,TBA,"Orona-Cordova,Roberta"
CH S 381,14130,SH198,We,04:00pm,06:45pm,"Orona-Cordova,Roberta"
CH S 381,15232,ONLINE, ,TBA,TBA,"Estrada,Alicia Ivonne"
CH S 390,14131,JR115,Tu,04:00pm,06:45pm,"Guerrero,Carlos R"
CH S 401,14183,JR119,MoWe,09:30am,10:45am,"Herrera,Fermin"
CH S 409,15252,TBA,TuTh,09:30am,12:00pm,"Cervantez,Yreina D"
CH S 417,14883,SH106,Mo,04:00pm,06:45pm,"Montano,Theresa"
CH S 430,14136,JR132,Tu,07:00pm,09:45pm,"Montano,Theresa"
CH S 430,14138,JR118,Mo,07:00pm,09:45pm,"Montano,Theresa"
CH S 430,14139,JD3510,TuTh,09:30am,10:45am,"Gonzalez,Rosemary"
CH S 430,14140,JR119,TuTh,11:00am,12:15pm,"Rodriguez,Herman"
CH S 431,14141,TBA, ,TBA,TBA,Staff
CH S 432,14180,JR130,Mo,12:30pm,01:45pm,"Gonzalez,Rosemary"
CH S 433,14142,TBA, ,TBA,TBA,Staff
CH S 445,14143,JR118,Th,04:00pm,06:45pm,"Hernandez,Carlos Armando"
CH S 445,14144,JR246,Mo,12:30pm,01:45pm,"Buelna,Gabriel"
CH S 445,14145,JR243,TuTh,11:00am,12:15pm,"Cruz,Jaime S"
CH S 445,14146,ONLINE, ,TBA,TBA,"Acuna,Rodolfo F"
CH S 445,14253,ONLINE, ,TBA,TBA,"Medina,Lara"
CH S 445,14726,ONLINE, ,TBA,TBA,"Medina,Lara"
CH S 460,14147,JR132,Mo,12:30pm,01:45pm,"Rodriguez,David"
CH S 482,14148,JR117,Fr,11:00am,01:45pm,"Herrera,Fermin"
CH S 486A,14434,ED1121,MoWe,11:00am,12:15pm,"Herrera,Fermin"
CH S 497,14149,JR115,TuTh,02:00pm,03:15pm,"Ayala-Alcantar,Christina U"
CH S 500,14150,JR117,Tu,04:00pm,06:45pm,"Escobar,Martha D"
CH S 501,14236,JR119,Mo,04:00pm,06:45pm,"Ayala-Alcantar,Christina U"
CH S 505,20436,JR119,Th,07:00pm,09:45pm,"Rivera Furumoto,Rosa L"
CH S 596F,21019,JR212,Th,04:00pm,06:45pm,"Sanchez-Munoz,Ana"
CH S 698C,14151,TBA, ,TBA,TBA,"Cervantez,Yreina D"
