COMS 150,10887,MZ122,MoWe,12:30pm,01:45pm,"LeRette,Denise"
COMS 151,10514,MZ111,MoWe,08:00am,08:50am,"Avakian,Regina"
COMS 151,10896,MZ115,MoWe,08:00am,08:50am,"Carter,Hannah Lovise"
COMS 151,10897,MZ363,MoWe,08:00am,08:50am,"Howard,Alexander F"
COMS 151,10898,MZ124,MoWe,08:00am,08:50am,"Fleming,Mikaela M"
COMS 151,10899,MZ111,MoWe,09:30am,10:20am,"Farrell,Mark David"
COMS 151,10900,MZ115,MoWe,09:30am,10:20am,"Bessey,Brad"
COMS 151,10901,MZ363,MoWe,09:30am,10:20am,"Avakian,Regina"
COMS 151,10902,ED1122,MoWe,09:30am,10:20am,"Carter,Hannah Lovise"
COMS 151,10903,MZ111,MoWe,11:00am,11:50am,"Farrell,Mark David"
COMS 151,10904,SH234,MoWe,08:00am,08:50am,"Galper,Emily"
COMS 151,10905,MZ363,MoWe,12:30pm,01:20pm,"Melikian,Lynette"
COMS 151,10906,SH224,MoWe,12:30pm,01:20pm,"Galper,Emily"
COMS 151,10907,MZ111,TuTh,08:00am,08:50am,"Berry,Jennifer L"
COMS 151,10908,MZ115,TuTh,08:00am,08:50am,"Bruell Hofmann,Michelle Lee"
COMS 151,10909,MZ363,TuTh,08:00am,08:50am,"Brownlee,Michelle"
COMS 151,10910,MZ113,TuTh,08:00am,08:50am,"Edwards,Lawrance"
COMS 151,10911,MZ115,TuTh,09:30am,10:20am,"Rodriguez,Gabriella"
COMS 151,10912,MZ124,TuTh,09:30am,10:20am,"McDaniel,Genna Rose"
COMS 151,10913,MZ111,TuTh,11:00am,11:50am,"Raycheva,Milena Ivanova"
COMS 151,10914,SH391,TuTh,08:00am,08:50am,"Lohse,Jenna Lynn"
COMS 151,10915,MZ115,TuTh,12:30pm,01:20pm,"Shalhoub,Reem Zeina"
COMS 151,10916,MZ363,TuTh,12:30pm,01:20pm,"Alomar Dilan,Ninangely"
COMS 151,10917,MZ111,TuTh,09:30am,10:20am,"Bruell Hofmann,Michelle Lee"
COMS 151,10918,MZ113,TuTh,11:00am,11:50am,"Washburne,Patrice A"
COMS 151,11187,MZ113,Fr,08:00am,09:55am,"Swett,Karen L"
COMS 151,11189,SH264,TuTh,02:00pm,02:50pm,"Berry,Jennifer L"
COMS 151,11191,SQ109,TuTh,02:00pm,02:50pm,"Gevorkian,Monique"
COMS 151,11193,CR5126,MoWe,11:00am,11:50am,"Howard,Alexander F"
COMS 151,11252,SH234,Mo,04:00pm,05:55pm,"Tessman,Janice W"
COMS 151,11254,MZ111,Th,04:00pm,05:55pm,"Milliken,Casey J"
COMS 151,11260,JR315,MoWe,12:30pm,01:20pm,"Bessey,Brad"
COMS 151,11267,SG109,MoWe,12:30pm,01:20pm,"Lohse,Jenna Lynn"
COMS 151,11271,JD3502,MoWe,12:30pm,01:20pm,"Newton,Aimee C"
COMS 151,11280,JD1593,MoWe,02:00pm,02:50pm,"Newton,Aimee C"
COMS 151,11371,JD2522,MoWe,02:00pm,02:50pm,"Martinez,Fernando Antonio"
COMS 151,11376,JR354,MoWe,02:00pm,02:50pm,"Menjivar,Michelle I"
COMS 151,11415,SH309,MoWe,02:00pm,02:50pm,"Fleming,Mikaela M"
COMS 151,11416,CY111,TuTh,12:30pm,01:20pm,"Ashoori,Jasmine Y"
COMS 151,11417,CR5126,TuTh,12:30pm,01:20pm,"Marshall,Jennifer A"
COMS 151,11528,MZ363,We,07:00pm,08:55pm,"Ayala,Joseph Daniel"
COMS 151,11530,SH305,Tu,04:00pm,05:55pm,"Ashoori,Jasmine Y"
COMS 151,11531,JR201,TuTh,09:30am,10:20am,"Marshall,Jennifer A"
COMS 151HL,11735,NH209,MoWe,08:50am,09:15am,"Raycheva,Milena Ivanova"
COMS 151HL,11736,JD1552,TuTh,01:20pm,01:45pm,"McDaniel,Genna Rose"
COMS 151HON,11733,NH209,MoWe,08:00am,08:50am,"Raycheva,Milena Ivanova"
COMS 151HON,11734,JD1552,TuTh,12:30pm,01:20pm,"McDaniel,Genna Rose"
COMS 151L,10919,MZ111,MoWe,08:50am,09:15am,"Avakian,Regina"
COMS 151L,10920,MZ115,MoWe,08:50am,09:15am,"Carter,Hannah Lovise"
COMS 151L,10921,MZ363,MoWe,08:50am,09:15am,"Howard,Alexander F"
COMS 151L,10922,MZ124,MoWe,08:50am,09:15am,"Fleming,Mikaela M"
COMS 151L,10923,MZ111,MoWe,10:20am,10:45am,"Farrell,Mark David"
COMS 151L,10924,MZ115,MoWe,10:20am,10:45am,"Bessey,Brad"
COMS 151L,10925,MZ363,MoWe,10:20am,10:45am,"Avakian,Regina"
COMS 151L,10926,ED1122,MoWe,10:20am,10:45am,"Carter,Hannah Lovise"
COMS 151L,10927,MZ111,MoWe,11:50am,12:15pm,"Farrell,Mark David"
COMS 151L,10928,SH234,MoWe,08:50am,09:15am,"Galper,Emily"
COMS 151L,10929,MZ363,MoWe,01:20pm,01:45pm,"Melikian,Lynette"
COMS 151L,10930,SH224,MoWe,01:20pm,01:45pm,"Galper,Emily"
COMS 151L,10931,MZ111,TuTh,08:50am,09:15am,"Berry,Jennifer L"
COMS 151L,10932,MZ115,TuTh,08:50am,09:15am,"Bruell Hofmann,Michelle Lee"
COMS 151L,10933,MZ363,TuTh,08:50am,09:15am,"Brownlee,Michelle"
COMS 151L,10934,MZ113,TuTh,08:50am,09:15am,"Edwards,Lawrance"
COMS 151L,10935,MZ115,TuTh,10:20am,10:45am,"Rodriguez,Gabriella"
COMS 151L,10936,MZ124,TuTh,10:20am,10:45am,"McDaniel,Genna Rose"
COMS 151L,10937,MZ111,TuTh,11:50am,12:15pm,"Raycheva,Milena Ivanova"
COMS 151L,10938,SH391,TuTh,08:50am,09:15am,"Lohse,Jenna Lynn"
COMS 151L,10939,MZ115,TuTh,01:20pm,01:45pm,"Shalhoub,Reem Zeina"
COMS 151L,10940,MZ363,TuTh,01:20pm,01:45pm,"Alomar Dilan,Ninangely"
COMS 151L,10941,MZ111,TuTh,10:20am,10:45am,"Bruell Hofmann,Michelle Lee"
COMS 151L,10942,MZ113,TuTh,11:50am,12:15pm,"Washburne,Patrice A"
COMS 151L,11188,MZ113,Fr,09:55am,10:45am,"Swett,Karen L"
COMS 151L,11190,SH264,Tu,02:50pm,03:15pm,"Berry,Jennifer L"
COMS 151L,11192,SQ109,TuTh,02:50pm,03:15pm,"Gevorkian,Monique"
COMS 151L,11194,CR5126,MoWe,11:50am,12:15pm,"Howard,Alexander F"
COMS 151L,11253,SH234,Mo,05:55pm,06:45pm,"Tessman,Janice W"
COMS 151L,11255,MZ111,Th,05:55pm,06:45pm,"Milliken,Casey J"
COMS 151L,11261,JR315,MoWe,01:20pm,01:45pm,"Bessey,Brad"
COMS 151L,11268,SG109,MoWe,01:20pm,01:45pm,"Lohse,Jenna Lynn"
COMS 151L,11272,JD3502,MoWe,01:20pm,01:45pm,"Newton,Aimee C"
COMS 151L,11281,JD1593,MoWe,02:50pm,03:15pm,"Newton,Aimee C"
COMS 151L,11372,JD2522,MoWe,02:50pm,03:15pm,"Martinez,Fernando Antonio"
COMS 151L,11377,JR354,MoWe,02:50pm,03:15pm,"Menjivar,Michelle I"
COMS 151L,11418,SH309,MoWe,02:50pm,03:15pm,"Fleming,Mikaela M"
COMS 151L,11419,CY111,TuTh,01:20pm,01:45pm,"Ashoori,Jasmine Y"
COMS 151L,11420,CR5126,TuTh,01:20pm,01:45pm,"Marshall,Jennifer A"
COMS 151L,11529,MZ363,We,08:55pm,09:45pm,"Ayala,Joseph Daniel"
COMS 151L,11532,SH305,Tu,05:55pm,06:45pm,"Ashoori,Jasmine Y"
COMS 151L,11533,JR201,TuTh,10:20am,10:45am,"Marshall,Jennifer A"
COMS 195,10314,MZ215,Th,04:00pm,06:45pm,"Lemuel,Joel M"
COMS 199,10315,MZ217,Th,04:00pm,06:45pm,"Huell,Jade C"
COMS 225,10575,JD2522,MoWe,09:30am,10:20am,"Thompson,Lindsay Brooke"
COMS 225,10516,SH234,TuTh,08:00am,08:50am,"Wang,Sarina"
COMS 225,10728,NH209,We,04:00pm,05:55pm,"Kwack,Jessica"
COMS 225,10729,SH266,Mo,04:00pm,05:55pm,"Menjivar,Michelle I"
COMS 225L,10576,JD2522,MoWe,10:20am,10:45am,"Thompson,Lindsay Brooke"
COMS 225L,10517,SH234,TuTh,08:50am,09:15am,"Wang,Sarina"
COMS 225L,10730,NH209,We,05:55pm,06:45pm,"Kwack,Jessica"
COMS 225L,10731,SH266,Mo,05:55pm,06:45pm,"Menjivar,Michelle I"
COMS 251,11618,MZ112,TuTh,09:30am,10:45am,"LeRette,Denise"
COMS 301,10856,JD1553,MoWe,12:30pm,01:45pm,"McDonald,Kevin P"
COMS 301,11221,MZ114,MoWe,02:00pm,03:15pm,"McRaven,Amanda M"
COMS 301,10499,MZ114,TuTh,12:30pm,01:45pm,"Prasad,Pavithra"
COMS 301,10493,MZ114,TuTh,02:00pm,03:15pm,"Prasad,Pavithra"
COMS 301,10631,SH321,We,04:00pm,06:45pm,"McDonald,Kevin P"
COMS 301,11466,ONLINE, ,TBA,TBA,"McRaven,Amanda M"
COMS 303,11196,MZ115,Th,04:00pm,06:45pm,"Prasad,Pavithra"
COMS 303,11341,NH106,Tu,04:00pm,06:45pm,"Milliken,Casey J"
COMS 304,10739,MZ217,TuTh,09:30am,10:45am,"Simpson,Helen"
COMS 304,11228,MZ217,TuTh,11:00am,12:15pm,"Huell,Jade C"
COMS 309,10533,MZ363,TuTh,02:00pm,03:15pm,"Marshall,Jennifer A"
COMS 309,11225,RE151,MoWe,11:00am,12:15pm,"Paramonova,Emily L"
COMS 309,11266,JD2524,MoWe,09:30am,10:45am,"Washburne,Patrice A"
COMS 309,10880,SH285,TuTh,02:00pm,03:15pm,"Picarelli,Ronda R"
COMS 309,10544,MZ115,Fr,11:00am,01:45pm,"Swett,Karen L"
COMS 309,10884,MZ115,Sa,11:00am,12:15pm,"Baty,Jessica"
COMS 309,10885,MZ115,Sa,12:30pm,01:45pm,"Baty,Jessica"
COMS 309,11621,MZ363,Mo,02:00pm,03:15pm,"Anderson,Darla R"
COMS 309,11712,MZ363,We,02:00pm,03:15pm,"Tessman,Janice W"
COMS 309,11713,RE151,MoWe,12:30pm,01:45pm,"Heidt,Stephen"
COMS 309,11714,EU131,MoWe,11:00am,12:15pm,"Heidt,Stephen"
COMS 309,11715,JR304,TuTh,12:30pm,01:45pm,"Ruh,Christopher"
COMS 309,11865,JD1593,TuTh,02:00pm,03:15pm,"Ruh,Christopher"
COMS 309,11866,CR5209,Tu,04:00pm,06:45pm,"DeLarkin,Iliana P"
COMS 315,12050,MZ115,TuTh,02:00pm,03:15pm,"Marston,Peter J"
COMS 320,10495,MZ114,Fr,08:00am,10:45am,"Litke,Rebecca A"
COMS 321,10527,MZ111,Mo,12:30pm,01:45pm,"Anderson,Darla R"
COMS 321,11222,MZ111,We,12:30pm,01:45pm,"Carrillo Rowe,Aimee M"
COMS 321,10545,MZ115,Tu,11:00am,12:15pm,"McDonald,Kevin P"
COMS 321,10721,MZ115,Th,11:00am,12:15pm,"McDonald,Kevin P"
COMS 321,10888,MZ101,Tu,04:00pm,06:45pm,"McDonald,Kevin P"
COMS 321,10889,BB1117,MoWe,09:30am,10:45am,"Heidt,Stephen"
COMS 321,10890,MZ115,Fr,09:30am,10:45am,"Parker,Todd L"
COMS 321,11467,MZ124,Fr,11:00am,12:15pm,"Parker,Todd L"
COMS 321,11616,ONLINE, ,TBA,TBA,"Anderson,Darla R"
COMS 323,10519,MZ114,MoWe,09:30am,10:45am,"Paramonova,Emily L"
COMS 323,11230,JD1555,MoWe,12:30pm,01:45pm,"Paramonova,Emily L"
COMS 323,10505,MZ122,TuTh,09:30am,10:45am,"Paramonova,Emily L"
COMS 323,11262,SH106,TuTh,08:00am,09:15am,"Paramonova,Emily L"
COMS 323,11198,MZ114,MoWe,08:00am,09:15am,"Washburne,Patrice A"
COMS 323,10886,MZ122,Tu,04:00pm,06:45pm,"Gilinets,Lea S"
COMS 323,10506,SH380,Mo,04:00pm,06:45pm,"Hessamian,Gigi K"
COMS 323,11617,SH182,TuTh,08:00am,09:15am,"LeRette,Denise"
COMS 323,11706,SH284,TuTh,12:30pm,01:45pm,"Gevorkian,Monique"
COMS 323,11707,NH209,TuTh,12:30pm,01:45pm,"Washburne,Patrice A"
COMS 323,11708,MZ103,MoWe,02:00pm,03:15pm,"LeRette,Denise"
COMS 323,11709,SH321,Th,04:00pm,06:45pm,"Gilinets,Lea S"
COMS 323,11710,SH380,We,04:00pm,06:45pm,"Ayala,Joseph Daniel"
COMS 323,11711,SH321,MoWe,11:00am,12:15pm,"Carter,Hannah Lovise"
COMS 325,11627,MZ124,TuTh,12:30pm,01:45pm,"Edwards,Lawrance"
COMS 327,10496,MZ122,TuTh,12:30pm,01:45pm,"Marston,Peter J"
COMS 327,10534,JD3510,MoWe,09:30am,10:45am,"Silverstein,Andrew Young"
COMS 327,10618,JD3510,TuTh,12:30pm,01:45pm,"Baty,Jessica"
COMS 327,11223,MZ112,Th,04:00pm,06:45pm,"Baty,Jessica"
COMS 327,11470,ONLINE, ,TBA,TBA,"Roy,Jeffrey"
COMS 350,10529,MZ114,Th,04:00pm,06:45pm,"Litke,Rebecca A"
COMS 350,11902,TBA, ,TBA,TBA,Staff
COMS 351,10630,MZ122,Mo,04:00pm,06:45pm,"Murray,Darrin S"
COMS 351,10666,MZ122,We,05:30pm,06:45pm,"Tindage,Melissa"
COMS 351,10528,ONLINE, ,TBA,TBA,"Gallegos,Monica L"
COMS 351,11224,ONLINE, ,TBA,TBA,"Gallegos,Monica L"
COMS 351,11458,JD3510,MoWe,12:30pm,01:45pm,"Murray,Darrin S"
COMS 351,11614,SG105,Tu,09:30am,10:45am,"DeLarkin,Iliana P"
COMS 356,10862,MZ114,MoWe,11:00am,12:15pm,"Silverstein,Andrew Young"
COMS 356,11251,MZ114,MoWe,12:30pm,01:45pm,"Sorrells,Kathryn"
COMS 356,10530,MZ114,Mo,04:00pm,06:45pm,"Sorrells,Kathryn"
COMS 356,11282,ONLINE, ,TBA,TBA,"Nucum,Dinah L"
COMS 356,10543,ONLINE, ,TBA,TBA,"Nucum,Dinah L"
COMS 356,11378,MZ122,Th,07:00pm,09:45pm,"Menjivar,Michelle I"
COMS 356,10531,MZ114,We,07:00pm,08:15pm,"Weiss,Justin M"
COMS 356,11374,MZ114,We,08:30pm,09:45pm,"Weiss,Justin M"
COMS 356,10711,ONLINE, ,TBA,TBA,"Murray,Darrin S"
COMS 356,11257,ONLINE, ,TBA,TBA,"Murray,Darrin S"
COMS 356,10740,ONLINE, ,TBA,TBA,"Hessamian,Gigi K"
COMS 356,11519,ONLINE, ,TBA,TBA,"Hessamian,Gigi K"
COMS 356,11523,ONLINE, ,TBA,TBA,"Weiss,Justin M"
COMS 356,11611,ONLINE, ,TBA,TBA,"Weiss,Justin M"
COMS 356,11612,MZ112,TuTh,02:00pm,03:15pm,"Gobin,Kristo V"
COMS 356,11613,MZ114,TuTh,08:00am,09:15am,"Silverstein,Andrew Young"
COMS 356,11667,SH280,TuTh,11:00am,12:15pm,"Silverstein,Andrew Young"
COMS 356,11698,SH384,Tu,04:00pm,06:45pm,"Gobin,Kristo V"
COMS 356,11699,SG103,MoWe,02:00pm,03:15pm,"Kwack,Jessica"
COMS 356,11700,ONLINE, ,TBA,TBA,"Opdycke,Kelly Louise"
COMS 356,11701,ONLINE,We,04:00pm,06:45pm,"Attias,Bernardo A"
COMS 356,11702,MZ114,Tu,04:00pm,06:45pm,"Attias,Bernardo A"
COMS 360,10872,MZ114,TuTh,09:30am,10:45am,"Gobin,Kristo V"
COMS 360,11269,JD3504,TuTh,12:30pm,01:45pm,"Kwack,Jessica"
COMS 360,10594,MZ103,TuTh,09:30am,10:45am,"Picarelli,Ronda R"
COMS 360,10891,SH108,We,04:00pm,06:45pm,"Hessamian,Gigi K"
COMS 360,11494,ONLINE, ,TBA,TBA,"Clark Mane,Rebecca L"
COMS 360,11520,SG105,MoWe,09:30am,10:45am,"Picarelli,Ronda R"
COMS 360,11619,ONLINE, ,TBA,TBA,"Gharabighi,Anasheh"
COMS 360,11690,ONLINE, ,TBA,TBA,"Gharabighi,Anasheh"
COMS 360,11691,MZ122,MoWe,02:00pm,03:15pm,"Opdycke,Kelly Louise"
COMS 395,11773,MZ215,Th,04:00pm,06:45pm,"Lemuel,Joel M"
COMS 396F,20754,MZ113,MoWe,11:00am,12:15pm,"Giotta,Gina N"
COMS 396H,20755,TBA, ,TBA,TBA,Staff
COMS 399,11914,MZ217,Th,04:00pm,06:45pm,"Huell,Jade C"
COMS 401,11197,MZ217,MoWe,11:00am,12:15pm,"McRaven,Amanda M"
COMS 401,11227,MZ217,TuTh,12:30pm,01:45pm,"Simpson,Helen"
COMS 401,11724,MZ217,Mo,04:00pm,06:45pm,"McRaven,Amanda M"
COMS 404,10855,JR301,We,04:00pm,06:45pm,"Marston,Peter J"
COMS 404,11726,BB1107,Tu,04:00pm,06:45pm,"Baty,Jessica"
COMS 406,11774,TBA,Th,04:00pm,06:45pm,"Huell,Jade C"
COMS 410,11473,TBA, ,TBA,TBA,Staff
COMS 410,11731,MZ217,Fr,02:00pm,04:45pm,"Simpson,Helen"
COMS 420,11649,MZ114,Th,07:00pm,09:45pm,"Litke,Rebecca A"
COMS 425,10577,MZ363,MoWe,11:00am,12:15pm,"Kephart III,John M"
COMS 425,11471,MZ111,TuTh,02:00pm,03:15pm,"Kwack,Jessica"
COMS 425,11878,TBA, ,TBA,TBA,Staff
COMS 428,10497,MZ122,Th,04:00pm,06:45pm,"Attias,Bernardo A"
COMS 430,10498,MZ363,Tu,04:00pm,06:45pm,"Kephart III,John M"
COMS 430,11474,MZ115,Fr,02:00pm,04:45pm,"Clark Mane,Rebecca L"
COMS 430,11716,MZ115,MoWe,02:00pm,03:15pm,"Hessamian,Gigi K"
COMS 431,10492,MZ122,TuTh,11:00am,12:15pm,"Keating,Dave"
COMS 431,11746,MZ101,Mo,04:00pm,06:45pm,"Christensen,Morten"
COMS 435,11342,MZ115,MoWe,11:00am,12:15pm,"Sorrells,Kathryn"
COMS 435,11469,MZ115,We,04:00pm,06:45pm,"Sorrells,Kathryn"
COMS 437,10172,MZ122,Sa,09:00am,11:45am,"Marshall,Jennifer A"
COMS 440,11484,MZ363,Mo,04:00pm,06:45pm,"Carrillo Rowe,Aimee M"
COMS 440,11485,MZ363,We,04:00pm,06:45pm,"Clark Mane,Rebecca L"
COMS 440,11720,MZ363,Fr,08:00am,10:45am,"Carrillo Rowe,Aimee M"
COMS 442,11476,TBA, ,TBA,TBA,Staff
COMS 442,11518,TBA, ,TBA,TBA,Staff
COMS 444,10727,SH192,Mo,04:00pm,06:45pm,"Opdycke,Kelly Louise"
COMS 444,11638,ONLINE, ,TBA,TBA,"Opdycke,Kelly Louise"
COMS 445,10578,MZ122,TuTh,02:00pm,03:15pm,"Attias,Bernardo A"
COMS 446,11483,JD2528,MoWe,02:00pm,03:15pm,"Clark Mane,Rebecca L"
COMS 448,10633,MZ115,Tu,04:00pm,06:45pm,"Marston,Peter J"
COMS 448,11881,MZ363,Fr,11:00am,01:45pm,"Clark Mane,Rebecca L"
COMS 450,10726,MZ115,MoWe,12:30pm,01:45pm,"Tindage,Melissa"
COMS 450,11472,TBA, ,TBA,TBA,Staff
COMS 450,11626,MZ111,TuTh,12:30pm,01:45pm,"Keating,Dave"
COMS 451,10532,BB1131,MoWe,02:00pm,03:15pm,"Murray,Darrin S"
COMS 451,11729,ONLINE, ,TBA,TBA,"DeLarkin,Iliana P"
COMS 452,11475,TBA, ,TBA,TBA,Staff
COMS 453,10494,MZ122,MoWe,09:30am,10:45am,"Lemus,Daisy R"
COMS 454,10662,MZ363,TuTh,09:30am,10:45am,"Christensen,Morten"
COMS 454,11226,MZ363,TuTh,11:00am,12:15pm,"Christensen,Morten"
COMS 454,11229,MZ363,Mo,07:00pm,09:45pm,"Giotta,Gina N"
COMS 464,11628,TBA, ,TBA,TBA,Staff
COMS 494,11639,SH285,Tu,08:00am,09:15am,"Picarelli,Ronda R"
COMS 494L,11640,ONLINE, ,TBA,TBA,"Picarelli,Ronda R"
COMS 600,10504,MZ115,Mo,07:00pm,09:45pm,"Kephart III,John M"
COMS 603,11643,MZ111,Mo,04:00pm,06:45pm,"Prasad,Pavithra"
COMS 610,11967,MZ111,Tu,04:00pm,06:45pm,"Huell,Jade C"
COMS 633,11487,MZ111,We,07:00pm,09:45pm,"Giotta,Gina N"
COMS 634,11488,MZ111,Tu,07:00pm,09:45pm,"Lemuel,Joel M"
COMS 650,11486,MZ111,Th,07:00pm,09:45pm,"Keating,Dave"
COMS 698C,10389,TBA, ,TBA,TBA,"Attias,Bernardo A"
COMS 698C,11927,TBA, ,TBA,TBA,"Kephart III,John M"
COMS 698C,11928,TBA, ,TBA,TBA,"Keating,Dave"
COMS 698C,11930,TBA, ,TBA,TBA,"Attias,Bernardo A"
COMS 698C,11931,TBA, ,TBA,TBA,"Giotta,Gina N"
