JOUR 100,11847,MZ361,MoWe,02:00pm,03:15pm,"Kim,Taehyun"
JOUR 100,11848,MZ361,TuTh,11:00am,12:15pm,"Kim,Taehyun"
JOUR 104,12071,MZ361,Mo,01:00pm,01:50pm,"Long,Stacy K"
JOUR 110,11917,MZ101,Mo,10:00am,11:40am,"Bluestein,Stephanie A"
JOUR 110,11918,TBA, ,TBA,TBA,Staff
JOUR 110,11919,MZ211,Tu,09:00am,10:40am,"Kim,Taehyun"
JOUR 110,11921,MZ211,Tu,02:00pm,03:40pm,"Bien,Julie S"
JOUR 110L,11924,MZ360,We,10:00am,11:40am,"Bluestein,Stephanie A"
JOUR 110L,11925,TBA, ,TBA,TBA,Staff
JOUR 110L,11926,MZ211,Th,09:00am,10:40am,"Kim,Taehyun"
JOUR 110L,11937,MZ360,Th,02:00pm,03:40pm,"Bien,Julie S"
JOUR 210,11940,MZ213,Mo,12:30pm,02:10pm,"Principe,Darleen Lizbeth"
JOUR 210,11941,MZ213,Tu,07:00pm,08:40pm,"Whyte,Timothy J"
JOUR 210,11942,MZ213,Tu,08:00am,09:40am,"Principe,Darleen Lizbeth"
JOUR 210,11944,MZ213,Tu,10:00am,11:40am,"Bien,Julie S"
JOUR 210L,11946,MZ211,We,12:30pm,02:10pm,"Principe,Darleen Lizbeth"
JOUR 210L,11947,MZ360,Th,07:00pm,08:40pm,"Whyte,Timothy J"
JOUR 210L,11948,MZ360,Th,08:00am,09:40am,"Principe,Darleen Lizbeth"
JOUR 210L,11950,MZ360,Th,10:00am,11:40am,"Bien,Julie S"
JOUR 225,20582,MZ211,Tu,11:00am,01:45pm,"Macchiarella,Gretchen"
JOUR 225,20583,MZ211,Th,11:00am,01:45pm,"Macchiarella,Gretchen"
JOUR 225,21193,MZ211,Mo,12:30pm,03:15pm,"Fonseca,Ryan A"
JOUR 225,21194,MZ150E,We,09:00am,11:45am,"Bender,Aron W"
JOUR 225,21261,MZ360,Fr,11:00am,01:45pm,"Bender,Aron W"
JOUR 250,10416,MZ361,TuTh,09:30am,10:45am,"Thuente,Terri L"
JOUR 250,10412,MZ101,MoWe,02:00pm,03:15pm,"Grewe,David L"
JOUR 255,12068,MZ361,Th,04:00pm,06:45pm,"Zheng,Yue"
JOUR 310,11752,TBA, ,TBA,TBA,Staff
JOUR 310,11753,TBA, ,TBA,TBA,Staff
JOUR 310,11754,MZ360,We,02:30pm,05:15pm,"Principe,Darleen Lizbeth"
JOUR 315,10084,MZ360,Tu,01:00pm,03:45pm,"Turner,Sarah L"
JOUR 315,10085,TBA, ,TBA,TBA,Staff
JOUR 325,10086,MZ150E,Th,02:00pm,04:45pm,"Grewe,David L"
JOUR 325,11401,MZ211,Mo,09:30am,12:15pm,"Macchiarella,Gretchen"
JOUR 325,11526,TBA, ,TBA,TBA,Staff
JOUR 335,10088,MZ150E,Tu,09:00am,12:45pm,"Turner,Sarah L"
JOUR 341,11756,MZ211,Mo,04:00pm,06:45pm,"Cathcart,Christopher"
JOUR 341,11758,MZ360,Tu,09:30am,12:15pm,"Zheng,Yue"
JOUR 350,11759,MZ211,We,03:30pm,06:15pm,"Grewe,David L"
JOUR 365,12077,MZ101,TuTh,02:00pm,03:15pm,"Eisenstock,Barbara A"
JOUR 371,10501,SH386,TuTh,09:30am,10:45am,"Eisenstock,Barbara A"
JOUR 371,11955,MZ361,MoWe,09:30am,10:45am,"Eisenstock,Barbara A"
JOUR 372,10423,SH120,TuTh,11:00am,12:15pm,"Eisenstock,Barbara A"
JOUR 374SLJ,10521,MZ101,We,09:00am,11:45am,"Diaz Santillan,Eder"
JOUR 390,11399,MZ361,Th,01:00pm,03:45pm,"Blakey,Elizabeth E"
JOUR 395B,10090,TBA, ,TBA,TBA,"Davis,Benjamin"
JOUR 395C,12073,MZ360,We,12:30pm,02:10pm,"Turner,Sarah L"
JOUR 397B,10092,TBA, ,TBA,TBA,"Ward,Arvli"
JOUR 397C,12079,MZ140,Mo,09:30am,11:10am,"Ward,Arvli"
JOUR 398B,10417,TBA, ,TBA,TBA,"Long,Stacy K"
JOUR 398C,12075,MZ213,Mo,09:30am,11:10am,"Long,Stacy K"
JOUR 400,10094,MZ361,We,11:00am,01:45pm,"Blakey,Elizabeth E"
JOUR 400,10095,MZ361,Mo,04:00pm,06:45pm,"Blakey,Elizabeth E"
JOUR 410,11760,MZ360,Th,04:00pm,06:45pm,"Blumenkrantz,David A"
JOUR 415,11762,MZ211,Tu,05:00pm,07:45pm,"Davis,Benjamin"
JOUR 430,12078,MZ150E,We,02:30pm,05:15pm,"Turner,Sarah L"
JOUR 440,11764,MZ112,Fr,11:00am,01:45pm,"DeVeaux,Marcella"
JOUR 445,10096,MZ150E,Mo,11:00am,04:45pm,"Davis,Benjamin"
JOUR 450,11765,MZ211,We,03:30pm,06:15pm,"Grewe,David L"
JOUR 480,11398,MZ101,MoWe,12:30pm,01:45pm,"Benavides,Jose Luis"
JOUR 491,20631,TBA, ,TBA,TBA,Staff
JOUR 494AEE,11771,TBA, ,TBA,TBA,"Bluestein,Stephanie A"
JOUR 494BEE,11772,TBA, ,TBA,TBA,"Bluestein,Stephanie A"
JOUR 495MDS,12066,MZ150E,Th,11:00am,01:45pm,"Grewe,David L"
JOUR 498,10665,MZ212,Tu,09:00am,09:50am,"Gerson,Daniela H"
JOUR 498,10659,MZ212,Th,11:00am,11:50am,"Blumenkrantz,David A"
JOUR 498,10838,MZ212,We,10:00am,10:50am,"Benavides,Jose Luis"
JOUR 498,10099,MZ212,Mo,12:00pm,12:50pm,"Kim,Taehyun"
JOUR 585,10097,MZ361,We,07:00pm,09:45pm,"Blakey,Elizabeth E"
