MKT 304,13415,NA101,Mo,09:30am,10:45am,"Gosselin,Keith A"
MKT 304,13448,NA101,We,09:30am,10:45am,"Gosselin,Keith A"
MKT 304,13970,NA101,Tu,04:00pm,06:45pm,"Vigneron,Franck"
MKT 304,13777,NA101,Th,07:00pm,09:45pm,"Moran,Nora"
MKT 304,13496,NA101,Sa,09:30am,10:45am,"Keyani,Sean Maziar"
MKT 304,13502,NA101,Sa,11:00am,12:15pm,"Keyani,Sean Maziar"
MKT 304,13910,ONLINE, ,TBA,TBA,"Bessolo,Michael S"
MKT 304,13850,ONLINE, ,TBA,TBA,"Bessolo,Michael S"
MKT 346,13968,BB1129,Mo,07:00pm,09:45pm,"Shulman,Arthur J"
MKT 346,13709,BB2125,MoWe,12:30pm,01:45pm,"Sun,Qin"
MKT 346,13878,BB2125,MoWe,02:00pm,03:15pm,"Sun,Qin"
MKT 346,13972,BB2212,TuTh,03:30pm,04:45pm,"Ackerman,David S"
MKT 346,13953,BB1127,TuTh,11:00am,12:15pm,"Wen,Na"
MKT 346,13957,BB1127,TuTh,12:30pm,01:45pm,"Wen,Na"
MKT 348,13416,NA101,TuTh,12:30pm,01:45pm,"Beruchashvili,Mariam"
MKT 348,13967,BB1127,TuTh,03:30pm,04:45pm,"Beruchashvili,Mariam"
MKT 348,13855,BB1133,We,07:00pm,09:45pm,"Shulman,Arthur J"
MKT 348,13778,BB1212,Fr,09:00am,11:45am,"Keysor,Jennifer"
MKT 348,13903,BB1204,Fr,01:00pm,03:45pm,"Shulman,Arthur J"
MKT 350,13858,BB1133,Tu,09:30am,10:45am,"Walker,Kristen L"
MKT 350,13876,BB1133,Tu,11:00am,12:15pm,"Walker,Kristen L"
MKT 350,13950,BB1133,Th,09:30am,10:45am,"Walker,Kristen L"
MKT 350,13951,BB1133,Th,11:00am,12:15pm,"Moran,Nora"
MKT 356,13857,BB2107,Mo,12:30pm,03:15pm,"Huang,Dongling"
MKT 356,13904,BB2107,Tu,12:30pm,03:15pm,"Huang,Dongling"
MKT 440,13417,BB1204,We,08:00am,09:15am,"Gosselin,Keith A"
MKT 442,13768,BB1212,Mo,03:30pm,06:15pm,"Kim,Robert John"
MKT 443,13418,BB1212,Fr,12:30pm,03:15pm,"Keysor,Jennifer"
MKT 445,13848,BB1129,MoWe,05:00pm,06:15pm,"Sun,Qin"
MKT 448,13887,BB1127,Mo,07:00pm,09:45pm,"Lloyd,Mike J"
MKT 448,13969,BB1127,We,07:00pm,09:45pm,"Smith,Roger N"
MKT 448,13807,BB1204,TuTh,12:30pm,01:45pm,"Tran,Henry D"
MKT 448,13902,BB1127,TuTh,05:00pm,06:15pm,"Tran,Henry D"
MKT 449,13521,BB1133,Mo,12:30pm,01:45pm,"Houser,Kristin F"
MKT 449,13522,BB1133,Mo,02:00pm,03:15pm,"Christopher,Violet Z"
MKT 449,13497,BB1127,Tu,07:00pm,09:45pm,"Ackerman,David S"
MKT 449,13578,BB1127,TuTh,02:00pm,03:15pm,"Ackerman,David S"
MKT 449,13919,ONLINE, ,TBA,TBA,"Houser,Kristin F"
MKT 449,13971,ONLINE, ,TBA,TBA,"Griffin,Joy B"
MKT 459,13877,BB1127,MoWe,05:00pm,06:15pm,"Lloyd,Mike J"
MKT 459,20563,TBA, ,TBA,TBA,Staff
MKT 498A,13713,TBA, ,TBA,TBA,"Heisley,Deborah"
MKT 498B,13714,TBA, ,TBA,TBA,"Heisley,Deborah"
MKT 498C,13710,ONLINE, ,TBA,TBA,"Griffin,Joy B"
MKT 498C,13711,ONLINE, ,TBA,TBA,"Griffin,Joy B"
MKT 498C,13934,ONLINE, ,TBA,TBA,"Kiesler,Tina L"
MKT 498C,13991,ONLINE, ,TBA,TBA,"Kiesler,Tina L"
MKT 499A,13449,ONLINE, ,TBA,TBA,"Walker,Kristen L"
MKT 499B,13452,TBA, ,TBA,TBA,"Walker,Kristen L"
MKT 499C,13455,TBA, ,TBA,TBA,"Walker,Kristen L"
MKT 640,13419,BB1103,Mo,07:00pm,09:45pm,"Vigneron,Franck"
MKT 647,13920,BB2107,Mo,07:00pm,09:45pm,"Huang,Dongling"
MKT 699,13458,TBA, ,TBA,TBA,Staff
