SOM 120,13673,BB1232,MoWe,02:00pm,03:15pm,"Sankaran,Siva R"
SOM 120,13868,BB1232,MoWe,08:00am,09:15am,"Vessal,Ahmad"
SOM 120,13869,BB1232,Fr,11:00am,01:45pm,"Wedel,Thomas"
SOM 120,13870,BB1232,MoWe,09:30am,10:45am,"Vessal,Ahmad"
SOM 120,13871,BB1232,TuTh,09:30am,10:45am,"Gupta,Akash"
SOM 120,13946,BB1232,TuTh,12:30pm,01:45pm,"Gupta,Akash"
SOM 306,13576,NA101,MoWe,12:30pm,01:45pm,"Asef-Vaziri,Ardavan"
SOM 306,13872,NA101,Th,04:00pm,06:45pm,"Tierney,Jane E"
SOM 306,13873,JA100,We,07:00pm,09:45pm,"Karimi,Zari"
SOM 306,13874,NA101,TuTh,09:30am,10:45am,"Li,Kunpeng"
SOM 306,13875,EH2132,Fr,11:00am,01:45pm,"Yao,Chi-Chuan A"
SOM 306,13923,BB1230,Mo,02:00pm,04:45pm,"Yao,Chi-Chuan A"
SOM 306,13931,BB1230,We,04:00pm,06:45pm,"Yao,Chi-Chuan A"
SOM 306,13947,BB1230,TuTh,09:30am,10:45am,"Behnezhad,Ali"
SOM 306,13948,BB1230,TuTh,12:30pm,01:45pm,"Behnezhad,Ali"
SOM 306,13949,BB1230,MoWe,11:00am,12:15pm,"Gharehgozli,Amir"
SOM 306,13985,BB2206,We,02:00pm,04:45pm,"Karimi,Zari"
SOM 307,13986,BB2125,MoWe,05:30pm,06:45pm,"Asef-Vaziri,Ardavan"
SOM 416,13478,BB2206,Th,07:00pm,09:45pm,"Mehrzai,Fareen A"
SOM 464,13637,JD1551,Mo,07:00pm,09:45pm,"Yao,Chi-Chuan A"
SOM 466,13896,BB1240,We,07:00pm,09:45pm,"Eisenbrand,Gregory D"
SOM 467,13400,BB2206,Tu,07:00pm,09:45pm,"Houshmand Azad,Kaveh"
SOM 485,13401,BB2212,Th,07:00pm,09:45pm,"Sankaran,Siva R"
SOM 498A,13836,TBA, ,TBA,TBA,Staff
SOM 498C,13752,TBA, ,TBA,TBA,Staff
SOM 499C,13444,TBA, ,TBA,TBA,Staff
SOM 686,13402,BB1232,We,07:00pm,09:45pm,"Wedel,Thomas"
SOM 699,13445,TBA, ,TBA,TBA,Staff
