{
  "version": "1.0",
  "defaultProvider": "cdnjs",
  "libraries": [
    {
      "library": "popper.js@1.15.0",
      "destination": "wwwroot/lib/popper.js/"
    },
    {
      "library": "jquery@3.4.1",
      "destination": "wwwroot/lib/jquery/"
    },
    {
      "library": "twitter-bootstrap@4.3.1",
      "destination": "wwwroot/lib/twitter-bootstrap/"
    },
    {
      "provider": "unpkg",
      "library": "bootstrap@4.3.1",
      "destination": "wwwroot/lib/bootstrap/"
    }
  ]
}