AFRS  99|WRITER'S WORKSHOP|12408|TBA|TBA|TBA|TBA|"Broadous,Deborakh A"
AFRS 100|BLK STUD & CULTUR|12649|SH284|TuTh|02:00pm|03:15pm|"Glocke,Aimee M"
AFRS 100|BLK STUD & CULTUR|12691|SH284|Fr|11:00am|01:45pm|"Turner,Monica L"
AFRS 100EOP|BLK STUD & CULTUR|12319|SH102|MoWe|09:30am|10:45am|"Turner,Monica L"
AFRS 113A|APPR UNIV WRTNG A|12559|SH106|TuTh|09:30am|10:45am|"Glocke,Aimee M"
AFRS 113AOP|APPR UNIV WRTNG A|12797|SH310|MoWe|11:00am|12:15pm|"Shaw,Melanie S"
AFRS 113AOP|APPR UNIV WRTNG A|12985|SH310|MoWe|12:30pm|01:45pm|"Turner,Monica L"
AFRS 115|APPR UNIV WRITING|12564|SH310|MoWe|08:00am|09:15am|"Lo,Sheba AK"
AFRS 115|APPR UNIV WRITING|12892|SH310|MoWe|09:30am|10:45am|"Kennon,Raquel D"
AFRS 115|APPR UNIV WRITING|12893|SH264|TuTh|12:30pm|01:45pm|"Robinson,Janice"
AFRS 115|APPR UNIV WRITING|13063|SH267|TuTh|08:00am|09:15am|"Robinson,Janice"
AFRS 115|APPR UNIV WRITING|13381|SH371|TuTh|02:00pm|03:15pm|"Broadous,Deborakh A"
AFRS 115|APPR UNIV WRITING|13397|SH234|TuTh|09:30am|10:45am|"Broadous,Deborakh A"
AFRS 151|FRESH SPEECH COMM|12586|BB1238|MoWe|09:30am|10:45am|"Shaw,Melanie S"
AFRS 151|FRESH SPEECH COMM|12650|SH287|MoWe|08:00am|09:15am|"Turner,Monica L"
AFRS 151|FRESH SPEECH COMM|12773|SH287|Fr|08:00am|10:45am|"Turner,Monica L"
AFRS 151|FRESH SPEECH COMM|12848|SH310|Fr|11:00am|01:45pm|"Shaw,Melanie S"
AFRS 151EOP|FRESH SPEECH COMM|12318|SH310|MoWe|02:00pm|03:15pm|"Shaw,Melanie S"
AFRS 161|AM POL INST BLK|12128|SH309|Mo|04:00pm|06:45pm|"Simmons,James M"
AFRS 161|AM POL INST BLK|12314|SH184|MoWe|11:00am|12:15pm|"Gatlin,Darryle J"
AFRS 161|AM POL INST BLK|13235|SH203|MoWe|02:00pm|03:15pm|"Simmons,James M"
AFRS 161|AM POL INST BLK|13236|SH279|TuTh|11:00am|12:15pm|"Gatlin,Darryle J"
AFRS 161|AM POL INST BLK|20702|SH203|Th|07:00pm|09:45pm|"Henry,James L"
AFRS 161|AM POL INST BLK|20703|SH268|Fr|11:00am|01:45pm|"Richards,Victoria D"
AFRS 161|AM POL INST BLK|20716|ONLINE|TBA|TBA|TBA|"Stanford,Karin L"
AFRS 161|AM POL INST BLK|20717|ONLINE|TBA|TBA|TBA|"Stanford,Karin L"
AFRS 161|AM POL INST BLK|21346|ONLINE|TBA|TBA|TBA|"Stanford,Karin L"
AFRS 171|CLAS AFRICAN CIV|12129|TBA|TBA|TBA|TBA|Staff
AFRS 201|ECON AF-AM COMNT|12639|JD1555|TuTh|02:00pm|03:15pm|"Ganther,Duane A"
AFRS 204|RACE & CRITICL THINK|12130|CR5126|MoWe|12:30pm|01:45pm|"Simmons,James M"
AFRS 204EOP|RACE & CRITICL THINK|12317|SH264|MoWe|09:30am|10:45am|"Richards,Victoria D"
AFRS 220|PSY ENVR AFR-AMER|12692|SH267|MoWe|02:00pm|03:15pm|"Richards,Victoria D"
AFRS 221|SOC ENVR AFR-AMER|12131|SH264|MoWe|11:00am|12:15pm|"Richards,Victoria D"
AFRS 245|AFRAM LIT 1930 ON|12694|SH279|MoWe|11:00am|12:15pm|"Lo,Sheba AK"
AFRS 271|AFR-AM HST T 1865|12285|SQ104|TuTh|12:30pm|01:45pm|"Gatlin,Darryle J"
AFRS 272|AF-AM HIST S 1865|12316|SH342|MoWe|09:30am|10:45am|"Gatlin,Darryle J"
AFRS 272|AF-AM HIST S 1865|12838|SH203|TuTh|08:00am|09:15am|"Glocke,Aimee M"
AFRS 280|MIN CREAT WRITING|12642|SH287|TuTh|12:30pm|01:45pm|"Venugopal,Shubha"
AFRS 300|CONTEMP ISSUES|12132|SH284|MoWe|11:00am|12:15pm|"Hackett,Cedric D"
AFRS 300|CONTEMP ISSUES|12315|TBA|TBA|TBA|TBA|Staff
AFRS 300|CONTEMP ISSUES|20718|ONLINE|TBA|TBA|TBA|"Gammage,Marquita M"
AFRS 320|AFR-AMER PERS DEV|12133|SH284|TuTh|11:00am|12:15pm|"Glocke,Aimee M"
AFRS 322|AFR-AMER FAMILY|12135|SH267|MoWe|11:00am|12:15pm|"Broadous,Deborakh A"
AFRS 324|BLK WOMAN CONTEMP|12347|SH284|TuTh|09:30am|10:45am|"Gammage,Marquita M"
AFRS 324|BLK WOMAN CONTEMP|13237|SH284|MoWe|02:00pm|03:15pm|"Kennon,Raquel D"
AFRS 325|THE BLACK MALE|12955|SH267|Fr|11:00am|01:45pm|"Hackett,Cedric D"
AFRS 337|BLACK IMAGE/SCREN|12280|CR5127|We|04:00pm|06:45pm|"Fuller,Andrea P"
AFRS 344|LIT CARIB+AFRICAN|12136|SH287|MoWe|12:30pm|01:45pm|"Kennon,Raquel D"
AFRS 346|BLK FEMALE WRIT|12765|SH287|TuTh|11:00am|12:15pm|"Venugopal,Shubha"
AFRS 350|ADVANCED WRITING|12137|SH287|TuTh|09:30am|10:45am|"Venugopal,Shubha"
AFRS 361|AFR-AM POLITICS|12216|SH108|We|12:30pm|01:45pm|"Stanford,Karin L"
AFRS 368|POLITIC OF HIPHOP|12284|SH267|MoWe|09:30am|10:45am|"Lo,Sheba AK"
AFRS 392C|FLD WK AFR-AM CTY|12638|TBA|TBA|TBA|TBA|Staff
AFRS 395|BILNGSM AF-AM COM|12697|SH284|MoWe|12:30pm|01:45pm|"Spencer-Walters,Tom J"
AFRS 398|RES METH/PARA PAS|12991|SH391|TuTh|12:30pm|01:45pm|"Gammage,Marquita M"
AFRS 417|EQTY DIVRSTY SCH|20719|ONLINE|TBA|TBA|TBA|"Hackett,Cedric D"
AFRS 420|THE BLACK CHILD|12835|SH279|MoWe|02:00pm|03:15pm|"Lo,Sheba AK"
