BUS 104|INTRO TO BUSINESS|13495|ONLINE|TBA|TBA|TBA|"Keyani,Sean Maziar"
BUS 104|INTRO TO BUSINESS|13832|ONLINE|TBA|TBA|TBA|"Keyani,Sean Maziar"
BUS 104|INTRO TO BUSINESS|13720|BB1133|Fr|09:00am|11:45am|"Shulman,Arthur J"
BUS 296BHP|NEGOTIATION|13827|BB1119|Fr|01:00pm|04:00pm|"Williams,Melanie S"
BUS 302|GATEWAY EXPERIENC|13629|BB2206|Fr|11:00am|01:45pm|"Afandi,Mohamed S"
BUS 302|GATEWAY EXPERIENC|13638|BB2206|MoWe|09:30am|10:45am|"Smith,Wayne W"
BUS 302|GATEWAY EXPERIENC|13639|BB2230|TuTh|02:00pm|03:15pm|"Gunther,Richard E"
BUS 302|GATEWAY EXPERIENC|13640|BB2230|Mo|07:00pm|09:45pm|"Abrams,Behnam"
BUS 302|GATEWAY EXPERIENC|13641|BB2230|Sa|09:30am|12:15pm|"Abrams,Behnam"
BUS 302|GATEWAY EXPERIENC|13642|BB2230|We|07:00pm|09:45pm|"Abrams,Behnam"
BUS 302|GATEWAY EXPERIENC|13643|BB2206|We|07:00pm|09:45pm|"Ohanian,Carlo"
BUS 302|GATEWAY EXPERIENC|13644|BB2230|TuTh|09:30am|10:45am|"Gunther,Richard E"
BUS 302|GATEWAY EXPERIENC|13645|BB2206|TuTh|09:30am|10:45am|"Afandi,Mohamed S"
BUS 302|GATEWAY EXPERIENC|13646|BB2206|TuTh|08:00am|09:15am|"Afandi,Mohamed S"
BUS 302|GATEWAY EXPERIENC|13647|BB2206|MoWe|11:00am|12:15pm|"Smith,Wayne W"
BUS 302|GATEWAY EXPERIENC|13648|BB2206|TuTh|12:30pm|01:45pm|"Afandi,Mohamed S"
BUS 302|GATEWAY EXPERIENC|13699|BB2230|Tu|07:00pm|09:45pm|"Abrams,Behnam"
BUS 302|GATEWAY EXPERIENC|13726|BB2230|Th|04:00pm|06:45pm|"McGilvray,Brian P"
BUS 302|GATEWAY EXPERIENC|13725|BB2230|Th|07:00pm|09:45pm|"Abrams,Behnam"
BUS 302|GATEWAY EXPERIENC|13727|BB2230|Tu|04:00pm|06:45pm|"McGilvray,Brian P"
BUS 302|GATEWAY EXPERIENC|13749|BB2206|Mo|02:00pm|04:45pm|"Ross,Lauren"
BUS 302|GATEWAY EXPERIENC|13776|BB2230|Fr|09:00am|11:45am|"Naraghi,Roxana S"
BUS 302|GATEWAY EXPERIENC|13864|BB2206|Tu|03:30pm|06:15pm|"Naraghi,Roxana S"
BUS 302|GATEWAY EXPERIENC|13888|BB2206|Mo|05:00pm|07:45pm|"Ross,Lauren"
BUS 302|GATEWAY EXPERIENC|13891|BB2206|TuTh|02:00pm|03:15pm|"Afandi,Mohamed S"
BUS 302|GATEWAY EXPERIENC|13913|BB2230|Mo|04:00pm|06:45pm|"Naraghi,Roxana S"
BUS 302|GATEWAY EXPERIENC|13930|BB2230|TuTh|11:00am|12:15pm|"Gunther,Richard E"
BUS 302|GATEWAY EXPERIENC|13994|BB2230|Fr|12:30pm|03:15pm|"Ohanian,Carlo"
BUS 302BH|GATEWAY EXPERIENC|13543|BB2230|TuTh|02:00pm|03:15pm|"Gunther,Richard E"
BUS 302L|GATEWAY EXP LAB|13528|BB1105|Fr|06:30am|07:45am|"Paik,Seung-Kuk"
BUS 302L|GATEWAY EXP LAB|13700|BB1105|Sa|06:30am|07:45am|"Paik,Seung-Kuk"
BUS 302L|GATEWAY EXP LAB|13830|BB1105|Mo|06:30am|07:45am|"Paik,Seung-Kuk"
BUS 302L|GATEWAY EXP LAB|13861|BB1105|Tu|06:30am|07:45am|"Paik,Seung-Kuk"
BUS 302L|GATEWAY EXP LAB|13862|BB1105|We|06:30am|07:45am|"Paik,Seung-Kuk"
BUS 302L|GATEWAY EXP LAB|13863|BB1105|Th|06:30am|07:45am|"Paik,Seung-Kuk"
BUS 310|ENT FOUNDATION|13897|BB1208|Tu|03:30pm|06:15pm|"Shelton,Lois M"
BUS 491CS|SMALL BUS CONSULT|13691|BB1236|Mo|07:00pm|09:45pm|"Degravel,Daniel"
BUS 496BH|SYSTEMS THINKING ORG]|20786|BB1103|We|04:00pm|06:45pm|"Bamrungpong,Silvina G Paciencia"
BUS 497A|STRATEGIC MGT SEM|13420|BB1103|MoWe|11:00am|12:15pm|"Walker,Sheila M"
BUS 497A|STRATEGIC MGT SEM|13421|BB1103|MoWe|12:30pm|01:45pm|"Walker,Sheila M"
BUS 497A|STRATEGIC MGT SEM|13422|BB1236|Tu|03:30pm|06:15pm|"Smith,Wayne W"
BUS 497A|STRATEGIC MGT SEM|13424|TBA|TBA|TBA|TBA|Staff
BUS 497A|STRATEGIC MGT SEM|13423|BB1133|TuTh|03:30pm|04:45pm|"Parkhurst,Micheal S"
BUS 497A|STRATEGIC MGT SEM|13474|BB1103|MoWe|02:00pm|03:15pm|"Gorman,Philip C"
BUS 497A|STRATEGIC MGT SEM|13558|BB1208|TuTh|09:30am|10:45am|"Green,Sandy E"
BUS 497A|STRATEGIC MGT SEM|13559|BB1103|TuTh|03:30pm|04:45pm|"Scillitoe,Joanne"
BUS 497A|STRATEGIC MGT SEM|13560|BB1236|We|07:00pm|09:45pm|"Neely,Stephone M.E."
BUS 497A|STRATEGIC MGT SEM|13561|BB1103|TuTh|11:00am|12:15pm|"Gorman,Philip C"
BUS 497A|STRATEGIC MGT SEM|13562|BB1103|TuTh|12:30pm|01:45pm|"Alpaslan,Can M"
BUS 497A|STRATEGIC MGT SEM|13563|BB1103|TuTh|02:00pm|03:15pm|"Alpaslan,Can M"
BUS 497A|STRATEGIC MGT SEM|13564|BB1103|Fr|12:00pm|02:45pm|"Smith,Roger N"
BUS 497A|STRATEGIC MGT SEM|13565|BB1236|TuTh|09:30am|10:45am|"Jain,Sanjay"
BUS 497A|STRATEGIC MGT SEM|13566|BB1236|TuTh|11:00am|12:15pm|"Jain,Sanjay"
BUS 497A|STRATEGIC MGT SEM|13567|BB1103|TuTh|09:30am|10:45am|"Gorman,Philip C"
BUS 497A|STRATEGIC MGT SEM|13631|BB1204|Th|07:00pm|09:45pm|"Neely,Stephone M.E."
BUS 497A|STRATEGIC MGT SEM|13724|BB1103|Fr|08:30am|11:15am|"Smith,Roger N"
BUS 497A|STRATEGIC MGT SEM|13828|BB1236|Sa|08:30am|11:15am|"Davis,Bruce W"
BUS 497A|STRATEGIC MGT SEM|13853|BB1236|Th|03:30pm|06:15pm|"Pope,Blaine D"
BUS 498|HONORS MENTORSHIP|13751|TBA|TBA|TBA|TBA|"Bamrungpong,Silvina G Paciencia"
