CADV 150|FDTS CH & AD DEV|18673|LA181|TuTh|12:30pm|01:45pm|"Miodrag,Nancy"
CADV 150|FDTS CH & AD DEV|19384|SQ104|TuTh|08:00am|09:15am|"Field,Kelly A"
CADV 150|FDTS CH & AD DEV|19815|SQ109|Mo|07:00pm|09:45pm|"Brusasco,Joyce Marie"
CADV 250|CH & ADOL DEV PROF|18671|OV025|We|04:00pm|06:45pm|"Villarreal,Jennifer"
CADV 250|CH & ADOL DEV PROF|19852|JA100|TuTh|12:30pm|01:45pm|"Garcia,Evelyn Torres"
CADV 310|ABUSE & NEGLECT|19713|SQ104|MoWe|11:00am|12:15pm|"Meyer,Rika Marita Leilani"
CADV 327|INFANCY/EARLYCHLD|19888|JD1610|MoWe|02:00pm|03:15pm|"Toolan,Christina Kang"
CADV 350|APPL COG DEV|18979|SG100|TuTh|11:00am|12:15pm|"Grote,Kandice Soraya"
CADV 350|APPL COG DEV|18980|SQ104|MoWe|12:30pm|01:45pm|"Russell,Emily E"
CADV 350|APPL COG DEV|19715|SQ109|Sa|11:00am|01:45pm|"Edwards,Darcy Amber"
CADV 350|APPL COG DEV|19716|SG109|TuTh|09:30am|10:45am|"Pandey,JoAnne Shwayder"
CADV 352|APPL SOC DEV|18940|LA181|MoWe|02:00pm|03:15pm|"Huynh,Virginia W"
CADV 352|APPL SOC DEV|18978|SQ101|TuTh|08:00am|09:15am|"Pandey,JoAnne Shwayder"
CADV 352|APPL SOC DEV|19221|SQ109|Sa|11:00am|01:45pm|"Edwards,Darcy Amber"
CADV 361|ADOLESCENCE|19385|SQ109|We|07:00pm|09:45pm|"Fasan,Elena R"
CADV 380|METHODS I|18668|SQ100|MoWe|09:30am|10:45am|"Pandey,JoAnne Shwayder"
CADV 380|METHODS I|18669|SQ109|Mo|09:30am|10:45am|"Camacho,Tissyana C."
CADV 380|METHODS I|18981|SQ103|Mo|11:00am|12:15pm|"Camacho,Tissyana C."
CADV 380|METHODS I|19630|SQ103|Mo|08:00am|10:45am|"Brill,Shira B"
CADV 380|METHODS I|19632|SQ103|We|04:00pm|06:45pm|"Ewing,Tracy S"
CADV 380|METHODS I|19893|SQ102|Fr|12:00pm|02:45pm|"Cobian,Krystle"
CADV 380L|METHODS I LAB|19273|SQ246|Mo|08:00am|09:15am|"Pandey,JoAnne Shwayder"
CADV 380L|METHODS I LAB|19274|SQ246|We|09:30am|10:45am|"Camacho,Tissyana C."
CADV 380L|METHODS I LAB|19275|SQ246|We|11:00am|12:15pm|"Camacho,Tissyana C."
CADV 380L|METHODS I LAB|19633|SQ246|We|08:00am|09:15am|"Brill,Shira B"
CADV 380L|METHODS I LAB|19635|SQ246|We|07:00pm|09:45pm|"Ewing,Tracy S"
CADV 380L|METHODS I LAB|19898|RE276|Fr|09:00am|11:45am|"Cobian,Krystle"
CADV 381|METHODS II|19719|SQ103|We|09:30am|10:45am|"Toolan,Christina Kang"
CADV 381|METHODS II|19897|SQ102|Fr|12:00pm|02:45pm|"Cobian,Krystle"
CADV 381|METHODS II|19914|SQ103|Mo|04:00pm|06:45pm|"Ewing,Tracy S"
CADV 381L|METHODS II LAB|19721|SQ246|Mo|09:30am|10:45am|"Toolan,Christina Kang"
CADV 381L|METHODS II LAB|19899|RE276|Fr|09:00am|11:45am|"Cobian,Krystle"
CADV 381L|METHODS II LAB|19900|SQ246|Mo|07:00pm|09:45pm|"Ewing,Tracy S"
CADV 394|CDEV INTERN 1|19222|SQ103|Fr|09:30am|10:45am|"Taylor,April Z"
CADV 394|CDEV INTERN 1|19223|SQ103|Fr|11:00am|12:15pm|"Taylor,April Z"
CADV 455|MENTOR IN  CADV|19977|RE276|MoWe|02:00pm|03:15pm|"Taylor,April Z"
CADV 456|CHILD GRIEF LOSS|20456|SQ103|MoWe|02:00pm|03:15pm|"Gonzalez,Rosemary"
CADV 460|RC ETH GEN IN CDEV|18674|SQ103|Tu|04:00pm|06:45pm|"Saafir,Amirah"
CADV 460|RC ETH GEN IN CDEV|19177|SQ103|Th|09:30am|10:45am|"Rivas,Karen Gabriela"
CADV 460|RC ETH GEN IN CDEV|19724|SQ109|We|09:30am|10:45am|"Rivas,Karen Gabriela"
CADV 460|RC ETH GEN IN CDEV|19904|SQ103|Th|11:00am|12:15pm|"Haddad,Dima J"
CADV 460|RC ETH GEN IN CDEV|18672|SQ102|We|12:30pm|01:45pm|"Gonzalez,Rosemary"
CADV 460|RC ETH GEN IN CDEV|20520|SQ103|Mo|07:00pm|09:45pm|"Gomez,Ana"
CADV 460|RC ETH GEN IN CDEV|21310|OV002|We|07:00pm|09:45pm|"Haro,Bianca"
CADV 470|ADV THEOR DEV|18670|SQ103|Tu|09:30am|10:45am|"Wakefield,W. David"
CADV 470|ADV THEOR DEV|18921|SQ103|Tu|11:00am|12:15pm|"Wakefield,W. David"
CADV 470|ADV THEOR DEV|19451|SQ109|Mo|02:00pm|03:15pm|"Wakefield,W. David"
CADV 470|ADV THEOR DEV|19725|SQ103|Tu|07:00pm|09:45pm|"Ewing,Tracy S"
CADV 495A|GRAD TRAINING I|20457|SQ109|Sa|08:00am|10:45am|"Gomez,Ana"
CADV 495B|GRAD TRAINING II|19348|JD2522|MoWe|12:30pm|01:45pm|"Meyer,Rika Marita Leilani"
CADV 495B|GRAD TRAINING II|19853|SQ109|Sa|08:00am|10:45am|"Gomez,Ana"
CADV 497AE|POVERTY & DEVELOP|20604|RE153|MoWe|12:30pm|01:45pm|"Wakefield,W. David"
