CAS 100|INTRO CENTRL AMER ST|14152|JR202|MoWe|09:30am|10:45am|"An,Yountae"
CAS 100|INTRO CENTRL AMER ST|14153|BB1202|MoWe|11:00am|12:15pm|"Tobar,Jasmin"
CAS 100|INTRO CENTRL AMER ST|14154|JR243|Mo|02:00pm|03:15pm|"Cortez,Beatriz"
CAS 100|INTRO CENTRL AMER ST|14155|BB1127|TuTh|09:30am|10:45am|"Simonds,Celia"
CAS 100|INTRO CENTRL AMER ST|14200|SH106|TuTh|02:00pm|03:15pm|"Simonds,Celia"
CAS 100|INTRO CENTRL AMER ST|14156|ED1127|TuTh|11:00am|12:15pm|"Zepeda,Arturo"
CAS 100|INTRO CENTRL AMER ST|14429|MZ112|Mo|11:00am|12:15pm|"Cortez,Beatriz"
CAS 100|INTRO CENTRL AMER ST|14901|JR214|Fr|11:00am|01:45pm|"Rodriguez,Leslie"
CAS 100|INTRO CENTRL AMER ST|15080|ONLINE|TBA|TBA|TBA|"Duarte,Jocelyn E"
CAS 100EOP|INTRO CENTRL AMER ST|15346|JR243|MoWe|12:30pm|01:45pm|"Marcelo,Susana N."
CAS 102|SALVADORAN EXPER|14157|SH108|TuTh|11:00am|12:15pm|"Simonds,Celia"
CAS 102|SALVADORAN EXPER|15367|BB1204|MoWe|02:00pm|03:15pm|"Simonds,Celia"
CAS 113A|APPR UNIV WRTNG A|14390|JR218|TuTh|09:30am|10:45am|"Duarte,Jocelyn E"
CAS 113AOP|APPR UNIV WRTNG A|15347|BB1210|MoWe|09:30am|10:45am|"Marcelo,Susana N."
CAS 113AOP|APPR UNIV WRTNG A|15465|SH224|MoWe|02:00pm|03:15pm|"Marcelo,Susana N."
CAS 115|APPR UNIV WRITING|15003|JR212|MoWe|08:00am|09:15am|"Encinias,Shahrazad M"
CAS 115|APPR UNIV WRITING|20738|JR301|MoWe|09:30am|10:45am|"Encinias,Shahrazad M"
CAS 115|APPR UNIV WRITING|20739|JR242|TuTh|02:00pm|03:15pm|"Alonzi,Giovan"
CAS 115|APPR UNIV WRITING|20740|JR301|TuTh|08:00am|09:15am|"Alonzi,Giovan"
CAS 115|APPR UNIV WRITING|20745|JR212|MoWe|02:00pm|03:15pm|"Encinias,Shahrazad M"
CAS 115|APPR UNIV WRITING|21260|JR330|Fr|02:00pm|04:45pm|"Rodriguez,Leslie"
CAS 151|FUND PUB SPEAKING|13996|JR352|Fr|02:00pm|04:45pm|"Lemus,Stephanie Y"
CAS 151|FUND PUB SPEAKING|14814|JR243|Mo|07:00pm|09:45pm|"Rodriguez,Leslie"
CAS 151|FUND PUB SPEAKING|15028|EU132|Fr|11:00am|01:45pm|"Lemus,Stephanie Y"
CAS 151|FUND PUB SPEAKING|15480|JR202|Mo|04:00pm|06:45pm|"Ruiztorres,Lizbeth"
CAS 201|SURV CENT AM LIT|14962|BB1119|TuTh|11:00am|12:15pm|"Marcelo,Susana N."
CAS 309|ANC HIST CENT AM|14321|JR243|TuTh|02:00pm|03:15pm|"Carranza,Douglas G"
CAS 310|MODRN HIST CENT AM|14206|JR202|MoWe|11:00am|12:15pm|"Simonds,Celia"
CAS 311|CNTRL  AMER DIASPORA|14789|JR202|TuTh|09:30am|10:45am|"Carranza,Douglas G"
CAS 365|CHNG ROL CNTR AM WOM|14158|JD1610|TuTh|11:00am|12:15pm|"Duarte,Jocelyn E"
CAS 367|REL MOV IN CEN AM|15155|TBA|TBA|TBA|TBA|Staff
CAS 368|CNTR AMER REV MOVMNT|14159|SH384|MoWe|02:00pm|03:15pm|"Cativo,Karla"
CAS 369|CONT SOC MOV C AM|14222|JR243|TuTh|12:30pm|01:45pm|"Zepeda,Arturo"
CAS 410|CENT AMERIC CHILD|15296|JR202|Mo|07:00pm|09:45pm|"Ruiztorres,Lizbeth"
CAS 421|CENT AM LIT SEMNR|14713|JR218|Mo|04:00pm|06:45pm|"Cortez,Beatriz"
