C E 101|INTRO CIVIL ENGR|16481|JD1563|Mo|02:00pm|02:50pm|"Ananian,Vatche"
C E 101|INTRO CIVIL ENGR|16482|JD1563|Tu|02:00pm|02:50pm|"El-Sharkawi,Ayman I"
C E 101|INTRO CIVIL ENGR|16522|JD1563|We|02:00pm|02:50pm|"Ananian,Vatche"
C E 101|INTRO CIVIL ENGR|16671|JD1563|Th|02:00pm|02:50pm|"El-Sharkawi,Ayman I"
C E 101|INTRO CIVIL ENGR|16715|JD1563|Fr|02:00pm|02:50pm|"Ananian,Vatche"
C E 101L|INTRO CIVIL LAB|16483|JD1563|Mo|03:00pm|05:45pm|"Ananian,Vatche"
C E 101L|INTRO CIVIL LAB|16484|JD1563|Tu|03:00pm|05:45pm|"El-Sharkawi,Ayman I"
C E 101L|INTRO CIVIL LAB|16523|JD1563|We|03:00pm|05:45pm|"Ananian,Vatche"
C E 101L|INTRO CIVIL LAB|16672|JD1563|Th|03:00pm|05:45pm|"El-Sharkawi,Ayman I"
C E 101L|INTRO CIVIL LAB|16716|JD1563|Fr|03:00pm|05:45pm|"Ananian,Vatche"
C E 240|ENGR STATICS|16214|JD1563|MoWe|09:30am|10:45am|"Boyajian,David M"
C E 240|ENGR STATICS|16215|JD1563|MoWe|11:00am|12:15pm|"Le,Thang H"
C E 240|ENGR STATICS|16838|JD1609|MoWe|09:30am|10:45am|"Jalalvand,Farrokh"
C E 240|ENGR STATICS|16904|JD1561|TuTh|03:30pm|04:45pm|"Hadje-Ghaffari,Hossain"
C E 240|ENGR STATICS|16884|JD1609|MoWe|02:00pm|03:15pm|"Le,Thang H"
C E 240|ENGR STATICS|16893|JD1609|MoWe|12:30pm|01:45pm|"Goorjian,Vahic H"
C E 280|COMP APPL CIVIL|16387|JD1565|MoWe|11:00am|11:25am|"Maalouf,Sami"
C E 280|COMP APPL CIVIL|16426|JD1565|MoWe|02:00pm|02:25pm|"Goorjian,Vahic H"
C E 280L|COMP APPL CIVIL|16388|JD1565|MoWe|11:30am|12:45pm|"Maalouf,Sami"
C E 280L|COMP APPL CIVIL|16427|JD1565|MoWe|02:30pm|03:45pm|"Goorjian,Vahic H"
C E 308|SURVEYING|16218|JD1563|Fr|09:00am|10:40am|"Goorjian,Vahic H"
C E 308|SURVEYING|16717|JD1563|Sa|09:00am|10:40am|"Amirkhanian,Jora"
C E 308L|SURVEYING LAB|16219|JD1563|Fr|11:00am|01:45pm|"Goorjian,Vahic H"
C E 308L|SURVEYING LAB|16718|JD1563|Sa|11:00am|01:45pm|"Amirkhanian,Jora"
C E 315|CONST ENGR|20440|ED1117|Tu|08:00am|09:50am|"Alroomi,Anwar S"
C E 315L|CONST ENGR LAB|20441|JD1565E|Th|08:00am|10:45am|"Alroomi,Anwar S"
C E 315L|CONST ENGR LAB|21350|JD1565E|Fr|12:00pm|02:45pm|"Alroomi,Anwar S"
C E 335|STRUCTURES I|16224|JD1609|Tu|07:00pm|09:45pm|"Yadegari,Diba"
C E 335L|STRUCT I LAB|16386|JD1609|Th|07:00pm|09:45pm|"Yadegari,Diba"
C E 340|STRENGTH OF MATLS|16216|JD1117|TuTh|09:30am|10:45am|"Ananian,Vatche"
C E 340|STRENGTH OF MATLS|16217|JD1563|MoWe|12:30pm|01:45pm|"Le,Thang H"
C E 340|STRENGTH OF MATLS|16428|JD1117|MoWe|09:30am|10:45am|"Zirakian,Tadeh"
C E 340|STRENGTH OF MATLS|16702|JD1117|MoWe|11:00am|12:15pm|"Alwehaidah,Nasser M"
C E 340|STRENGTH OF MATLS|16885|TBA|TBA|TBA|TBA|Staff
C E 340|STRENGTH OF MATLS|17056|JD1593|TuTh|09:30am|10:45am|"Zirakian,Tadeh"
C E 408|SURVEY GPS APPL|16222|JD1609|Fr|09:00am|09:50am|"Schofield,Bruce K"
C E 408|SURVEY GPS APPL|16719|JD1609|Sa|09:00am|09:50am|"Schofield,Bruce K"
C E 408L|SURVEY GPS APPL LAB|16223|JD1609|Fr|10:00am|12:45pm|"Schofield,Bruce K"
C E 408L|SURVEY GPS APPL LAB|16720|JD1609|Sa|10:00am|12:45pm|"Schofield,Bruce K"
C E 426|SOIL MECHANICS|16220|JD3502|Mo|07:00pm|09:45pm|"Haddad,Raymond"
C E 426|SOIL MECHANICS|17094|JD3502|Tu|07:00pm|09:45pm|"Haddad,Raymond"
C E 426L|SOIL MECHANICS|16221|JD1117|We|07:00pm|09:45pm|"Lazaris,Spiridon A"
C E 426L|SOIL MECHANICS|17045|JD1117|Th|07:00pm|09:45pm|"Lazaris,Spiridon A"
C E 426L|SOIL MECHANICS|17095|JD1117|Fr|04:00pm|06:45pm|"Haddad,Raymond"
C E 438|REINF CONCR DES|16440|JD1563|TuTh|11:00am|12:15pm|"Ahmad,Rais"
C E 438|REINF CONCR DES|16887|JD1561|MoWe|11:00am|12:15pm|"Ahmad,Rais"
C E 439|STRUCT STEEL DES|16225|JD1563|TuTh|12:30pm|01:45pm|"Ahmad,Rais"
C E 439|STRUCT STEEL DES|16888|JD1561|MoWe|12:30pm|01:45pm|"Ahmad,Rais"
C E 460|ENGR HYDROLOGY|16226|EU131|Tu|07:00pm|08:45pm|"Maalouf,Sami"
C E 460L|ENGR HYDRLGY LAB|16227|EU136|Th|07:00pm|09:45pm|"Maalouf,Sami"
C E 488A|CIVIL SR DSN I|16228|JD1117|MoWe|02:00pm|02:25pm|"Maalouf,Sami"
C E 488A|CIVIL SR DSN I|16646|JD1117|TuTh|02:00pm|02:25pm|"Boyajian,David M"
C E 488A|CIVIL SR DSN I|16707|JD1117|TuTh|04:00pm|04:25pm|"Zirakian,Tadeh"
C E 488AL|CIVIL SR DSN I LAB|16229|JD1117|MoWe|02:30pm|03:45pm|"Maalouf,Sami"
C E 488AL|CIVIL SR DSN I LAB|16647|JD1117|TuTh|02:30pm|03:45pm|"Boyajian,David M"
C E 488AL|CIVIL SR DSN I LAB|16708|JD1117|TuTh|04:30pm|05:45pm|"Zirakian,Tadeh"
C E 488B|CIVIL SR DSN II|20442|JD1561|Fr|09:00am|12:45pm|"Yadegari,Diba"
C E 499A|INDEPENDENT STUDY|17089|TBA|TBA|TBA|TBA|"Dermendjian,Nazaret"
C E 526|GEOTECH FOUND DES|16537|JD1117|Sa|09:00am|11:45am|"Haddad,Raymond"
C E 537|TIMBER & MASONRY|20443|JD1561|Sa|09:00am|12:45pm|"Yadegari,Diba"
C E 640|ADV ANALYSIS METH|20444|JD1609|TuTh|05:30pm|06:45pm|"Dombourian,Edward M"
C E 641|EARTHQUAKE ENGR|20445|JD1609|Mo|07:00pm|09:45pm|"Hadje-Ghaffari,Hossain"
C E 697|DIR COMP STUDIES|16557|TBA|TBA|TBA|TBA|"Dermendjian,Nazaret"
C E 698C|THESIS/GRAD PROJ|16231|TBA|TBA|TBA|TBA|"Dermendjian,Nazaret"
