CHEM 100|PRINCIPLS OF CHEM|17287|EH2225|MoWe|08:00am|09:15am|"Nguyen-Graff,Dorothy T"
CHEM 100|PRINCIPLS OF CHEM|17830|EH2227|TuTh|11:30am|12:45pm|"Nguyen-Graff,Dorothy T"
CHEM 100|PRINCIPLS OF CHEM|17288|EH2225|TuTh|02:00pm|03:15pm|"Montgomery,Robert A"
CHEM 100|PRINCIPLS OF CHEM|17831|EH2228|MoWe|04:30pm|05:45pm|"Piao,Tiehua"
CHEM 100|PRINCIPLS OF CHEM|17289|EH2225|TuTh|05:00pm|06:15pm|"Montgomery,Robert A"
CHEM 100|PRINCIPLS OF CHEM|17290|EH2225|MoWe|11:00am|12:15pm|"Kaiser,Kayla A"
CHEM 100|PRINCIPLS OF CHEM|17519|EH2228|MoWe|11:00am|12:15pm|"Piao,Tiehua"
CHEM 100|PRINCIPLS OF CHEM|17388|EH2225|MoWe|12:30pm|01:45pm|"Piao,Tiehua"
CHEM 100|PRINCIPLS OF CHEM|17832|EH2225|TuTh|08:00am|09:15am|"Syed,Rashid"
CHEM 100|PRINCIPLS OF CHEM|17631|EH2225|TuTh|09:30am|10:45am|"Oh,Tae"
CHEM 100|PRINCIPLS OF CHEM|17632|EH2225|TuTh|11:00am|12:15pm|"Oh,Tae"
CHEM 100|PRINCIPLS OF CHEM|18264|EH2227|MoWe|05:00pm|06:15pm|"Montgomery,Robert A"
CHEM 100|PRINCIPLS OF CHEM|18367|CR5126|MoWe|04:30pm|05:45pm|"Orzechowska,Grazyna E"
CHEM 100|PRINCIPLS OF CHEM|21285|EH2132|MoWe|08:00am|09:15am|"Kautiainen,Timothy"
CHEM 100L|PRINCPL CHEM LAB|17550|EH2328|We|08:00am|10:50am|"Sanchez,Romny"
CHEM 100L|PRINCPL CHEM LAB|17551|EH2328|We|11:00am|01:50pm|"Sanchez,Romny"
CHEM 101|GEN CHEMISTRY I|17267|EH2227|MoWe|09:30am|10:45am|"Schrodi,Yann"
CHEM 101|GEN CHEMISTRY I|17268|EH2222|Mo|11:00am|11:50am|"Schrodi,Yann"
CHEM 101|GEN CHEMISTRY I|17269|EH2222|We|11:00am|11:50am|"Schrodi,Yann"
CHEM 101|GEN CHEMISTRY I|17270|EH2227|MoWe|11:00am|12:15pm|"Eller,Michael"
CHEM 101|GEN CHEMISTRY I|17271|EH2222|Mo|12:30pm|01:20pm|"Eller,Michael"
CHEM 101|GEN CHEMISTRY I|17272|EH2222|We|12:30pm|01:20pm|"Eller,Michael"
CHEM 101|GEN CHEMISTRY I|17633|EH2225|MoWe|02:00pm|03:15pm|"Teprovich Jr,Joseph A"
CHEM 101|GEN CHEMISTRY I|17274|EH2222|Mo|03:30pm|04:20pm|"Teprovich Jr,Joseph A"
CHEM 101|GEN CHEMISTRY I|17275|EH2222|We|03:30pm|04:20pm|"Teprovich Jr,Joseph A"
CHEM 101|GEN CHEMISTRY I|17836|EH2228|TuTh|08:00am|09:15am|"Nguyen-Graff,Dorothy T"
CHEM 101|GEN CHEMISTRY I|17837|EH2222|Tu|09:30am|10:20am|"Nguyen-Graff,Dorothy T"
CHEM 101|GEN CHEMISTRY I|17838|EH2222|Th|09:30am|10:20am|"Nguyen-Graff,Dorothy T"
CHEM 101|GEN CHEMISTRY I|17330|EH2227|TuTh|10:00am|11:15am|"Ye,Li"
CHEM 101|GEN CHEMISTRY I|17331|EH2222|Tu|11:30am|12:20pm|"Ye,Li"
CHEM 101|GEN CHEMISTRY I|17332|EH2222|Th|11:30am|12:20pm|"Ye,Li"
CHEM 101|GEN CHEMISTRY I|17450|CR5126|TuTh|08:00am|09:15am|"Lakshminarayanan,Kamatchi"
CHEM 101|GEN CHEMISTRY I|17451|LO1117|Tu|09:30am|10:20am|"Lakshminarayanan,Kamatchi"
CHEM 101|GEN CHEMISTRY I|17452|LO1117|Th|09:30am|10:20am|"Lakshminarayanan,Kamatchi"
CHEM 101L|GEN CHEM I LAB|17276|EH2302|Mo|08:00am|10:50am|"Hadi,Hafridha A"
CHEM 101L|GEN CHEM I LAB|17277|EH2302|Mo|11:00am|01:50pm|"Nguyen,James"
CHEM 101L|GEN CHEM I LAB|17278|EH2302|Mo|02:00pm|04:50pm|"Hadi,Hafridha A"
CHEM 101L|GEN CHEM I LAB|17279|EH2302|Tu|11:00am|01:50pm|"Robles,Alexis"
CHEM 101L|GEN CHEM I LAB|17280|EH2302|Tu|02:00pm|04:50pm|"Geddes-Buehre,Dane H"
CHEM 101L|GEN CHEM I LAB|17282|EH2302|We|08:00am|10:50am|"Bernot Jr,Anthony Robert"
CHEM 101L|GEN CHEM I LAB|17283|EH2302|We|11:00am|01:50pm|"Hadi,Hafridha A"
CHEM 101L|GEN CHEM I LAB|17333|EH2302|We|02:00pm|04:50pm|"Bernot Jr,Anthony Robert"
CHEM 101L|GEN CHEM I LAB|17520|EH2326|Th|08:00am|10:50am|"Freund,Adam B"
CHEM 101L|GEN CHEM I LAB|17455|EH2326|Th|11:00am|01:50pm|"Khodagholian,Dalar"
CHEM 101L|GEN CHEM I LAB|17654|EH2326|Th|02:00pm|04:50pm|"Geddes-Buehre,Dane H"
CHEM 101L|GEN CHEM I LAB|17839|EH2326|Fr|08:00am|10:50am|"Allehyari,Ariga"
CHEM 101L|GEN CHEM I LAB|17840|EH2326|Fr|11:00am|01:50pm|"Freund,Adam B"
CHEM 101L|GEN CHEM I LAB|17841|EH2326|Fr|02:00pm|04:50pm|"Freund,Adam B"
CHEM 101L|GEN CHEM I LAB|18352|EH2326|We|08:00am|10:50am|"Pham,Duyen"
CHEM 101L|GEN CHEM I LAB|18353|EH2326|We|11:00am|01:50pm|"Hernandez,Andrea C"
CHEM 101L|GEN CHEM I LAB|18354|EH2326|We|02:00pm|04:50pm|"Pham,Duyen"
CHEM 102|GEN CHEMISTRY II|17285|EH2228|MoWe|08:00am|09:15am|"Lakshminarayanan,Kamatchi"
CHEM 102|GEN CHEMISTRY II|17350|EH2222|Mo|09:30am|10:20am|"Lakshminarayanan,Kamatchi"
CHEM 102|GEN CHEMISTRY II|17351|EH2222|We|09:30am|10:20am|"Lakshminarayanan,Kamatchi"
CHEM 102|GEN CHEMISTRY II|17842|EH2228|TuTh|02:00pm|03:15pm|"Miao,Maosheng"
CHEM 102|GEN CHEMISTRY II|17843|EH2222|Tu|03:30pm|04:20pm|"Miao,Maosheng"
CHEM 102|GEN CHEMISTRY II|17844|EH2222|Th|03:30pm|04:20pm|"Miao,Maosheng"
CHEM 102|GEN CHEMISTRY II|17628|CR5126|TuTh|09:30am|10:45am|"Collins,Susan T"
CHEM 102|GEN CHEMISTRY II|17629|LO1117|Tu|11:00am|11:50am|"Collins,Susan T"
CHEM 102|GEN CHEMISTRY II|17630|LO1117|Th|11:00am|11:50am|"Collins,Susan T"
CHEM 102L|GEN CHEM II LAB|17521|EH2304|Tu|08:00am|10:50am|"Sanchez,Romny"
CHEM 102L|GEN CHEM II LAB|17352|EH2304|Tu|11:00am|01:50pm|"Gomez,Osma J"
CHEM 102L|GEN CHEM II LAB|17522|EH2304|We|02:00pm|04:50pm|"Nguyen,Hiep"
CHEM 102L|GEN CHEM II LAB|17286|EH2304|Th|08:00am|10:50am|"Sanchez,Romny"
CHEM 102L|GEN CHEM II LAB|17456|EH2304|Th|11:00am|01:50pm|"Gomez,Osma J"
CHEM 102L|GEN CHEM II LAB|17845|EH2304|Fr|08:00am|10:50am|"Nguyen,Hiep"
CHEM 102L|GEN CHEM II LAB|17846|EH2304|Fr|11:00am|01:50pm|"Gonzalez,Daniel"
CHEM 102L|GEN CHEM II LAB|17847|EH2304|Fr|02:00pm|04:50pm|"Azmon,Benjamin D"
CHEM 103|INTRO CHEM I|17659|EH2225|MoWe|03:30pm|04:45pm|"Syed,Rashid"
CHEM 103L|INTRO CHEM I LAB|17660|EH2309|Tu|08:00am|10:50am|"Eroglu,Zeynep Ezgi"
CHEM 103L|INTRO CHEM I LAB|17661|EH2309|Tu|11:00am|01:50pm|"Eroglu,Zeynep Ezgi"
CHEM 103L|INTRO CHEM I LAB|17662|EH2309|Th|08:00am|10:50am|"Eroglu,Zeynep Ezgi"
CHEM 104|INTRO CHEM II|17851|EH2225|TuTh|12:30pm|01:45pm|"Hassenrueck,Karin"
CHEM 104L|INTRO CHEM II LAB|17852|EH2309|Fr|08:00am|10:50am|"Benson,Jonathon Michael"
CHEM 104L|INTRO CHEM II LAB|17853|EH2309|Fr|11:00am|01:50pm|"Benson,Jonathon Michael"
CHEM 110|CHEM IN ACTION|17855|EH2228|MoWe|12:30pm|01:45pm|"Nguyen-Graff,Dorothy T"
CHEM 110L|CHEM IN ACTION LAB|17856|EH2328|Fr|08:00am|10:50am|"Odango,Jane"
CHEM 110L|CHEM IN ACTION LAB|17857|EH2328|Fr|11:00am|01:50pm|"Odango,Jane"
CHEM 235|INTRO ORG CHEM|17646|EH2225|MoWe|09:30am|10:45am|"Hassenrueck,Karin"
CHEM 235L|INTRO O CHEM LAB|17635|EH2312|Mo|11:00am|01:50pm|"Weeks,Cal Hunter"
CHEM 235L|INTRO O CHEM LAB|17637|EH2312|Tu|08:00am|10:50am|"Weeks,Cal Hunter"
CHEM 321|CHEM ANALYSIS I|17294|EH2228|TuTh|12:30pm|01:20pm|"Andersen,Mads Peter S"
CHEM 321L|CHEM ANLYS I LAB|17297|CS3305|MoWe|09:00am|11:50am|"Teprovich Jr,Joseph A"
CHEM 321L|CHEM ANLYS I LAB|17298|CS3305|TuTh|09:00am|11:50am|"Andersen,Mads Peter S"
CHEM 321L|CHEM ANLYS I LAB|17523|CS3305|TuTh|02:00pm|04:50pm|"Andersen,Mads Peter S"
CHEM 333|ORG CHEM I|17525|EH2228|MoWe|02:00pm|03:15pm|"Minehan,Thomas G"
CHEM 333|ORG CHEM I|17526|EH2228|Mo|03:30pm|04:20pm|"Hammer,Brenton"
CHEM 333|ORG CHEM I|17527|EH2228|We|03:30pm|04:20pm|"Hammer,Brenton"
CHEM 333|ORG CHEM I|17528|EH2228|TuTh|11:00am|12:15pm|"Melikyan,Gagik G"
CHEM 333|ORG CHEM I|17626|EH2222|Tu|12:30pm|01:20pm|"Melikyan,Gagik G"
CHEM 333|ORG CHEM I|18164|EH2222|Th|12:30pm|01:20pm|"Melikyan,Gagik G"
CHEM 333|ORG CHEM I|18165|EH2228|TuTh|05:00pm|06:15pm|"Minehan,Thomas G"
CHEM 333|ORG CHEM I|18166|EH2228|Tu|06:30pm|07:20pm|"Minehan,Thomas G"
CHEM 333|ORG CHEM I|18167|EH2228|Th|06:30pm|07:20pm|"Minehan,Thomas G"
CHEM 333|ORG CHEM I|18168|LO1117|MoWe|10:30am|11:45am|"Oh,Tae"
CHEM 333|ORG CHEM I|18169|LO1117|Mo|12:00pm|12:50pm|"Oh,Tae"
CHEM 333|ORG CHEM I|18170|LO1117|We|12:00pm|12:50pm|"Oh,Tae"
CHEM 333L|ORG CHEM I LAB|17529|MG4305|Mo|11:00am|01:50pm|"Stavich,Derek"
CHEM 333L|ORG CHEM I LAB|17530|MG4305|We|08:00am|10:50am|"Farrar,Fredrick Andrew"
CHEM 333L|ORG CHEM I LAB|17531|MG4305|We|11:00am|01:50pm|"Farrar,Fredrick Andrew"
CHEM 333L|ORG CHEM I LAB|17532|MG4305|We|02:00pm|04:50pm|"Azmon,Benjamin D"
CHEM 333L|ORG CHEM I LAB|17533|MG4305|Tu|08:00am|10:50am|"Rptchian,Nazaret"
CHEM 333L|ORG CHEM I LAB|17534|MG4305|Tu|11:00am|01:50pm|"Perone,Mathias Anthony"
CHEM 333L|ORG CHEM I LAB|18171|EH2312|Tu|02:00pm|04:50pm|"Cooper,Kenneth F"
CHEM 333L|ORG CHEM I LAB|17535|MG4305|Th|08:00am|10:50am|"Rptchian,Nazaret"
CHEM 333L|ORG CHEM I LAB|17536|MG4305|Th|11:00am|01:50pm|"Perone,Mathias Anthony"
CHEM 333L|ORG CHEM I LAB|17638|MG4305|Th|02:00pm|04:50pm|"Cooper,Kenneth F"
CHEM 333L|ORG CHEM I LAB|17848|EH2312|Fr|08:00am|10:50am|"Ng,Kevin Ka"
CHEM 333L|ORG CHEM I LAB|17849|EH2312|Fr|11:00am|01:50pm|"Ledesma,Matthew"
CHEM 333L|ORG CHEM I LAB|17850|EH2312|Fr|02:00pm|04:50pm|"Ledesma,Matthew"
CHEM 334|ORG CHEM II|17537|EH2227|MoWe|12:30pm|01:45pm|"Melikyan,Gagik G"
CHEM 334|ORG CHEM II|17538|EH2225|TuTh|03:30pm|04:45pm|"Hammer,Brenton"
CHEM 334|ORG CHEM II|17639|EH2227|MoWe|08:00am|09:15am|"Hammer,Brenton"
CHEM 334L|ORG CHEM II LAB|17539|MG4306|Fr|11:00am|01:50pm|"Azmon,Benjamin D"
CHEM 334L|ORG CHEM II LAB|17541|MG4306|Tu|08:00am|10:50am|"Sanchez,Misael"
CHEM 334L|ORG CHEM II LAB|17542|MG4306|Tu|11:00am|01:50pm|"Sanchez,Misael"
CHEM 334L|ORG CHEM II LAB|17543|MG4306|Tu|02:00pm|04:50pm|"Rptchian,Nazaret"
CHEM 334L|ORG CHEM II LAB|17544|MG4306|Th|08:00am|10:50am|"Cordova,Benjamin Alexander"
CHEM 334L|ORG CHEM II LAB|17545|MG4306|Th|11:00am|01:50pm|"Sanchez,Misael"
CHEM 334L|ORG CHEM II LAB|17546|MG4306|Th|02:00pm|04:50pm|"Rptchian,Nazaret"
CHEM 334L|ORG CHEM II LAB|17547|MG4306|Fr|08:00am|10:50am|"Cordova,Benjamin Alexander"
CHEM 334L|ORG CHEM II LAB|17548|MG4306|Fr|02:00pm|04:50pm|"Yoon,Joseph S"
CHEM 334R|OCHEM II PR SOLV|17549|EH2227|Mo|02:00pm|02:50pm|"Melikyan,Gagik G"
CHEM 334R|OCHEM II PR SOLV|18347|EH2227|Tu|05:00pm|05:50pm|"Hammer,Brenton"
CHEM 334R|OCHEM II PR SOLV|17640|LO1117|Mo|09:30am|10:20am|"Hammer,Brenton"
CHEM 351|PHYSICAL CHEM I|17389|EH2227|TuTh|07:30am|09:15am|"Boulesbaa,Abdelaziz"
CHEM 351L|PHYS CHEM I LAB|17719|CS3306|Fr|08:00am|10:50am|"Moran,William A"
CHEM 351L|PHYS CHEM I LAB|17720|CS3306|Fr|01:00pm|03:50pm|"Kaiser,Kayla A"
CHEM 365|INTRO BIOCHEM|17858|EH2227|TuTh|02:00pm|03:15pm|"Syed,Rashid"
CHEM 365L|INTRO BIOCHEM LAB|17859|CS3122|We|08:00am|10:50am|"Carroll,Edward J"
CHEM 365L|INTRO BIOCHEM LAB|17860|CS3122|We|11:00am|01:50pm|"Carroll,Edward J"
CHEM 365L|INTRO BIOCHEM LAB|18257|CS3122|Tu|08:00am|10:50am|"Carroll,Edward J"
CHEM 411|SYNTHESIS|17390|MG4307|TuTh|09:20am|09:50am|"Charonnat,Jeff"
CHEM 411|SYNTHESIS|17391|MG4307|TuTh|10:00am|12:50pm|"Charonnat,Jeff"
CHEM 411|SYNTHESIS|18476|MG4307|MoWe|09:20am|09:50am|"Charonnat,Jeff"
CHEM 411|SYNTHESIS|18477|MG4307|MoWe|10:00am|12:50pm|"Charonnat,Jeff"
CHEM 422|CHEM ANALYSIS II|17398|EH2227|TuTh|01:00pm|01:50pm|"Kelson,Eric P"
CHEM 422L|CHEM ANLYS II LAB|17524|CS3306|TuTh|09:30am|12:20pm|"Kaiser,Kayla A"
CHEM 422L|CHEM ANLYS II LAB|17641|CS3306|TuTh|02:15pm|05:05pm|"Kelson,Eric P"
CHEM 461|BIOCHEM I|17685|EH2222|MoWe|02:00pm|03:15pm|"Fischhaber,Paula L"
CHEM 461L|BIOCHEM I LAB|17686|CS3122|Fr|09:00am|11:50am|"Vey,Jessica L"
CHEM 461L|BIOCHEM I LAB|17687|CS3122|Fr|01:00pm|03:50pm|"Abrol PhD,Ravinder (Ravi)"
CHEM 464|PRIN BIOCHEMISTRY|17459|EH2222|TuTh|02:00pm|03:15pm|"Abrol PhD,Ravinder (Ravi)"
CHEM 464|PRIN BIOCHEMISTRY|18293|EH2228|TuTh|09:30am|10:45am|"Medh,Jheem D"
CHEM 464|PRIN BIOCHEMISTRY|17954|EH2228|TuTh|03:30pm|04:45pm|"Tamae,Daniel"
CHEM 464L|PRIN BIOCHEM LAB|17460|CS3122|Mo|11:00am|01:50pm|"Syed,Rashid"
CHEM 464L|PRIN BIOCHEM LAB|17461|CS3122|Tu|11:00am|01:50pm|"Tamae,Daniel"
CHEM 495A|DIRECTED RESEARCH|17729|TBA|TBA|TBA|TBA|"Charonnat,Jeff"
CHEM 495B|DIRECTED RESEARCH|17730|TBA|TBA|TBA|TBA|"Kelson,Eric P"
CHEM 500|CHEM TA WORKSHOP|17367|EH2222|Fr|09:00am|10:50am|"Kaiser,Kayla A"
CHEM 522|ADV ANALYT CHEM|20523|EH2222|MoWe|05:00pm|06:15pm|"Garrett,Simon J"
CHEM 595D|TOPICS/BIOINRGNIC|18479|EH2222|TuTh|05:00pm|06:15pm|"Vey,Jessica L"
CHEM 599A|INDEPENDENT STUDY|17749|TBA|TBA|TBA|TBA|Staff
CHEM 599B|INDEPENDENT STUDY|17750|TBA|TBA|TBA|TBA|Staff
CHEM 691|LITERATURE SEM|17299|EH2227|MoWeFr|03:00pm|03:50pm|"Crowhurst,Karin A"
CHEM 692|THESIS SEMINAR|17300|EH2227|MoWeFr|04:00pm|04:50pm|"Crowhurst,Karin A"
CHEM 696A|DIR GRAD RESEARCH|17751|TBA|TBA|TBA|TBA|"Tamae,Daniel"
CHEM 696B|DIR GRAD RESEARCH|17752|TBA|TBA|TBA|TBA|"Hammer,Brenton"
CHEM 698A|THESIS OR GR PROJ|17303|TBA|TBA|TBA|TBA|"Vey,Jessica L"
CHEM 698B|THESIS OR GR PROJ|17304|TBA|TBA|TBA|TBA|"Medh,Jheem D"
