COMP 100|COMPTRS/IMPCT-USE|16469|JD1105|TuTh|09:30am|10:45am|"Parker,Lucy"
COMP 100|COMPTRS/IMPCT-USE|16265|JD1600A|TuTh|11:00am|12:15pm|"Parker,Lucy"
COMP 100|COMPTRS/IMPCT-USE|16259|JD1105|TuTh|02:00pm|03:15pm|"Parker,Lucy"
COMP 100|COMPTRS/IMPCT-USE|16525|JD1105|TuTh|03:30pm|04:45pm|"Parker,Lucy"
COMP 100|COMPTRS/IMPCT-USE|16267|JD1107|MoWe|09:30am|10:45am|"Bendavid,Cecile S"
COMP 100|COMPTRS/IMPCT-USE|16470|JD1107|MoWe|11:00am|12:15pm|"Bendavid,Cecile S"
COMP 100|COMPTRS/IMPCT-USE|16260|JD1107|MoWe|02:00pm|03:15pm|"Bendavid,Cecile S"
COMP 100|COMPTRS/IMPCT-USE|16262|JD1107|TuTh|09:30am|10:45am|"Bendavid,Cecile S"
COMP 100HON|COMPTRS/IMPCT-USE|16526|JD1105|TuTh|11:00am|12:15pm|"Bendavid,Cecile S"
COMP 108|COMP SCI ORIENTATION|16396|JD1107|Fr|11:00am|01:45pm|"Hsu,Wen Chin"
COMP 108|COMP SCI ORIENTATION|16429|JD1107|TuTh|11:00am|12:15pm|"Hsu,Wen Chin"
COMP 108|COMP SCI ORIENTATION|16655|JD1107|TuTh|02:00pm|03:15pm|"Hsu,Wen Chin"
COMP 110|INTRO ALGRTH/PROG|16288|JD1105|Sa|09:00am|11:45am|"Asadorian,Sevak"
COMP 110|INTRO ALGRTH/PROG|16290|JD1104|MoWe|02:00pm|03:15pm|"Drobman,Jeffrey H"
COMP 110|INTRO ALGRTH/PROG|16507|JD1107|TuTh|03:30pm|04:45pm|"Ebrahimi,Mahdi"
COMP 110|INTRO ALGRTH/PROG|16389|JD1104|TuTh|11:00am|12:15pm|"Ebrahimi,Mahdi"
COMP 110|INTRO ALGRTH/PROG|16448|JD1104|TuTh|08:00am|09:15am|"Shapiro,Bruce E"
COMP 110|INTRO ALGRTH/PROG|16999|JD1107|MoWe|08:00am|09:15am|"Zartoshty,Bahram"
COMP 110|INTRO ALGRTH/PROG|17000|JD1105|TuTh|07:00pm|08:15pm|"Haghoo,Majid"
COMP 110L|ALGRTH/PROG LAB|16289|JD1105|Sa|01:00pm|03:45pm|"Asadorian,Sevak"
COMP 110L|ALGRTH/PROG LAB|16291|JD1104|MoWe|03:30pm|04:45pm|"Drobman,Jeffrey H"
COMP 110L|ALGRTH/PROG LAB|16508|JD1107|TuTh|05:00pm|06:15pm|"Ebrahimi,Mahdi"
COMP 110L|ALGRTH/PROG LAB|16390|JD1104|TuTh|12:30pm|01:45pm|"Ebrahimi,Mahdi"
COMP 110L|ALGRTH/PROG LAB|16445|JD1104|TuTh|09:30am|10:45am|"Shapiro,Bruce E"
COMP 110L|ALGRTH/PROG LAB|17001|JD1104|MoWe|09:30am|10:45am|"Zartoshty,Bahram"
COMP 110L|ALGRTH/PROG LAB|17002|JD1104|MoWe|11:00am|12:15pm|"Zartoshty,Bahram"
COMP 110L|ALGRTH/PROG LAB|17003|JD1105|TuTh|05:30pm|06:45pm|"Haghoo,Majid"
COMP 110L|ALGRTH/PROG LAB|17004|JD1105|TuTh|08:30pm|09:45pm|"Haghoo,Majid"
COMP 122|COMP ARCH ASSEM|16311|JD1105|MoWe|05:00pm|05:25pm|"Kazandjian,Nerces Kevork"
COMP 122|COMP ARCH ASSEM|16391|JD1600A|TuTh|03:00pm|03:25pm|"Fitzgerald,Steven M"
COMP 122|COMP ARCH ASSEM|16567|JD1618|MoWe|09:00am|09:25am|"Abdelrahim,Mohammed F"
COMP 122|COMP ARCH ASSEM|16568|JD1618|MoWe|12:00pm|12:25pm|"Abdelrahim,Mohammed F"
COMP 122|COMP ARCH ASSEM|16793|JD1618|TuTh|03:00pm|03:25pm|"Meguerdijian,Sarkis"
COMP 122|COMP ARCH ASSEM|16980|JD1600A|TuTh|02:00pm|02:25pm|"Drobman,Jeffrey H"
COMP 122L|COMP ARCH ASSEM|16316|JD1105|MoWe|05:30pm|06:45pm|"Kazandjian,Nerces Kevork"
COMP 122L|COMP ARCH ASSEM|16392|JD1600A|TuTh|03:30pm|04:45pm|"Fitzgerald,Steven M"
COMP 122L|COMP ARCH ASSEM|16569|JD1618|MoWe|09:30am|10:45am|"Abdelrahim,Mohammed F"
COMP 122L|COMP ARCH ASSEM|16570|JD1618|MoWe|12:30pm|01:25pm|"Abdelrahim,Mohammed F"
COMP 122L|COMP ARCH ASSEM|16794|JD1618|TuTh|03:30pm|04:45pm|"Meguerdijian,Sarkis"
COMP 122L|COMP ARCH ASSEM|16981|JD1600A|TuTh|12:30pm|01:45pm|"Drobman,Jeffrey H"
COMP 182|DATA STRCT/PR DSG|16498|JD1105|MoWe|02:00pm|03:15pm|"Zartoshty,Bahram"
COMP 182|DATA STRCT/PR DSG|16393|JD1600|TuTh|11:00am|12:15pm|"Dastghaiby fard,Gholamhossein"
COMP 182|DATA STRCT/PR DSG|16317|JD1107|Sa|09:00am|11:45am|"Rarang,Joel Cruz"
COMP 182|DATA STRCT/PR DSG|16571|JD1600A|MoWe|07:00pm|08:15pm|"Heravi,Mani"
COMP 182|DATA STRCT/PR DSG|16795|JD1104|TuTh|07:00pm|08:15pm|"Asadorian,Sevak"
COMP 182|DATA STRCT/PR DSG|17013|JD1600|MoWe|03:30pm|04:45pm|"Abdelrahim,Mohammed F"
COMP 182L|DATA STRUCTURES LAB|16499|JD1105|MoWe|03:30pm|04:45pm|"Zartoshty,Bahram"
COMP 182L|DATA STRUCTURES LAB|16394|JD1600A|TuTh|09:30am|10:45am|"Dastghaiby fard,Gholamhossein"
COMP 182L|DATA STRUCTURES LAB|16318|JD1107|Sa|01:00pm|03:45pm|"Rarang,Joel Cruz"
COMP 182L|DATA STRUCTURES LAB|16572|JD1600A|MoWe|08:30pm|09:45pm|"Heravi,Mani"
COMP 182L|DATA STRUCTURES LAB|16796|JD1104|TuTh|08:30pm|09:45pm|"Asadorian,Sevak"
COMP 182L|DATA STRUCTURES LAB|17018|JD1600A|MoWe|02:00pm|03:15pm|"Abdelrahim,Mohammed F"
COMP 182L|DATA STRUCTURES LAB|17019|JD1600A|MoWe|05:00pm|06:15pm|"Abdelrahim,Mohammed F"
COMP 196AA|ALGRTH/PROG A|20771|JD1105|MoWe|08:30am|09:20am|"Stepanek,Steven G"
COMP 196AAL|ALGRTH/PROG A LAB|20772|JD1105|MoWe|09:30am|10:45am|"Stepanek,Steven G"
COMP 196AAL|ALGRTH/PROG A LAB|20773|JD1105|MoWe|11:00am|12:15pm|"Stepanek,Steven G"
COMP 222|COMPUTER ORGNZTON|16320|JD3510|TuTh|02:00pm|03:15pm|"McIlhenny,Robert D"
COMP 222|COMPUTER ORGNZTON|16321|JD1618|TuTh|08:00am|09:15am|"Lazik,George L"
COMP 222|COMPUTER ORGNZTON|16839|JD1618|TuTh|09:30am|10:45am|"Lazik,George L"
COMP 222|COMPUTER ORGNZTON|17067|JD1618|TuTh|11:00am|12:15pm|"Lazik,George L"
COMP 222|COMPUTER ORGNZTON|21293|JD1600|Tu|07:00pm|09:45pm|"Bhatt,Vijay J"
COMP 256|DISC STRUCT|16592|JD3508|MoWe|09:30am|10:45am|"Mkrtchyan,Katya"
COMP 256|DISC STRUCT|16850|JD3508|TuTh|07:00pm|08:15pm|"Clark,Adam Scott"
COMP 256L|DISC STRUCT LAB|16593|JD3508|MoWe|11:00am|12:15pm|"Mkrtchyan,Katya"
COMP 256L|DISC STRUCT LAB|16851|JD3508|TuTh|08:30pm|09:45pm|"Clark,Adam Scott"
COMP 282|ADV DATA STRUCT|16322|JD3510|MoWe|02:00pm|03:15pm|"Lorentz,Richard J"
COMP 282|ADV DATA STRUCT|16323|JD3510|MoWe|03:30pm|04:45pm|"Lorentz,Richard J"
COMP 282|ADV DATA STRUCT|16573|JD3508|MoWe|03:30pm|04:45pm|"Noga,John J"
COMP 282|ADV DATA STRUCT|16840|JD1538|TuTh|02:00pm|03:15pm|"Dastghaiby fard,Gholamhossein"
COMP 282|ADV DATA STRUCT|21292|JD1600|TuTh|05:00pm|06:15pm|"Dastghaiby fard,Gholamhossein"
COMP 300|COMPUTER FLUENCY|16385|JD1105|Fr|11:00am|01:45pm|"Sales,Christopher B"
COMP 310|AUTO LANG+COMPUTN|16395|JD3508|TuTh|02:00pm|03:15pm|"Lorentz,Richard J"
COMP 310|AUTO LANG+COMPUTN|16574|JD3508|TuTh|03:30pm|04:45pm|"Lorentz,Richard J"
COMP 310|AUTO LANG+COMPUTN|16929|JD3508|MoWe|12:30pm|01:45pm|"Mkrtchyan,Katya"
COMP 322|INTRO OPRTNG SYST|16449|JD1600|Sa|11:00am|01:45pm|"Biel,Dino Aaron"
COMP 322|INTRO OPRTNG SYST|16864|JD3520|MoWe|02:00pm|03:15pm|"Meguerdijian,Sarkis"
COMP 322L|OPRTNG SYSTMS LAB|16334|JD1600|Sa|02:00pm|04:45pm|"Biel,Dino Aaron"
COMP 322L|OPRTNG SYSTMS LAB|16562|JD1618|MoWe|05:00pm|06:15pm|"Meguerdijian,Sarkis"
COMP 322L|OPRTNG SYSTMS LAB|16335|JD1618|MoWe|03:30pm|04:45pm|"Meguerdijian,Sarkis"
COMP 333|CONCPTS PROG LANG|16594|JD1104|MoWe|12:30pm|01:45pm|"Dewey,Kyle T"
COMP 333|CONCPTS PROG LANG|16595|JD2221|MoWe|02:00pm|03:15pm|"Dewey,Kyle T"
COMP 333|CONCPTS PROG LANG|16886|JD3504|TuTh|08:00am|09:15am|"Schwartz,Diane L"
COMP 380|INTRO SE PROJ|16538|JD2213|MoWe|07:00pm|07:50pm|"Stein,Lawrence J"
COMP 380|INTRO SE PROJ|16529|JD2213|Tu|07:00pm|08:45pm|"Mushkatblat,Yevgeniya"
COMP 380|INTRO SE PROJ|16575|JD2213|Sa|01:00pm|02:45pm|"Isayan,Sevada"
COMP 380L|SOFTWARE ENGR LAB|16539|JD2213|MoWe|08:00pm|09:15pm|"Stein,Lawrence J"
COMP 380L|SOFTWARE ENGR LAB|16530|JD2213|Th|07:00pm|09:45pm|"Mushkatblat,Yevgeniya"
COMP 380L|SOFTWARE ENGR LAB|16576|JD2213|Sa|03:00pm|05:45pm|"Isayan,Sevada"
COMP 410|LOGIC PROGRAMMING|20660|JD2221|MoWe|03:30pm|04:45pm|"Dewey,Kyle T"
COMP 424|COMP SYSTM SECRTY|16749|JD3510|MoWe|08:00am|09:15am|"Dhillon,Harjit S"
COMP 424|COMP SYSTM SECRTY|16816|JD3510|MoWe|11:00am|12:15pm|"Dhillon,Harjit S"
COMP 424|COMP SYSTM SECRTY|16977|TBA|TBA|TBA|TBA|Staff
COMP 429|COMP NETWRK SFTWR|16534|JD2216|Mo|07:00pm|09:45pm|"Yu,Senhua"
COMP 429|COMP NETWRK SFTWR|16978|JD2216|We|07:00pm|09:45pm|"Yu,Senhua"
COMP 465|GRAPHIC SYST/DSGN|16348|JD2221|MoWe|07:00pm|07:50pm|"Karamian,Vahe"
COMP 465L|GRAPH SYS/DSN LAB|16361|JD2221|MoWe|08:00pm|09:15pm|"Karamian,Vahe"
COMP 467|MULTIMEDIA SYSTEM|16491|JD2221|Sa|08:00am|10:45am|"Mushkatblat,Yevgeniya"
COMP 482|ALGORITHM DESIGN|16930|JD3508|Fr|11:00am|01:45pm|"Noga,John J"
COMP 482|ALGORITHM DESIGN|16931|JD3508|MoWe|05:00pm|06:15pm|"Noga,John J"
COMP 484|WEB ENGR I|16489|JD1104|TuTh|04:30pm|05:20pm|"Marin,Oscar R"
COMP 484|WEB ENGR I|16814|JD1618|TuTh|07:00pm|07:50pm|"Marin,Oscar R"
COMP 484|WEB ENGR I|16964|JD1538|MoWe|04:30pm|05:20pm|"Babakhanlou,Tania"
COMP 484L|WEB ENGR I LAB|16490|JD1104|TuTh|05:30pm|06:45pm|"Marin,Oscar R"
COMP 484L|WEB ENGR I LAB|16815|JD1618|TuTh|08:00pm|09:15pm|"Marin,Oscar R"
COMP 484L|WEB ENGR I LAB|16965|JD1538|MoWe|05:30pm|06:45pm|"Babakhanlou,Tania"
COMP 485|HUM-COMP INTERACT|16765|JD2216|Tu|07:00pm|09:45pm|"Boctor,Maged N"
COMP 485|HUM-COMP INTERACT|16852|JD2216|Fr|11:00am|01:45pm|"Liu,Li"
COMP 485|HUM-COMP INTERACT|16900|JD2221|Fr|07:00pm|09:45pm|"Isayan,Sevada"
COMP 490|SR DESIGN PROJECT|16535|JD2213|MoWe|12:30pm|01:45pm|"Dousette,Patricia J"
COMP 490|SR DESIGN PROJECT|16737|JD3520|TuTh|11:00am|12:15pm|"Amini,Afshin"
COMP 490|SR DESIGN PROJECT|16865|JD2217|MoWe|11:00am|12:15pm|"Amini,Afshin"
COMP 490|SR DESIGN PROJECT|16918|JD2213|MoWe|09:30am|10:45am|"Kazandjian,Nerces Kevork"
COMP 490L|SR DESIGN LAB|16540|JD2213|MoWe|02:00pm|03:15pm|"Dousette,Patricia J"
COMP 490L|SR DESIGN LAB|16651|JD2213|MoWe|03:30pm|04:45pm|"Dousette,Patricia J"
COMP 490L|SR DESIGN LAB|16817|JD2213|TuTh|12:30pm|01:45pm|"Amini,Afshin"
COMP 490L|SR DESIGN LAB|16822|JD2213|TuTh|02:00pm|03:15pm|"Amini,Afshin"
COMP 490L|SR DESIGN LAB|16890|JD2221|MoWe|12:30pm|01:45pm|"Amini,Afshin"
COMP 490L|SR DESIGN LAB|16891|JD2216|MoWe|09:30am|10:45am|"Amini,Afshin"
COMP 490L|SR DESIGN LAB|16912|JD2213|TuTh|09:30am|10:45am|"Kazandjian,Nerces Kevork"
COMP 528|MOBILE COMPUTING|17008|JD2221|TuTh|10:00am|10:50am|"Nahapetian,Ani"
COMP 528L|MOBILE COMP LAB|17009|JD2221|TuTh|11:00am|12:15pm|"Nahapetian,Ani"
COMP 541|DATA MINING|16932|JD2216|TuTh|02:00pm|03:15pm|"Wang,Taehyung"
COMP 542|MACHINE LEARNING|20665|JD2216|TuTh|05:00pm|06:15pm|"Wang,Taehyung"
COMP 542|MACHINE LEARNING|20666|JD2216|TuTh|09:30am|10:45am|"Hsu,Wen Chin"
COMP 582|SW REQUIREMENTS|16750|JD2221|We|08:00am|10:45am|"Nahapetian,Armen"
COMP 585|GRAPH USRS INTRFC|16739|JD2216|We|04:00pm|06:45pm|"Karamian,Vahe"
COMP 586|OO SOFTWARE DEV|16853|JD3508|Mo|07:00pm|09:45pm|"Rabinovich,Felix"
COMP 615|ADV COMPUTAT THRY|16644|JD3508|MoWe|02:00pm|03:15pm|"Mkrtchyan,Katya"
COMP 620|COMP SYST ARCHITE|16362|JD3510|Th|07:00pm|09:45pm|"McIlhenny,Robert D"
COMP 684|SW ARCH & DESIGN|16762|JD3510|We|07:00pm|09:45pm|"Boctor,Maged N"
COMP 696C|DIR GRAD RESEARCH|16365|TBA|TBA|TBA|TBA|"Mkrtchyan,Katya"
COMP 696C|DIR GRAD RESEARCH|16366|TBA|TBA|TBA|TBA|"Wang,Taehyung"
COMP 696C|DIR GRAD RESEARCH|16367|TBA|TBA|TBA|TBA|"Kaplan,Adam B"
COMP 696C|DIR GRAD RESEARCH|16369|TBA|TBA|TBA|TBA|"Liu,Li"
COMP 696C|DIR GRAD RESEARCH|16374|TBA|TBA|TBA|TBA|"McIlhenny,Robert D"
COMP 696C|DIR GRAD RESEARCH|16375|TBA|TBA|TBA|TBA|"Nahapetian,Ani"
COMP 696C|DIR GRAD RESEARCH|16383|TBA|TBA|TBA|TBA|"Noga,John J"
COMP 698C|THESIS/GRAD PROJ|16368|TBA|TBA|TBA|TBA|"Wang,Taehyung"
COMP 698C|THESIS/GRAD PROJ|16370|TBA|TBA|TBA|TBA|"McIlhenny,Robert D"
COMP 698C|THESIS/GRAD PROJ|16376|TBA|TBA|TBA|TBA|"Noga,John J"
COMP 698C|THESIS/GRAD PROJ|16377|TBA|TBA|TBA|TBA|"Liu,Li"
COMP 698C|THESIS/GRAD PROJ|16381|TBA|TBA|TBA|TBA|Staff
COMP 698C|THESIS/GRAD PROJ|16382|TBA|TBA|TBA|TBA|Staff
COMP 698C|THESIS/GRAD PROJ|16424|TBA|TBA|TBA|TBA|Staff
