EDUC 201|RAISE GPA|15950|ED1125|Mo|10:00am|10:50am|"Garcia,Eric P"
EDUC 201|RAISE GPA|16021|ED3115|Tu|09:00am|09:50am|"Garcia,Max"
EDUC 201|RAISE GPA|16033|ED1125|We|02:00pm|02:50pm|"Harvey,Devin Tywon"
EDUC 201|RAISE GPA|16186|ED1125|We|10:00am|10:50am|"Harvey,Devin Tywon"
EDUC 201|RAISE GPA|16187|ED2117|Mo|01:00pm|01:50pm|"Mora,Peter"
EDUC 201|RAISE GPA|16188|ED1125|Th|10:00am|10:50am|"Danis,Gabrielle M"
EDUC 201|RAISE GPA|16189|ED3113|Mo|05:00pm|05:50pm|"Chavez,Jose M"
EDUC 201|RAISE GPA|21166|ED1121|Tu|02:00pm|02:50pm|"Fabricant,Autumn"
