HSCI 131|HEALTH + SOCIETY|18786|JD3514|MoWe|11:00am|12:15pm|"Parks,Robyn G"
HSCI 131|HEALTH + SOCIETY|19763|JD3502|TuTh|12:30pm|01:45pm|"Marquard-Tormey,Janet L"
HSCI 131|HEALTH + SOCIETY|19764|SQ104|TuTh|02:00pm|03:15pm|"Marquard-Tormey,Janet L"
HSCI 132|HIST PREV MEDICIN|18896|JD3502|MoWe|11:00am|12:15pm|"Maida,Carl A"
HSCI 170|EMRG PROCEDURES|18787|JD3516|Tu|02:00pm|03:40pm|"Mcqueen,Bryan Michael"
HSCI 170|EMRG PROCEDURES|18788|JD3516|Tu|04:00pm|05:40pm|"Peace,Renee L"
HSCI 170|EMRG PROCEDURES|18789|JD3516|Sa|09:00am|10:40am|"Peace,Renee L"
HSCI 181|MED IMAGING I|18798|JD1124|MoWe|09:30am|11:50am|"Little,Jennifer M"
HSCI 231|WOMEN AND HEALTH|18790|SQ104|MoWe|02:00pm|03:15pm|"Parks,Robyn G"
HSCI 231|WOMEN AND HEALTH|18791|SQ104|TuTh|09:30am|10:45am|"Parks,Robyn G"
HSCI 231|WOMEN AND HEALTH|19036|SQ109|We|04:00pm|06:45pm|"Marquard-Tormey,Janet L"
HSCI 231|WOMEN AND HEALTH|19226|LO1117|TuTh|02:00pm|03:15pm|"Parks,Robyn G"
HSCI 280|RAD/TECH CLNCL I|18799|JD1124|We|04:00pm|06:45pm|"Coleman,Iisha L, ..."
HSCI 280|RAD/TECH CLNCL I|19583|TBA|TBA|TBA|TBA|"Coleman,Iisha L, ..."
HSCI 283|RAD/TECH CLNCL IV|18805|JD2520|Tu|12:30pm|03:45pm|"Grate,Lisa M, ..."
HSCI 283|RAD/TECH CLNCL IV|19584|TBA|TBA|TBA|TBA|"Coleman,Iisha L, ..."
HSCI 285|RAD ANATOMY+POS I|18800|JD1124|MoWe|12:00pm|03:45pm|"Abrishami,Doris"
HSCI 312|INTRO HEALTH ADM|18828|JD3502|Tu|04:00pm|06:45pm|"Saunders-Russell,Carmen T"
HSCI 312|INTRO HEALTH ADM|19739|JD3502|We|04:00pm|06:45pm|"Saunders-Russell,Carmen T"
HSCI 312|INTRO HEALTH ADM|19740|JD3502|Fr|08:00am|10:45am|"Saunders-Russell,Carmen T"
HSCI 312|INTRO HEALTH ADM|19741|JD2524|Fr|11:00am|01:45pm|"Brady,Keith Darryl"
HSCI 313|HEALTH ADMIN|18829|JD1124|Mo|04:00pm|06:45pm|"Pullen,Carrie"
HSCI 313|HEALTH ADMIN|19743|JD2520|TuTh|11:00am|12:15pm|"Saunders-Russell,Carmen T"
HSCI 313|HEALTH ADMIN|19745|JD1552|Sa|11:00am|01:45pm|"Augustin,Frankie"
HSCI 314|ORG HLTH SERVICES|18830|JD1563|We|07:00pm|09:45pm|"Farber,Randy N"
HSCI 314|ORG HLTH SERVICES|19746|ONLINE|TBA|TBA|TBA|"Bhavsar,Grishma P"
HSCI 314|ORG HLTH SERVICES|19747|JD3502|Fr|11:00am|01:45pm|"Sorensen,Ronald D"
HSCI 314|ORG HLTH SERVICES|19748|ONLINE|TBA|TBA|TBA|"Rusch,Cathy S"
HSCI 314|ORG HLTH SERVICES|19749|JD1124|Th|04:00pm|06:45pm|"Rusch,Cathy S"
HSCI 314|ORG HLTH SERVICES|20016|JD3510|Tu|07:00pm|09:45pm|"Doyle,Robert V"
HSCI 314|ORG HLTH SERVICES|20017|ONLINE|TBA|TBA|TBA|"Rusch,Cathy S"
HSCI 314|ORG HLTH SERVICES|21265|JD2528|Mo|11:00am|12:15pm|"Winkelman,Craig D"
HSCI 331|PUBLICHLTHED|19603|JD3516|MoWe|09:30am|10:45am|"Valdez,Carla Mary"
HSCI 331|PUBLICHLTHED|19604|JD3516|MoWe|11:00am|12:15pm|"Valdez,Carla Mary"
HSCI 331|PUBLICHLTHED|19605|JD3516|TuTh|09:30am|10:45am|"Valdez,Carla Mary"
HSCI 331|PUBLICHLTHED|19770|JD3516|We|04:00pm|06:45pm|"Valdez,Carla Mary"
HSCI 331|PUBLICHLTHED|19841|JD3516|TuTh|12:30pm|01:45pm|"Valdez,Carla Mary"
HSCI 331|PUBLICHLTHED|21266|JD3514|Fr|11:00am|01:45pm|"Valdez,Carla Mary"
HSCI 336|HLTH ASP DRUG USE|18792|JD3502|MoWe|02:00pm|03:15pm|"Maida,Carl A"
HSCI 336|HLTH ASP DRUG USE|18793|ONLINE|TBA|TBA|TBA|"Wallace,Debra R"
HSCI 336|HLTH ASP DRUG USE|19185|ONLINE|TBA|TBA|TBA|"Wallace,Debra R"
HSCI 336|HLTH ASP DRUG USE|19227|ONLINE|TBA|TBA|TBA|"Wallace,Debra R"
HSCI 336|HLTH ASP DRUG USE|19243|JD3502|We|09:30am|10:45am|"Wallace,Debra R"
HSCI 337|NUTRITION + HLTH|18794|LA181|Mo|04:00pm|06:45pm|"Edmonds,Robin D"
HSCI 337|NUTRITION + HLTH|18795|JD3514|TuTh|12:30pm|01:45pm|"Edmonds,Robin D"
HSCI 345|PUB HLTH ISSUES|19253|ONLINE|TBA|TBA|TBA|"Chaudhari,Lisa"
HSCI 345|PUB HLTH ISSUES|18911|JD3514|Mo|12:30pm|01:45pm|"Winkelman,Craig D"
HSCI 345|PUB HLTH ISSUES|18945|JD3514|We|12:30pm|01:45pm|"Winkelman,Craig D"
HSCI 345|PUB HLTH ISSUES|18972|SQ104|Tu|04:00pm|06:45pm|"Madjzoob,Gretta"
HSCI 345|PUB HLTH ISSUES|19046|JD3514|MoWe|02:00pm|03:15pm|"Williams,Joy C"
HSCI 345|PUB HLTH ISSUES|19189|ONLINE|TBA|TBA|TBA|"Chaudhari,Lisa"
HSCI 345|PUB HLTH ISSUES|19358|JD3514|Mo|07:00pm|09:45pm|"Williams,Joy C"
HSCI 345|PUB HLTH ISSUES|19360|JD3516|Fr|11:00am|01:45pm|"Madjzoob,Gretta"
HSCI 345|PUB HLTH ISSUES|19497|ONLINE|TBA|TBA|TBA|"Chaudhari,Lisa"
HSCI 345|PUB HLTH ISSUES|19590|JD3514|Tu|07:00pm|09:45pm|"Salazar,Jose C"
HSCI 345|PUB HLTH ISSUES|19599|ONLINE|TBA|TBA|TBA|"Ebin,VIcki J"
HSCI 345|PUB HLTH ISSUES|19705|JD3514|We|07:00pm|09:45pm|"Salazar,Jose C"
HSCI 345|PUB HLTH ISSUES|19706|JD3514|TuTh|09:30am|10:45am|"Sepsis,Peter Gregory"
HSCI 345|PUB HLTH ISSUES|21298|JD1553|Mo|09:30am|10:45am|"Cohen,Susan R"
HSCI 345|PUB HLTH ISSUES|21324|ONLINE|TBA|TBA|TBA|"Winkelman,Craig D"
HSCI 380|XSECT ANA FOR RAD|19056|JD1124|Tu|09:30am|12:15pm|"Abrishami,Doris"
HSCI 382|MAMMOGRAPHY|18801|JD2520|Tu|07:00pm|09:45pm|"Neiberg,Karen B"
HSCI 384|COMPUTER DIAG IMG|18802|JD1124|Th|01:00pm|03:45pm|"Little,Jennifer M"
HSCI 387|RS CLIN ED VII|19249|TBA|TBA|TBA|TBA|"Naugle,Lisa R, ..."
HSCI 387|RS CLIN ED VII|19585|TBA|TBA|TBA|TBA|"Grate,Lisa M, ..."
HSCI 390|BIOSTATISTICS|18819|JD3520|Tu|04:00pm|06:45pm|"Rogers,Christopher James"
HSCI 390|BIOSTATISTICS|19305|ONLINE|TBA|TBA|TBA|"Bahr,Kaitlin O"
HSCI 390|BIOSTATISTICS|19516|ONLINE|TBA|TBA|TBA|"Bahr,Kaitlin O"
HSCI 390|BIOSTATISTICS|18820|JD2528|TuTh|12:30pm|01:45pm|"Gutierrez,Miguel"
HSCI 390|BIOSTATISTICS|18821|JD2522|TuTh|11:00am|12:15pm|"Gutierrez,Miguel"
HSCI 390|BIOSTATISTICS|18913|JD1552|Mo|04:00pm|06:45pm|"Rogers,Christopher James"
HSCI 390|BIOSTATISTICS|19013|JD2522|MoWe|11:00am|12:15pm|"Fedortsova,Nadia"
HSCI 390|BIOSTATISTICS|19425|BB1202|We|04:00pm|06:45pm|"Alhiyari,Yazeed"
HSCI 390|BIOSTATISTICS|19479|BB1117|MoWe|12:30pm|01:45pm|"Fedortsova,Nadia"
HSCI 390|BIOSTATISTICS|19782|JD3516|Fr|08:00am|10:45am|"Fedortsova,Nadia"
HSCI 390|BIOSTATISTICS|19783|JD2522|Th|04:00pm|06:45pm|"Sandoval,Alejandra"
HSCI 390L|BIOSTATISTICS LAB|18822|JD2521|Tu|07:00pm|08:50pm|"Pineda,John"
HSCI 390L|BIOSTATISTICS LAB|18823|ONLINE|TBA|TBA|TBA|"Vetrone,Steven"
HSCI 390L|BIOSTATISTICS LAB|19306|ONLINE|TBA|TBA|TBA|"Vetrone,Steven"
HSCI 390L|BIOSTATISTICS LAB|19307|JD2521|TuTh|02:00pm|02:50pm|"Nunes,Stephanie N"
HSCI 390L|BIOSTATISTICS LAB|19517|JD2521|TuTh|12:30pm|01:20pm|"Nunes,Stephanie N"
HSCI 390L|BIOSTATISTICS LAB|19518|JD2521|Mo|07:00pm|08:40pm|"Co,Danielle Erika Brazil"
HSCI 390L|BIOSTATISTICS LAB|18824|JD2521|MoWe|12:30pm|01:20pm|"Toruno,Ruth Guadalupe"
HSCI 390L|BIOSTATISTICS LAB|18914|RE276|We|07:00pm|08:40pm|"Co,Danielle Erika Brazil"
HSCI 390L|BIOSTATISTICS LAB|19014|JD2521|MoWe|02:00pm|02:50pm|"Toruno,Ruth Guadalupe"
HSCI 390L|BIOSTATISTICS LAB|19426|JD2521|Fr|11:00am|12:40pm|"Alvarado,Stephanie Michell"
HSCI 390L|BIOSTATISTICS LAB|19480|JD2521|Fr|01:00pm|02:40pm|"Alvarado,Stephanie Michell"
HSCI 390L|BIOSTATISTICS LAB|19617|RE276|Th|07:00pm|08:40pm|"Nunes,Stephanie N"
HSCI 391|COMPUTER APP HSCI|19688|JD2521|Tu|09:30am|11:55am|"Spinello,Elio F"
HSCI 391|COMPUTER APP HSCI|19689|JD2521|We|06:00pm|08:25pm|"Spinello,Elio F"
HSCI 391|COMPUTER APP HSCI|19690|ONLINE|TBA|TBA|TBA|"Gutierrez,Miguel"
HSCI 391|COMPUTER APP HSCI|19691|JD2521|Sa|09:00am|01:50pm|"Gundry,Adrienne M"
HSCI 391|COMPUTER APP HSCI|19692|SQ246|Fr|04:00pm|08:50pm|"Larson,Todd S"
HSCI 391|COMPUTER APP HSCI|19693|JD2521|Sa|03:00pm|07:50pm|"Alhiyari,Yazeed"
HSCI 391|COMPUTER APP HSCI|19694|ONLINE|TBA|TBA|TBA|"Larson,Todd S"
HSCI 391|COMPUTER APP HSCI|19842|ONLINE|Th|TBA|TBA|"Larson,Todd S"
HSCI 391|COMPUTER APP HSCI|19922|ONLINE|TBA|TBA|TBA|"Gutierrez,Miguel"
HSCI 391|COMPUTER APP HSCI|19923|SQ246|Sa|10:00am|02:50pm|"Alhiyari,Yazeed"
HSCI 412|MED CARE ORGNT US|18831|JD2524|MoWe|12:30pm|01:45pm|"Oppenberg,Andrew A"
HSCI 412|MED CARE ORGNT US|19750|JD2528|Tu|04:00pm|06:45pm|"Doyle,Robert V"
HSCI 412|MED CARE ORGNT US|19751|SG110|We|04:00pm|06:45pm|"Oppenberg,Andrew A"
HSCI 413|LEAD ADM HLTH SER|18832|BB1230|Tu|04:00pm|06:45pm|"Pullen,Carrie"
HSCI 413|LEAD ADM HLTH SER|19072|JD2528|We|04:00pm|06:45pm|"Duarte,Stephen"
HSCI 413|LEAD ADM HLTH SER|19753|JD2520|Fr|02:00pm|04:45pm|"Sherman,James F"
HSCI 414|HLTH LAW|18833|JD2528|Mo|07:00pm|09:45pm|"Jackson,Jerry W"
HSCI 414|HLTH LAW|19270|JD1124|We|07:00pm|09:45pm|"Jackson,Jerry W"
HSCI 414|HLTH LAW|19519|JD2528|Th|04:00pm|06:45pm|"Oppenberg,Andrew A"
HSCI 415|HLTH INFOR SYSTEM|19396|MH101|Tu|04:00pm|06:45pm|"Stumpf,Steven H"
HSCI 415|HLTH INFOR SYSTEM|19520|BH313|Th|04:00pm|06:45pm|"Stumpf,Steven H"
HSCI 415|HLTH INFOR SYSTEM|19756|JD2522|Sa|02:00pm|04:45pm|"Gundry,Adrienne M"
HSCI 416|UTIL OF PERSONNEL|18834|JD2520|Mo|04:00pm|06:45pm|"Oppenberg,Andrew A"
HSCI 416|UTIL OF PERSONNEL|19395|JD2520|MoWe|02:00pm|03:15pm|"Oppenberg,Andrew A"
HSCI 416|UTIL OF PERSONNEL|19521|BH304|We|07:00pm|09:45pm|"Stumpf,Steven H"
HSCI 422|HLTH SER ELDY MI|18835|SG108|Th|04:00pm|06:45pm|"Chung,Kyusuk"
HSCI 424|HEALTH PLANNING|18836|JD2528|Mo|04:00pm|06:45pm|"Cianci,Damon J"
HSCI 424|HEALTH PLANNING|19394|SQ103|We|07:00pm|09:45pm|"Cianci,Damon J"
HSCI 424|HEALTH PLANNING|19522|JD2524|Th|04:00pm|06:45pm|"Sorensen,Ronald D"
HSCI 425|FINC PLAN + REINB|19041|JD2528|MoWe|12:30pm|01:45pm|"Sherman,James F"
HSCI 425|FINC PLAN + REINB|19271|BB1228|Tu|04:00pm|06:45pm|"Fliegelman,Dennis"
HSCI 425|FINC PLAN + REINB|19759|JD2520|Sa|11:00am|01:45pm|"Fliegelman,Dennis"
HSCI 431|HEALTH BEHAVIOR|18848|JD3516|MoWe|02:00pm|03:15pm|"Blackman,Kacie"
HSCI 431|HEALTH BEHAVIOR|19228|JD3516|TuTh|11:00am|12:15pm|"Sawyer,Mirna T"
HSCI 431|HEALTH BEHAVIOR|19477|SG105|Tu|04:00pm|06:45pm|"Emetu,Bobbie E."
HSCI 431|HEALTH BEHAVIOR|19771|SQ103|TuTh|12:30pm|01:45pm|"Walter,Lauren C"
HSCI 431|HEALTH BEHAVIOR|19840|TBA|TBA|TBA|TBA|Staff
HSCI 434|LACT ED PRENATAL|19317|JD2520|We|11:00am|12:15pm|"Efrat,Merav W"
HSCI 434|LACT ED PRENATAL|19687|JD2520|We|12:30pm|01:45pm|"Efrat,Merav W"
HSCI 434|LACT ED PRENATAL|21189|JD2522|Fr|11:00am|01:45pm|"Jaffe,Fran H"
HSCI 436|HEALTH CONCN/ADOL|18853|JD3516|Fr|02:00pm|04:45pm|"Madjzoob,Gretta"
HSCI 437|STRATG MKG HL DES|19252|JD1553|TuTh|12:30pm|01:45pm|"Wicks,Tanya R"
HSCI 437|STRATG MKG HL DES|19523|JD2520|Fr|11:00am|01:45pm|"Adams,Crystal P"
HSCI 437|STRATG MKG HL DES|19773|JD3516|Mo|04:00pm|06:45pm|"Adams,Crystal P"
HSCI 437|STRATG MKG HL DES|19860|JD3514|Tu|04:00pm|06:45pm|"Yi,Jenny K"
HSCI 437|STRATG MKG HL DES|19958|JD3516|MoWe|12:30pm|01:45pm|"Yi,Jenny K"
HSCI 437|STRATG MKG HL DES|21267|TBA|TBA|TBA|TBA|Staff
HSCI 439|COMM HLTH ACTION|18849|JD3514|TuTh|11:00am|12:15pm|"Young,Kathleen J"
HSCI 439|COMM HLTH ACTION|19268|JD3514|Th|04:00pm|06:45pm|"Goodman,Jeffrey"
HSCI 439|COMM HLTH ACTION|19774|BB1212|We|04:00pm|06:45pm|"Goodman,Jeffrey"
HSCI 439|COMM HLTH ACTION|19861|JD1555|TuTh|12:30pm|01:45pm|"Young,Kathleen J"
HSCI 439|COMM HLTH ACTION|19959|JD3514|MoWe|09:30am|10:45am|"Adams,Crystal P"
HSCI 439|COMM HLTH ACTION|21190|JD1610|Th|07:00pm|09:45pm|"Goodman,Jeffrey"
HSCI 440|FAMILY HEALTH|19775|JD3514|We|04:00pm|06:45pm|"Wicks,Tanya R"
HSCI 441|COMMUNITY HEALTH|19065|BB1129|MoWe|11:00am|12:15pm|"Rainisch,Bethany K.W."
HSCI 441|COMMUNITY HEALTH|19242|BB1232|MoWe|12:30pm|01:45pm|"Adams,Crystal P"
HSCI 441|COMMUNITY HEALTH|19524|JD3502|Mo|04:00pm|06:45pm|"Vergel de Dios,Vir-Iaesta M"
HSCI 441|COMMUNITY HEALTH|19709|JD3502|TuTh|11:00am|12:15pm|"Wicks,Tanya R"
HSCI 441|COMMUNITY HEALTH|19862|JD3502|TuTh|09:30am|10:45am|"Wicks,Tanya R"
HSCI 441|COMMUNITY HEALTH|19863|JD3502|We|07:00pm|09:45pm|"Vergel de Dios,Vir-Iaesta M"
HSCI 442|HLTHCULDIVERSITY|19272|JD3502|Th|04:00pm|06:45pm|"Kim,Joo Y"
HSCI 445|PROG  EVAL|18850|JD1600|TuTh|12:30pm|01:45pm|"Sawyer,Mirna T"
HSCI 445|PROG  EVAL|19269|SH382|Th|04:00pm|06:45pm|"Friedman,Julie A"
HSCI 445|PROG  EVAL|19397|JD2524|MoWe|11:00am|12:15pm|"Sawyer,Mirna T"
HSCI 445|PROG  EVAL|19776|BB1238|MoWe|12:30pm|01:45pm|"Spear,Suzanne E"
HSCI 445|PROG  EVAL|19864|TBA|TBA|TBA|TBA|Staff
HSCI 465ELM|TEACHING HEALTH|18975|ONLINE|TBA|TBA|TBA|"Young,Kathleen J"
HSCI 465ELM|TEACHING HEALTH|19009|ONLINE|TBA|TBA|TBA|"Young,Kathleen J"
HSCI 465ELM|TEACHING HEALTH|19944|ONLINE|TBA|TBA|TBA|"Young,Kathleen J"
HSCI 465ELM|TEACHING HEALTH|19947|ONLINE|TBA|TBA|TBA|"Young,Kathleen J"
HSCI 465ELM|TEACHING HEALTH|21191|ONLINE|TBA|TBA|TBA|"Young,Kathleen J"
HSCI 466ADO|HLTH CONCERN ADOL|18855|ONLINE|TBA|TBA|TBA|"Hansen,Jacqueline Ann"
HSCI 466ADO|HLTH CONCERN ADOL|19945|ONLINE|TBA|TBA|TBA|"Young,Kathleen J"
HSCI 466ADO|HLTH CONCERN ADOL|19948|ONLINE|TBA|TBA|TBA|"Hansen,Jacqueline Ann"
HSCI 478|SEM CURRNT TRNDS|19398|ED2121B|Mo|07:00pm|09:45pm|"Stumpf,Steven H"
HSCI 480|COMP TOMOGRAPHY|18803|JD1124|TuTh|08:00am|09:15am|"Little,Jennifer M"
HSCI 482|ANG INTERVEN TECH|18804|JD1124|Th|09:30am|12:15pm|"Quezada,Edmundo"
HSCI 483A|MED IMAGING PATH|19247|JD1124|Tu|04:00pm|06:45pm|"Abrishami,Doris"
HSCI 488|EPID INTR STD DIS|18825|ONLINE|TBA|TBA|TBA|"Benjamin,Stephanie M"
HSCI 488|EPID INTR STD DIS|18826|ONLINE|TBA|TBA|TBA|"Benjamin,Stephanie M"
HSCI 488|EPID INTR STD DIS|18827|JD3516|Mo|07:00pm|09:45pm|"Oksuzyan,Sona"
HSCI 488|EPID INTR STD DIS|19057|JD3516|Tu|07:00pm|09:45pm|"Rogers,Christopher James"
HSCI 488|EPID INTR STD DIS|19424|SG101|Th|04:00pm|06:45pm|"Oksuzyan,Sona"
HSCI 488|EPID INTR STD DIS|19496|JD2528|TuTh|09:30am|10:45am|"Chu,Lawrence D"
HSCI 488|EPID INTR STD DIS|19525|ONLINE|TBA|TBA|TBA|"Nakelsky,Shoshanna D"
HSCI 488|EPID INTR STD DIS|19620|ONLINE|TBA|TBA|TBA|"Nakelsky,Shoshanna D"
HSCI 488|EPID INTR STD DIS|19865|JD2528|TuTh|11:00am|12:15pm|"Chu,Lawrence D"
HSCI 488|EPID INTR STD DIS|19866|ONLINE|TBA|TBA|TBA|"Bellomy,Amy"
HSCI 494HA|INTERN HLTH ADMIN|19330|ONLINE|TBA|TBA|TBA|"Rusch,Cathy S"
HSCI 494IHA|INTERN EVAL HA|19335|TBA|TBA|TBA|TBA|"Rusch,Cathy S"
HSCI 494IPH|INTERN EVAL PH|20766|TBA|TBA|TBA|TBA|"Cohen,Susan R"
HSCI 494IPH|INTERN EVAL PH|20767|TBA|TBA|TBA|TBA|"Cohen,Susan R"
HSCI 494IPH|INTERN EVAL PH|20768|TBA|TBA|TBA|TBA|"Cohen,Susan R"
HSCI 494PH|INTERN PUB HLTH|20762|ONLINE|TBA|TBA|TBA|"Cohen,Susan R"
HSCI 494PH|INTERN PUB HLTH|20763|ONLINE|TBA|TBA|TBA|"Cohen,Susan R"
HSCI 494PH|INTERN PUB HLTH|20764|ONLINE|TBA|TBA|TBA|"Cohen,Susan R"
HSCI 505A|HEALTH INFORMATIC|19484|JD2528|Tu|07:00pm|09:45pm|"Bruse,Michael L"
HSCI 510|SYS HLTH DELV US|18910|JD2520|Th|07:00pm|09:45pm|"Chung,Kyusuk"
HSCI 511|INTRO/HLTHADM THR|18837|JD1555|Tu|07:00pm|09:45pm|"Augustin,Frankie"
HSCI 513|LDRSHP HLTH AD|18838|JD2520|We|07:00pm|09:45pm|"Duarte,Stephen"
HSCI 517|HLTH EC+NTL HLTH|18839|JD2520|Mo|07:00pm|09:45pm|"Malec,Brian T"
HSCI 533|ADV CON/HELTH BEH|19767|RE279|Mo|04:00pm|06:45pm|"Spear,Suzanne E"
HSCI 535|CURR DEVL HLTH ED|18843|JD1552|Tu|04:00pm|06:45pm|"Kwan,Patchareeya P"
HSCI 536|CULTRL ISS H C|19267|JD2522|Mo|07:00pm|09:45pm|"Sepsis,Peter Gregory"
HSCI 540|GRANTWRITEHLTHHHS|19216|JD2528|Th|07:00pm|09:45pm|"Guihama,Joy B"
HSCI 541|ADM/SUPRV/CONSULT|19618|JD1552|We|04:00pm|06:45pm|"Sherman,James F"
HSCI 587|SEM EPIDEMIOLOGY|18852|JD3510|Tu|04:00pm|06:45pm|"Benjamin,Stephanie M"
HSCI 592|ADV BIOSTAT HSCI|19619|BB1107|Th|04:00pm|06:45pm|"Forster,Myriam"
HSCI 592|ADV BIOSTAT HSCI|19696|SQ246|Th|07:00pm|09:45pm|"Forster,Myriam"
HSCI 614|HLTH ADM+FIN MGMT|19868|JD1124|Mo|07:00pm|09:45pm|"Fliegelman,Dennis"
HSCI 616|QUALITY ASSRNCE|18844|JD1124|Tu|07:00pm|09:45pm|"Bhavsar,Grishma P"
HSCI 618|STRTG PLNG HLTHAD|18845|JD1124|Th|07:00pm|09:45pm|"Esparza,Sal J"
HSCI 620|SEM HOSPITAL ADMN|19173|JD2520|Tu|04:00pm|06:45pm|"Duarte,Stephen"
HSCI 693A|SUP FIELD TRAIN|19170|JD1552|We|07:00pm|09:45pm|"Malec,Brian T"
HSCI 693A|SUP FIELD TRAIN|19171|JD1600|We|07:00pm|09:45pm|"Cohen,Susan R"
HSCI 693C|SUP FIELD TRAIN|19172|TBA|TBA|TBA|TBA|"Malec,Brian T"
HSCI 693C|SUP FIELD TRAIN|19946|TBA|TBA|TBA|TBA|"Cohen,Susan R"
HSCI 694|RESEARCH DESIGN|18851|BB1206|Mo|04:00pm|06:45pm|"Toledo-Corral,Claudia Michele"
HSCI 694|RESEARCH DESIGN|19399|SH207|We|04:00pm|06:45pm|"Toledo-Corral,Claudia Michele"
HSCI 696|ADV EPI METHODS|19971|JD2521|Mo|04:00pm|06:45pm|"Chu,Lawrence D"
HSCI 697|DIR COMP STUDIES|19169|RE153|Tu|07:00pm|09:45pm|"Rubino,Louis G"
HSCI 698C|THESIS/GRAD PROJ|18890|OV001|Tu|07:00pm|09:45pm|"Rubino,Louis G"
HSCI 698E|INT GRAD PROJ|21135|SQ102|Tu|07:00pm|09:45pm|"Rubino,Louis G"
