HUM 101|FORM+IDEA HUMAN|15217|MZ112|Tu|11:00am|12:15pm|"Swenson,Patricia J"
HUM 101|FORM+IDEA HUMAN|15218|SH382|Th|11:00am|12:15pm|"Swenson,Patricia J"
HUM 101|FORM+IDEA HUMAN|15219|ONLINE|TBA|TBA|TBA|"Taylor,Nancy A"
HUM 101|FORM+IDEA HUMAN|15220|SH309|TuTh|03:30pm|04:45pm|"Boyer,Teresa S"
HUM 101|FORM+IDEA HUMAN|15221|ONLINE|TBA|TBA|TBA|"Beadle,Jon A"
HUM 101|FORM+IDEA HUMAN|15223|BB1230|TuTh|02:00pm|03:15pm|"Srmabekian,Gina A"
HUM 101|FORM+IDEA HUMAN|15224|SH108|TuTh|09:30am|10:45am|"Taylor,Nancy A"
HUM 101|FORM+IDEA HUMAN|15240|SH382|TuTh|12:30pm|01:45pm|"Boyer,Teresa S"
HUM 101|FORM+IDEA HUMAN|15283|EU133|MoWe|09:30am|10:45am|"Polk,Patrick A"
HUM 101|FORM+IDEA HUMAN|15284|JR243|MoWe|11:00am|12:15pm|"Barnhart,Eric S"
HUM 101|FORM+IDEA HUMAN|15285|JR202|MoWe|12:30pm|01:45pm|"Polk,Patrick A"
HUM 101|FORM+IDEA HUMAN|15286|EU133|MoWe|02:00pm|03:15pm|"Ditch,Corri C"
HUM 105|CULTURAL ERAS I|15226|EU133|TuTh|02:00pm|03:15pm|"Forman,Kurt R"
HUM 391|CULT THEO & METH|15228|JR214|Mo|04:00pm|06:45pm|"Walsh,Philip W"
HUM 391|CULT THEO & METH|15229|BB1232|TuTh|02:00pm|03:15pm|"Pessin,Sean Edward"
HUM 491|CAPSTONE SEMINAR|20621|JR217|We|04:00pm|06:45pm|"Howard,Krystal Jo"
