J S 151|NATUR ENVIR JUDAI|14347|RE151|Th|08:45pm|09:30pm|"Wilsey,Kassandra C"
J S 200|JEWISH REL CULTR|14697|ONLINE|TBA|TBA|TBA|"Paskow,Michele"
J S 210|THE JEWISH PEOPLE|14204|JR214|TuTh|09:30am|10:45am|"Goodfriend,Elaine A"
J S 300|ARTS&LIT TO 1600|14135|TBA|TBA|TBA|TBA|Staff
J S 306|JEWSH FAML + COMM|20720|EU103|TuTh|09:30am|10:45am|"Thompson,Jennifer A"
J S 318|APPLIED JEW ETHIC|14812|ONLINE|TBA|TBA|TBA|"Thompson,Jennifer A"
J S 330|WOMN IN JEWISH EX|14221|JR117|TuTh|11:00am|12:15pm|"Goodfriend,Elaine A"
J S 390CS|INTERN_NONPROFITS|14756|SH312|We|03:30pm|06:15pm|"Hatkoff,Terry S"
