M E 101|MECH ENGR INTRO|16349|JD1592|MoWe|11:00am|11:25am|"Tarn,Robert B"
M E 101|MECH ENGR INTRO|16400|JD1126|MoWe|12:00pm|12:25pm|"Oddino,Shadwa I"
M E 101|MECH ENGR INTRO|16531|JD2203|TuTh|09:00am|09:25am|"Tarn,Robert B"
M E 101|MECH ENGR INTRO|16600|JD1592|TuTh|02:00pm|02:25pm|"Oddino,Shadwa I"
M E 101|MECH ENGR INTRO|16613|JD1592|Fr|08:00am|08:50am|"Mandizadeh,Marzieh"
M E 101L|M ENG INTRO LAB|16350|JD1592|MoWe|11:30am|12:55pm|"Tarn,Robert B"
M E 101L|M ENG INTRO LAB|16401|JD1126|MoWe|12:30pm|01:55pm|"Oddino,Shadwa I"
M E 101L|M ENG INTRO LAB|16532|JD2203|TuTh|09:30am|10:55am|"Tarn,Robert B"
M E 101L|M ENG INTRO LAB|16601|JD1592|TuTh|02:30pm|03:55pm|"Oddino,Shadwa I"
M E 101L|M ENG INTRO LAB|16614|JD1592|Fr|09:00am|11:45am|"Mandizadeh,Marzieh"
M E 186|COMP AIDED DESIGN|16513|JD1592|MoWe|02:00pm|02:25pm|"Milovanova,Tanya"
M E 186|COMP AIDED DESIGN|16514|JD1592|Sa|09:00am|09:50am|"Nalbandian,Serop K"
M E 186|COMP AIDED DESIGN|16552|JD1116|Sa|09:00am|09:50am|"Milovanova,Tanya"
M E 186|COMP AIDED DESIGN|16606|JD1116|Sa|01:00pm|01:50pm|"Milovanova,Tanya"
M E 186|COMP AIDED DESIGN|16611|JD1115|Sa|01:00pm|01:50pm|"Nalbandian,Serop K"
M E 186L|COMP AID DESN LAB|16515|JD1592|MoWe|02:30pm|03:55pm|"Milovanova,Tanya"
M E 186L|COMP AID DESN LAB|16516|JD1592|Sa|09:50am|12:30pm|"Nalbandian,Serop K"
M E 186L|COMP AID DESN LAB|16553|JD1116|Sa|09:50am|12:30pm|"Milovanova,Tanya"
M E 186L|COMP AID DESN LAB|16607|JD1116|Sa|01:50pm|04:30pm|"Milovanova,Tanya"
M E 186L|COMP AID DESN LAB|16612|JD1115|Sa|01:50pm|04:30pm|"Nalbandian,Serop K"
M E 209|PROG FOR MECH ENG|16517|JD1592|Tu|07:00pm|09:45pm|"Khachatourians,Aram"
M E 209|PROG FOR MECH ENG|16518|JD1592|TuTh|12:00pm|01:25pm|"Schaal,Christoph"
M E 209|PROG FOR MECH ENG|16602|JD1126|Th|07:00pm|09:45pm|"Tarn,Robert B"
M E 209|PROG FOR MECH ENG|16656|JD1592|Sa|01:00pm|03:45pm|"Shahpar,Babak"
M E 209|PROG FOR MECH ENG|16714|JD1116|Fr|02:00pm|04:45pm|"Shahpar,Babak"
M E 209|PROG FOR MECH ENG|16781|JD1102|Sa|09:00am|11:45am|"Shahpar,Babak"
M E 280|DIFF EQ MECH ENG|16752|JD1593|MoWe|12:30pm|01:45pm|"Storch,Joel A"
M E 286|MECH ENGR DESIGN|16519|JD1610|MoWe|11:00am|11:50am|"Oddino,Shadwa I"
M E 286|MECH ENGR DESIGN|16589|JD1593|MoWe|04:00pm|04:50pm|"Milovanova,Tanya"
M E 286|MECH ENGR DESIGN|16608|JD1593|TuTh|04:00pm|04:50pm|"Oddino,Shadwa I"
M E 286|MECH ENGR DESIGN|16622|JD1593|Fr|10:00am|11:40am|"Oddino,Shadwa I"
M E 309|NUM AN ENG SYS I|16339|JD1592|MoWe|07:00pm|09:45pm|"Shahpar,Babak"
M E 309|NUM AN ENG SYS I|16340|JD1115|TuTh|12:15pm|03:00pm|"Shahpar,Babak"
M E 309|NUM AN ENG SYS I|16731|JD1592|TuTh|04:00pm|06:45pm|"Schaal,Christoph"
M E 309|NUM AN ENG SYS I|16901|JD1116|MoWe|07:00pm|09:45pm|"Sun,Feng"
M E 330|MACHINE DESIGN|16344|JD1593|MoWe|09:30am|10:45am|"Shalaby,Mohab A"
M E 330|MACHINE DESIGN|16657|JD1553|MoWe|11:00am|12:15pm|"Khachatourians,Aram"
M E 330|MACHINE DESIGN|16895|JD1593|TuTh|12:30pm|01:45pm|"Shalaby,Mohab A"
M E 335|MECH MEASUREMENTS|16351|JD1616|MoWe|05:00pm|05:25pm|"Hartman,Amiel Gitai"
M E 335|MECH MEASUREMENTS|16590|JD1616|TuTh|09:30am|09:55am|"Hartman,Amiel Gitai"
M E 335|MECH MEASUREMENTS|16604|JD1616|TuTh|05:00pm|05:25pm|"Chang,Shuo Hung"
M E 335|MECH MEASUREMENTS|16753|JD1616|Sa|09:00am|09:50am|"Herrera,Guillermo A"
M E 335|MECH MEASUREMENTS|16954|JD1616|Sa|01:00pm|01:50pm|"Herrera,Guillermo A"
M E 335L|MECH MSRMNTS LAB|16352|JD1616|MoWe|05:30pm|06:55pm|"Hartman,Amiel Gitai"
M E 335L|MECH MSRMNTS LAB|16591|JD1616|TuTh|10:00am|11:25am|"Hartman,Amiel Gitai"
M E 335L|MECH MSRMNTS LAB|16605|JD1616|TuTh|05:30pm|06:55pm|"Chang,Shuo Hung"
M E 335L|MECH MSRMNTS LAB|16754|JD1616|Sa|09:50am|12:35pm|"Herrera,Guillermo A"
M E 335L|MECH MSRMNTS LAB|16956|JD1616|Sa|01:50pm|04:35pm|"Herrera,Guillermo A"
M E 370|THERMODYNAMICS|16337|JD1610|MoWe|05:30pm|06:45pm|"Amar,Ravnesh C"
M E 370|THERMODYNAMICS|16341|JD1610|TuTh|09:30am|10:45am|"Mahjoob,Shadi"
M E 370|THERMODYNAMICS|16432|JD1610|TuTh|12:30pm|01:45pm|"Von Arx,Alan V"
M E 370|THERMODYNAMICS|16596|JD1610|Fr|09:00am|11:45am|"Von Arx,Alan V"
M E 370|THERMODYNAMICS|16732|JD1555|Sa|09:00am|11:45am|"Von Arx,Alan V"
M E 370|THERMODYNAMICS|16778|JD2528|Fr|01:00pm|03:45pm|"Von Arx,Alan V"
M E 375|HEAT TRANSFER I|16505|JD1610|Fr|01:00pm|03:45pm|"Farhangi,Shahram"
M E 375|HEAT TRANSFER I|17092|JD1610|TuTh|05:00pm|06:15pm|"Amar,Ravnesh C"
M E 376|HEAT TRANSFER EES|16866|SG109|MoWe|11:00am|12:15pm|"Mahjoob,Shadi"
M E 384|SYSTEM DYNAMIC|16342|JD1610|MoWe|09:30am|10:45am|"Tarn,Robert B"
M E 384|SYSTEM DYNAMIC|16695|JD1553|TuTh|04:00pm|05:15pm|"Ahmad,Farooq"
M E 384|SYSTEM DYNAMIC|16733|JD1553|Mo|07:00pm|09:45pm|"Ploen,Scott Robert"
M E 386|COMP AID ANL&DSN|16520|JD1592|MoWe|08:30am|09:20am|"Khachatourians,Aram"
M E 386|COMP AID ANL&DSN|16609|JD1592|MoWe|04:00pm|04:50pm|"Shalaby,Mohab A"
M E 386|COMP AID ANL&DSN|16779|JD1126|MoWe|04:00pm|04:50pm|"Booth,Jamie"
M E 386|COMP AID ANL&DSN|16871|JD1592|TuTh|09:00am|09:50am|"Shalaby,Mohab A"
M E 386L|COMP AID A&D LAB|16521|JD1592|MoWe|09:25am|10:55am|"Khachatourians,Aram"
M E 386L|COMP AID A&D LAB|16610|JD1592|MoWe|04:55pm|06:20pm|"Shalaby,Mohab A"
M E 386L|COMP AID A&D LAB|16780|JD1126|MoWe|05:00pm|06:25pm|"Booth,Jamie"
M E 386L|COMP AID A&D LAB|16872|JD1592|TuTh|10:00am|11:25am|"Shalaby,Mohab A"
M E 390|FLUID MECHANICS|16343|JD3510|MoWe|05:30pm|06:45pm|"Farhangi,Shahram"
M E 390|FLUID MECHANICS|16422|JD1610|TuTh|08:00am|09:15am|"Maron Sauer,Vinicius"
M E 390|FLUID MECHANICS|16654|JD1555|TuTh|04:00pm|05:15pm|"Mahjoob,Shadi"
M E 390|FLUID MECHANICS|16777|JD3520|Fr|09:00am|11:45am|"Farhangi,Shahram"
M E 415|KINEMTCS OF MECH|16506|JD1593|TuTh|11:00am|12:15pm|"Roy,Subhradeep"
M E 415|KINEMTCS OF MECH|16734|JD3510|Fr|09:00am|11:45am|"Booth,Jamie"
M E 431|MACHINE DSGN MANU|16705|JD1552|MoWe|09:30am|10:20am|"Prince,Stewart P"
M E 431L|MACHINE DSGN LAB|16706|JD1116|MoWe|10:25am|11:50am|"Prince,Stewart P"
M E 435|MECHATRONICS|16402|JD1610|MoWe|12:30pm|01:20pm|"Rafique,Zahid"
M E 435|MECHATRONICS|16755|JD1609|MoWe|06:00pm|06:50pm|"Herrera,Guillermo A"
M E 435|MECHATRONICS|16766|JD3504|TuTh|06:00pm|06:50pm|"Ahmad,Farooq"
M E 435L|MECHATRONICS LAB|16458|JD1616|Mo|07:00pm|09:45pm|"Rafique,Zahid"
M E 435L|MECHATRONICS LAB|16433|JD1616|MoWe|10:00am|11:25am|"Rafique,Zahid"
M E 435L|MECHATRONICS LAB|16756|JD1616|MoWe|01:30pm|02:55pm|"Rafique,Zahid"
M E 435L|MECHATRONICS LAB|16767|JD1616|We|07:00pm|09:45pm|"Herrera,Guillermo A"
M E 435L|MECHATRONICS LAB|16768|JD1616|Fr|04:00pm|06:45pm|"Rafique,Zahid"
M E 436|COMPOSITES|16868|BB1119|TuTh|08:30am|09:20am|"Schaal,Christoph"
M E 436L|COMPOSITES LAB|16869|BB1119|TuTh|09:30am|10:45am|"Schaal,Christoph"
M E 460|AUTOMOTIVE ENGR|16867|JR352|MoWe|02:00pm|03:15pm|"Choi,Homin"
M E 470|THERMODYNAMICS II|16407|JD1610|MoWe|04:00pm|05:15pm|"Amar,Ravnesh C"
M E 470|THERMODYNAMICS II|16896|JD3510|Fr|01:00pm|03:45pm|"Maron Sauer,Vinicius"
M E 482|ALT ENERGY FUND|16832|JD3504|TuTh|04:00pm|05:15pm|"Mukherjee,Abhijit"
M E 486A|SR DSN IN M E|16353|JD1624|TuTh|12:30pm|03:15pm|"Prince,Stewart P"
M E 486A|SR DSN IN M E|16358|JD1616|TuTh|12:30pm|03:15pm|"Khachatourians,Aram"
M E 486A|SR DSN IN M E|16359|JD1116|MoWe|12:30pm|03:15pm|"Bishay,Peter L"
M E 486A|SR DSN IN M E|16902|JD1612|TuTh|12:30pm|03:15pm|"Bishay,Peter L"
M E 486A|SR DSN IN M E|16957|JD1553|TuTh|02:00pm|03:15pm|"Prince,Stewart P"
M E 486A|SR DSN IN M E|16958|TBA|TuTh|02:00pm|03:15pm|"Ho,Nhut T"
M E 486B|SR DSGN M E II|16435|JD1624|TuTh|12:30pm|03:15pm|"Prince,Stewart P"
M E 486B|SR DSGN M E II|16360|JD1616|TuTh|12:30pm|03:15pm|"Khachatourians,Aram"
M E 486B|SR DSGN M E II|16697|BB1125|MoWe|12:30pm|01:45pm|"Mukherjee,Abhijit"
M E 486B|SR DSGN M E II|16959|JD1123|TuTh|12:30pm|03:15pm|"Nandikolla,Vidya K"
M E 486B|SR DSGN M E II|17041|TBA|TuTh|02:00pm|03:15pm|"Ho,Nhut T"
M E 490|FLUID DYNAMICS|16346|JD1593|TuTh|07:00pm|08:15pm|"Ghoreishi,Niloufar"
M E 490|FLUID DYNAMICS|16903|JD3504|Fr|01:00pm|03:45pm|"Ghoreishi,Niloufar"
M E 491|THERMAL FLUIDS LAB|16420|JD1616|Tu|07:00pm|09:45pm|"Magrane,Manuel"
M E 491|THERMAL FLUIDS LAB|16698|JD1616|Th|07:00pm|09:45pm|"Magrane,Manuel"
M E 491|THERMAL FLUIDS LAB|16776|JD1608|Sa|01:00pm|03:45pm|"Chang,Shuo Hung"
M E 493|HYDRAULICS|16434|SG101|MoWe|05:30pm|06:45pm|"Goorjian,Vahic H"
M E 493|HYDRAULICS|16699|JD1555|TuTh|05:30pm|06:45pm|"Giljum,Mark J"
M E 501A|ENGR ANALYSIS|16345|JD1610|MoWe|07:00pm|08:15pm|"Storch,Joel A"
M E 520|ROBOT MECH & CONT|20519|JD1552|TuTh|07:00pm|08:15pm|"Roy,Subhradeep"
M E 584|MDL SIM DYNA SYST|16870|TBA|TBA|TBA|TBA|Staff
M E 590|ADVNCD FLUID DYN|17028|EU132|TuTh|04:00pm|05:15pm|"Ghoreishi,Niloufar"
M E 593|COMP FLOW|20518|TBA|TBA|TBA|TBA|Staff
M E 595SMS|DES SMART MECH SYS|20803|JD1553|MoWe|04:00pm|05:15pm|"Bishay,Peter L"
M E 684|CONTROL - DYN SYS|20517|BB1107|MoWe|05:30pm|06:45pm|"Nandikolla,Vidya K"
M E 697|DIR COMP STUDIES|16528|TBA|TBA|TBA|TBA|"Johari,Hamid"
M E 698B|THESIS/GRAD PROJ|16492|TBA|TBA|TBA|TBA|"Mahjoob,Shadi"
M E 698C|THESIS/GRAD PROJ|16423|TBA|TBA|TBA|TBA|"Nandikolla,Vidya K"
M E 698C|THESIS/GRAD PROJ|16363|TBA|TBA|TBA|TBA|"Schaal,Christoph"
M E 698C|THESIS/GRAD PROJ|16364|TBA|TBA|TBA|TBA|"Bishay,Peter L"
