MKT 304|INTRO MARKT MNGMT|13415|NA101|Mo|09:30am|10:45am|"Gosselin,Keith A"
MKT 304|INTRO MARKT MNGMT|13448|NA101|We|09:30am|10:45am|"Gosselin,Keith A"
MKT 304|INTRO MARKT MNGMT|13970|NA101|Tu|04:00pm|06:45pm|"Vigneron,Franck"
MKT 304|INTRO MARKT MNGMT|13777|NA101|Th|07:00pm|09:45pm|"Moran,Nora"
MKT 304|INTRO MARKT MNGMT|13496|NA101|Sa|09:30am|10:45am|"Keyani,Sean Maziar"
MKT 304|INTRO MARKT MNGMT|13502|NA101|Sa|11:00am|12:15pm|"Keyani,Sean Maziar"
MKT 304|INTRO MARKT MNGMT|13910|ONLINE|TBA|TBA|TBA|"Bessolo,Michael S"
MKT 304|INTRO MARKT MNGMT|13850|ONLINE|TBA|TBA|TBA|"Bessolo,Michael S"
MKT 346|MARKET RESEARCH|13968|BB1129|Mo|07:00pm|09:45pm|"Shulman,Arthur J"
MKT 346|MARKET RESEARCH|13709|BB2125|MoWe|12:30pm|01:45pm|"Sun,Qin"
MKT 346|MARKET RESEARCH|13878|BB2125|MoWe|02:00pm|03:15pm|"Sun,Qin"
MKT 346|MARKET RESEARCH|13972|BB2212|TuTh|03:30pm|04:45pm|"Ackerman,David S"
MKT 346|MARKET RESEARCH|13953|BB1127|TuTh|11:00am|12:15pm|"Wen,Na"
MKT 346|MARKET RESEARCH|13957|BB1127|TuTh|12:30pm|01:45pm|"Wen,Na"
MKT 348|CONSUMER BEHAVIOR|13416|NA101|TuTh|12:30pm|01:45pm|"Beruchashvili,Mariam"
MKT 348|CONSUMER BEHAVIOR|13967|BB1127|TuTh|03:30pm|04:45pm|"Beruchashvili,Mariam"
MKT 348|CONSUMER BEHAVIOR|13855|BB1133|We|07:00pm|09:45pm|"Shulman,Arthur J"
MKT 348|CONSUMER BEHAVIOR|13778|BB1212|Fr|09:00am|11:45am|"Keysor,Jennifer"
MKT 348|CONSUMER BEHAVIOR|13903|BB1204|Fr|01:00pm|03:45pm|"Shulman,Arthur J"
MKT 350|CONSUMER INFO|13858|BB1133|Tu|09:30am|10:45am|"Walker,Kristen L"
MKT 350|CONSUMER INFO|13876|BB1133|Tu|11:00am|12:15pm|"Walker,Kristen L"
MKT 350|CONSUMER INFO|13950|BB1133|Th|09:30am|10:45am|"Walker,Kristen L"
MKT 350|CONSUMER INFO|13951|BB1133|Th|11:00am|12:15pm|"Moran,Nora"
MKT 356|MARKETING METRICS|13857|BB2107|Mo|12:30pm|03:15pm|"Huang,Dongling"
MKT 356|MARKETING METRICS|13904|BB2107|Tu|12:30pm|03:15pm|"Huang,Dongling"
MKT 440|INTEGRT MKT COMM|13417|BB1204|We|08:00am|09:15am|"Gosselin,Keith A"
MKT 442|BUS TO BUS COMM|13768|BB1212|Mo|03:30pm|06:15pm|"Kim,Robert John"
MKT 443|RETAILING|13418|BB1212|Fr|12:30pm|03:15pm|"Keysor,Jennifer"
MKT 445|PRIN INTERNL MKTG|13848|BB1129|MoWe|05:00pm|06:15pm|"Sun,Qin"
MKT 448|DIGITAL MARKETING|13887|BB1127|Mo|07:00pm|09:45pm|"Lloyd,Mike J"
MKT 448|DIGITAL MARKETING|13969|BB1127|We|07:00pm|09:45pm|"Smith,Roger N"
MKT 448|DIGITAL MARKETING|13807|BB1204|TuTh|12:30pm|01:45pm|"Tran,Henry D"
MKT 448|DIGITAL MARKETING|13902|BB1127|TuTh|05:00pm|06:15pm|"Tran,Henry D"
MKT 449|MARKETING MGMT SM|13521|BB1133|Mo|12:30pm|01:45pm|"Houser,Kristin F"
MKT 449|MARKETING MGMT SM|13522|BB1133|Mo|02:00pm|03:15pm|"Christopher,Violet Z"
MKT 449|MARKETING MGMT SM|13497|BB1127|Tu|07:00pm|09:45pm|"Ackerman,David S"
MKT 449|MARKETING MGMT SM|13578|BB1127|TuTh|02:00pm|03:15pm|"Ackerman,David S"
MKT 449|MARKETING MGMT SM|13919|ONLINE|TBA|TBA|TBA|"Houser,Kristin F"
MKT 449|MARKETING MGMT SM|13971|ONLINE|TBA|TBA|TBA|"Griffin,Joy B"
MKT 459|SOCIAL MEDIA MKT|13877|BB1127|MoWe|05:00pm|06:15pm|"Lloyd,Mike J"
MKT 459|SOCIAL MEDIA MKT|20563|TBA|TBA|TBA|TBA|Staff
MKT 498A|FLD ASSIGN +RPORT|13713|TBA|TBA|TBA|TBA|"Heisley,Deborah"
MKT 498B|FLD ASSIGN+RPORTS|13714|TBA|TBA|TBA|TBA|"Heisley,Deborah"
MKT 498C|FLD ASSIGN+RPORTS|13710|ONLINE|TBA|TBA|TBA|"Griffin,Joy B"
MKT 498C|FLD ASSIGN+RPORTS|13711|ONLINE|TBA|TBA|TBA|"Griffin,Joy B"
MKT 498C|FLD ASSIGN+RPORTS|13934|ONLINE|TBA|TBA|TBA|"Kiesler,Tina L"
MKT 498C|FLD ASSIGN+RPORTS|13991|ONLINE|TBA|TBA|TBA|"Kiesler,Tina L"
MKT 499A|INDEPENDENT STUDY|13449|ONLINE|TBA|TBA|TBA|"Walker,Kristen L"
MKT 499B|INDEPENDENT STUDY|13452|TBA|TBA|TBA|TBA|"Walker,Kristen L"
MKT 499C|INDEPENDENT STUDY|13455|TBA|TBA|TBA|TBA|"Walker,Kristen L"
MKT 640|MARKETING MGMT|13419|BB1103|Mo|07:00pm|09:45pm|"Vigneron,Franck"
MKT 647|MARKTNG RESCH SEM|13920|BB2107|Mo|07:00pm|09:45pm|"Huang,Dongling"
MKT 699|INDEPENDENT STUDY|13458|TBA|TBA|TBA|TBA|Staff
