PT 700|APPL ANT|19256|JD1625|Mo|09:00am|10:40am|"Phillips,Beth Jo"
PT 700L|APPL ANAT LAB|19257|JD1573|Mo|12:00pm|02:45pm|"Phillips,Beth Jo"
PT 700L|APPL ANAT LAB|19258|JD1573|Th|10:00am|12:45pm|"Phillips,Beth Jo"
PT 702|APPL BIOMECH I|19260|JD1580|We|11:30am|01:10pm|"Hawson,Suzanne C"
PT 702L|APPL BIOMEC I LAB|19261|JD1580|We|02:00pm|04:45pm|"Murakami,Mae K"
PT 702L|APPL BIOMEC I LAB|19262|TBA|TBA|TBA|TBA|"Murakami,Mae K"
PT 704|APPL PHYS|19263|JD1600|TuTh|08:00am|09:40am|"Carlos,Joshua P"
PT 704L|APPL PHYS LAB|19264|JD1580|We|08:00am|10:45am|"Barba,Richard"
PT 704L|APPL PHYS LAB|19280|TBA|TBA|TBA|TBA|"Barba,Richard"
PT 708|PATHOPHYSIOL|19369|JD1625|We|09:00am|11:45am|"Cavalcanti,Paula"
PT 730|MUSC SKEL PRAC II|19373|SQ102|Mo|12:00pm|01:40pm|"Kachingwe,Aimie F"
PT 730L|MUSC SKEL II LAB|19374|JD1621|Mo|08:00am|10:45am|"Kachingwe,Aimie F, ..."
PT 730L|MUSC SKEL II LAB|19375|JD1621|Th|08:00am|10:45am|"Kachingwe,Aimie F, ..."
PT 733|NEURO MGMT II|19760|JD1553|We|08:00am|09:40am|"Roller,Margaret L"
PT 733L|NEURO MGMT II LAB|19761|JD1625|Mo|03:00pm|05:45pm|"Roller,Margaret L, ..."
PT 733L|NEURO MGMT II LAB|19762|JD1621|We|11:00am|01:45pm|"Roller,Margaret L, ..."
PT 734|CARDIO PULM|21029|JD1580|Tu|05:00pm|07:45pm|"Zandi,Yvonne"
PT 734L|CARDIO PULM LAB|21030|JD1580|Mo|03:00pm|05:45pm|"Barba,Richard"
PT 734L|CARDIO PULM LAB|21031|TBA|TBA|TBA|TBA|"Barba,Richard"
PT 740|MUS SKEL PRAC III|19874|JD1580|Mo|08:00am|09:40am|"Barton,Anthony"
PT 740L|MUSC SKEL III LAB|19878|JD1580|Mo|10:00am|12:45pm|"Petokian,Artin"
PT 740L|MUSC SKEL III LAB|19879|TBA|TBA|TBA|TBA|"Petokian,Artin"
PT 742|PED PRAC MGMT|19967|JD1625|Th|08:00am|09:40am|"Druz,Viktoria"
PT 742|PED PRAC MGMT|19968|TBA|TBA|TBA|TBA|"Huntsman-Lannom,Debra L"
PT 742L|PED PRAC MGMT LAB|19969|JD1625|Th|10:00am|12:45pm|"Druz,Viktoria"
PT 742L|PED PRAC MGMT LAB|19970|TBA|TBA|TBA|TBA|"Huntsman-Lannom,Debra L"
PT 744|GERI PRAC MGMT|19875|JD1625|Fr|09:00am|10:40am|"Cavalcanti,Paula"
PT 750|EBPT I|19376|JD1580|Th|12:00pm|01:40pm|"Mathiyakom,Witaya"
PT 750|EBPT I|19410|JD1580|Th|02:00pm|03:40pm|"Mathiyakom,Witaya"
PT 752B|EBPT III|19503|JD1625|Tu|02:00pm|05:40pm|"Mathiyakom,Witaya"
PT 752C|DOC PROJ|19504|TBA|TBA|TBA|TBA|"Beling,Janna"
PT 752C|DOC PROJ|19505|TBA|TBA|TBA|TBA|"Cavalcanti,Paula"
PT 752C|DOC PROJ|19507|TBA|TBA|TBA|TBA|"Kachingwe,Aimie F"
PT 752C|DOC PROJ|19508|TBA|TBA|TBA|TBA|"Mathiyakom,Witaya"
PT 752C|DOC PROJ|19509|TBA|TBA|TBA|TBA|"Phillips,Beth Jo"
PT 752C|DOC PROJ|19510|TBA|TBA|TBA|TBA|"Roller,Margaret L"
PT 760|PROF PRAC I|21026|EU135|Mo|03:30pm|05:10pm|"Macnaughton,Lorraine S"
PT 760L|PROF PRAC LAB I|21027|JD1580|Tu|10:30am|01:15pm|"Phillips,Beth Jo"
PT 760L|PROF PRAC LAB I|21028|TBA|TBA|TBA|TBA|"Mathiyakom,Witaya"
PT 770|PHARM INTERVEN|21141|ONLINE|TBA|TBA|TBA|"Burke-Doe,Annie P"
PT 771|LIFESPAN SCIENCE|19606|JD1563|Tu|08:00am|10:45am|"Huntsman-Lannom,Debra L"
PT 785A|PT IN INTERNATIONAL SETTING|20434|TBA|TBA|TBA|TBA|"Beling,Janna"
PT 785B|PT IN PILATES|19876|JD1580|Fr|11:00am|01:45pm|"Tyler,Kristy L"
