SOC 150|INTRO SOCIOLOGY|12217|JA100|MoWe|09:30am|10:45am|"Mahdi,Ali Akbar"
SOC 150|INTRO SOCIOLOGY|12100|LA181|MoWe|12:30pm|01:45pm|"Carter,Michael J"
SOC 150|INTRO SOCIOLOGY|12342|JA100|TuTh|02:00pm|03:15pm|"Johnson,Briauna A"
SOC 150|INTRO SOCIOLOGY|12343|OV025|TuTh|08:00am|09:15am|"Scaife,Michele L"
SOC 150|INTRO SOCIOLOGY|12686|SH280|Th|07:00pm|09:45pm|"Lopez,David A"
SOC 150|INTRO SOCIOLOGY|13007|ONLINE|TBA|TBA|TBA|"Lopez,David A"
SOC 150|INTRO SOCIOLOGY|21308|SH309|Fr|11:00am|01:45pm|"Meyers,Kari A"
SOC 202|SOC ANALYSIS|12101|ONLINE|TBA|TBA|TBA|"Wang,Wen-Chang"
SOC 230|HUMAN SEX BEHAVOR|20526|SH209|Fr|08:00am|10:45am|"Prior,Emily E"
SOC 303|FAMILY|12994|SH309|MoWe|12:30pm|01:45pm|"McDonald,Lauren E"
SOC 304|SOC OF DEVIANCE|12682|SH309|We|06:00pm|08:45pm|"Shaw,Victor N"
SOC 305|CULTURE AND PERS|13102|EH2132|Fr|02:00pm|04:45pm|"Wang,Wen-Chang"
SOC 306|JEWSH FAML + COMM|20721|EU103|TuTh|09:30am|10:45am|"Thompson,Jennifer A"
SOC 307|ETHNIC DIVER AMER|12102|OV025|MoWe|02:00pm|03:15pm|"Olmos,Daniel"
SOC 324|SOC OF SEX GENDER|12268|OV025|TuTh|11:00am|12:15pm|"Missari,Stacy A"
SOC 325|SEX ROLES + WORK|12683|SH209|TuTh|03:30pm|04:45pm|"Kouri,Kristyan M"
SOC 340|SOC OF WORK|12558|SH225|TuTh|03:30pm|04:45pm|"Karageorgis,Stavros N"
SOC 345|SOC PSYCHOLOGY|12340|SH225|MoWe|11:00am|12:15pm|"Hatkoff,Terry S"
SOC 345|SOC PSYCHOLOGY|20527|SH209|TuTh|12:30pm|01:45pm|"Mavaddat,Roya"
SOC 348|JUV DELINQUENCY|13240|ONLINE|TBA|TBA|TBA|"Shaw,Victor N"
SOC 355|CRIMINOLOGY|12684|SH280|Tu|06:00pm|08:45pm|"Lopez,David A"
SOC 356|SOC WELFARE INSTS|12103|EH2227|Fr|11:00am|01:45pm|"Malick,Carolyn"
SOC 357|AOP SW PRACTICE|12104|SH380|TuTh|03:30pm|04:45pm|"Guevara,Monicka E"
SOC 357|AOP SW PRACTICE|20528|TBA|TBA|TBA|TBA|Staff
SOC 357|AOP SW PRACTICE|21182|SH225|Fr|08:00am|10:45am|"Malick,Carolyn"
SOC 400|ORGTHEORY|12106|SH182|Fr|08:00am|10:45am|"Bogumil,David D"
SOC 401|CLASS STATUS+POWR|13247|SH280|MoWe|12:30pm|01:45pm|"Kouri,Kristyan M"
SOC 410|URBAN SOCIOLOGY|20541|SH265|Fr|08:00am|10:45am|"Karageorgis,Stavros N"
SOC 424|STATISTICAL TECHN|13337|SH225|MoWe|08:00am|09:15am|"Bogumil,David D"
SOC 424|STATISTICAL TECHN|13338|BB1125|MoWe|11:00am|12:15pm|"Campbell,Lori A"
SOC 424|STATISTICAL TECHN|13339|LO1124|Fr|10:00am|12:45pm|"Mavaddat,Roya"
SOC 424|STATISTICAL TECHN|13340|SH180|Su|12:00pm|02:45pm|"Schutte,Jerald G"
SOC 424|STATISTICAL TECHN|13341|SH380|MoWe|12:30pm|01:45pm|"Godard,Ellis"
SOC 424|STATISTICAL TECHN|13342|SH209|Sa|10:00am|12:45pm|"Berger,Raqota T"
SOC 424|STATISTICAL TECHN|13343|SH380|TuTh|12:30pm|01:45pm|"Winters,Loretta I"
SOC 424|STATISTICAL TECHN|21035|SH184|TuTh|05:00pm|06:15pm|"Winters,Loretta I"
SOC 424L|STAT TECH LAB|13355|SH180|Mo|09:30am|10:20am|"Bogumil,David D"
SOC 424L|STAT TECH LAB|13356|SH180|We|09:30am|10:20am|"Bogumil,David D"
SOC 424L|STAT TECH LAB|13358|SH180|Mo|12:30pm|01:20pm|"Campbell,Lori A"
SOC 424L|STAT TECH LAB|13359|SH180|We|12:30pm|01:20pm|"Campbell,Lori A"
SOC 424L|STAT TECH LAB|13361|SH180|Fr|08:00am|09:40am|"Mavaddat,Roya"
SOC 424L|STAT TECH LAB|13362|SH180|Fr|01:00pm|02:40pm|"Mavaddat,Roya"
SOC 424L|STAT TECH LAB|13364|TBA|TBA|TBA|TBA|"Schutte,Jerald G"
SOC 424L|STAT TECH LAB|13367|SH180|Mo|02:00pm|03:40pm|"Godard,Ellis"
SOC 424L|STAT TECH LAB|13368|SH180|We|02:00pm|03:40pm|"Godard,Ellis"
SOC 424L|STAT TECH LAB|13370|SH180|Sa|08:00am|09:40am|"Berger,Raqota T"
SOC 424L|STAT TECH LAB|13371|SH180|Sa|01:00pm|02:40pm|"Berger,Raqota T"
SOC 424L|STAT TECH LAB|13380|SH180|Tu|02:00pm|03:40pm|"Winters,Loretta I"
SOC 424L|STAT TECH LAB|13382|SH180|Th|02:00pm|03:40pm|"Winters,Loretta I"
SOC 424L|STAT TECH LAB|21038|SH180|Tu|06:30pm|08:10pm|"Winters,Loretta I"
SOC 424L|STAT TECH LAB|21039|SH180|Th|06:30pm|08:10pm|"Winters,Loretta I"
SOC 426|SOCIAL LEGISLATN|12107|BB1131|MoWe|12:30pm|01:45pm|"Abelson,Mark"
SOC 426|SOCIAL LEGISLATN|12344|SH342|Fr|11:00am|01:45pm|"Guevara,Monicka E"
SOC 430|THEORY I CLASSICAL|13348|SH102|MoWe|02:00pm|03:40pm|"Pereira,Ana P"
SOC 430|THEORY I CLASSICAL|13349|SH182|TuTh|02:00pm|03:40pm|"Edles,Laura D"
SOC 430|THEORY I CLASSICAL|13350|SH182|Fr|11:00am|02:40pm|"Karageorgis,Stavros N"
SOC 430|THEORY I CLASSICAL|13351|SH268|Sa|08:00am|11:40am|"Kouri,Kristyan M"
SOC 430|THEORY I CLASSICAL|13352|SH102|TuTh|06:00pm|07:40pm|"Edles,Laura D"
SOC 430|THEORY I CLASSICAL|13353|SH182|TuTh|04:00pm|05:40pm|"Edles,Laura D"
SOC 430|THEORY I CLASSICAL|21041|SH182|MoWe|06:00pm|07:40pm|"Scheff,Stephen"
SOC 451|SOC ASPCTS/HUM SX|12550|SH286|TuTh|03:30pm|04:45pm|"Missari,Stacy A"
SOC 459|CHILD WELFARE|21034|BB1129|TuTh|02:00pm|03:15pm|"Bogumil,David D"
SOC 461|SOC IMMIGRATION|13354|SH209|MoWe|11:00am|12:15pm|"Olmos,Daniel"
SOC 468|THEORY II CONTEMP|12109|SH382|MoWe|02:00pm|03:40pm|"Mahdi,Ali Akbar"
SOC 468|THEORY II CONTEMP|12269|SH266|TuTh|02:00pm|03:40pm|"Appelrouth,Scott A"
SOC 468|THEORY II CONTEMP|12282|SH267|Sa|08:00am|11:40am|"Karageorgis,Stavros N"
SOC 468|THEORY II CONTEMP|12350|SH284|TuTh|06:00pm|07:40pm|"Appelrouth,Scott A"
SOC 468|THEORY II CONTEMP|12496|SH266|TuTh|04:00pm|05:40pm|"Scheff,Stephen"
SOC 468|THEORY II CONTEMP|12497|SH160|Fr|08:00am|11:40am|"Barron,Cecillia N"
SOC 476|SOCIAL MOVEMENTS|20547|EU103|MoWe|11:00am|12:15pm|"Morgaine,Karen L"
SOC 482SOC|SOCWORKPRACT|12685|BB1210|Mo|11:00am|12:45pm|"Pereira,Ana P"
SOC 490F|FIELD PLACEMENT|13373|TBA|TBA|TBA|TBA|"Bhaumik,Mayashree"
SOC 490F|FIELD PLACEMENT|13374|TBA|TBA|TBA|TBA|"Capous-Desyllas,Moshoula"
SOC 490F|FIELD PLACEMENT|13375|TBA|TBA|TBA|TBA|"Bhaumik,Mayashree"
SOC 490S|FIELD SEMINAR|13344|SH279|Tu|04:00pm|05:45pm|"Bhaumik,Mayashree"
SOC 490S|FIELD SEMINAR|13345|SH102|We|04:00pm|05:45pm|"Capous-Desyllas,Moshoula"
SOC 490S|FIELD SEMINAR|13346|SH391|Th|02:00pm|03:45pm|"Bhaumik,Mayashree"
SOC 493|DIVERSITY & S J|12739|SG105|MoWe|11:00am|12:15pm|"Abelson,Mark"
SOC 493|DIVERSITY & S J|12740|SH225|We|06:00pm|08:45pm|"Capous-Desyllas,Moshoula"
SOC 497|RESEARCH METHODS|12110|SH209|Fr|12:00pm|02:45pm|"Berger,Raqota T"
SOC 497|RESEARCH METHODS|12299|SH209|TuTh|08:00am|09:15am|"Mavaddat,Roya"
SOC 497|RESEARCH METHODS|12230|SH180|Su|03:15pm|06:00pm|"Schutte,Jerald G"
SOC 497|RESEARCH METHODS|12113|SH209|MoWe|02:00pm|03:15pm|"Bogumil,David D"
SOC 497|RESEARCH METHODS|12114|SH209|MoWe|06:00pm|07:15pm|"Johnson,Briauna A"
SOC 497|RESEARCH METHODS|12300|SH209|MoWe|08:00am|09:15am|"Godard,Ellis"
SOC 497L|METH SOC LAB|12111|SH180|Fr|10:00am|11:40am|"Berger,Raqota T"
SOC 497L|METH SOC LAB|12112|SH180|Fr|03:00pm|04:40pm|"Berger,Raqota T"
SOC 497L|METH SOC LAB|12298|SH180|Tu|09:30am|11:10am|"Mavaddat,Roya"
SOC 497L|METH SOC LAB|12313|SH180|Th|09:30am|11:10am|"Mavaddat,Roya"
SOC 497L|METH SOC LAB|12370|TBA|TBA|TBA|TBA|"Schutte,Jerald G"
SOC 497L|METH SOC LAB|12509|SH303|Mo|03:30pm|05:10pm|"Bogumil,David D"
SOC 497L|METH SOC LAB|12510|SH303|We|03:30pm|05:10pm|"Bogumil,David D"
SOC 497L|METH SOC LAB|12512|SH180|Mo|07:30pm|09:10pm|"Johnson,Briauna A"
SOC 497L|METH SOC LAB|12513|SH180|We|07:30pm|09:10pm|"Johnson,Briauna A"
SOC 497L|METH SOC LAB|12515|SH303|Mo|09:30am|11:10am|"Godard,Ellis"
SOC 497L|METH SOC LAB|12516|SH303|We|09:30am|11:10am|"Godard,Ellis"
SOC 524|DYNS GENDER & SEX|13300|SH266|We|06:00pm|08:45pm|"Missari,Stacy A"
SOC 601|CLASSICAL THEORY|13331|SH287|Th|06:00pm|08:45pm|"Carter,Michael J"
SOC 685|QUAL RES METHODS|13302|SH391|Tu|06:00pm|08:45pm|"Capous-Desyllas,Moshoula"
SOC 696A|DIR GRAD RESEARCH|12377|SH102|Mo|06:00pm|08:45pm|"McDonald,Lauren E"
SOC 697|DIR COMP STUDIES|12568|TBA|TBA|TBA|TBA|"Morgaine,Karen L"
SOC 698|THESIS|13377|TBA|TBA|TBA|TBA|"Morgaine,Karen L"
SOC 699A|INDEPENDENT STUDY|13333|TBA|TBA|TBA|TBA|"Morgaine,Karen L"
SOC 699B|INDEPENDENT STUDY|13334|TBA|TBA|TBA|TBA|"Morgaine,Karen L"
SOC 699C|INDEPENDENT STUDY|12569|TBA|TBA|TBA|TBA|"Morgaine,Karen L"
