SPED 200SL|INTRO TO DIS STU|16123|ED1122|TuTh|12:30pm|01:45pm|"Stohl,Ellen R"
SPED 200SL|INTRO TO DIS STU|16124|ED1122|MoWe|12:30pm|01:45pm|"Lasky,Beth A"
SPED 400|DEV DIFS|15483|BB1232|Mo|04:00pm|06:45pm|"Kennedy,VIrginia E"
SPED 400|DEV DIFS|15484|ONLINE|TBA|TBA|TBA|"Boomgard,Monica C"
SPED 400|DEV DIFS|15774|BB1232|Tu|04:00pm|06:45pm|"Kennedy,VIrginia E"
SPED 400|DEV DIFS|15962|ED1127|We|07:00pm|09:45pm|"Studer,Erin P"
SPED 400|DEV DIFS|16042|ONLINE|TBA|TBA|TBA|"Schneiderman,Ellen S"
SPED 400|DEV DIFS|16096|ONLINE|TBA|TBA|TBA|"Schneiderman,Ellen S"
SPED 400|DEV DIFS|16126|ONLINE|TBA|TBA|TBA|"Boomgard,Monica C"
SPED 400|DEV DIFS|16183|ONLINE|TBA|TBA|TBA|"Gallagher,Margaret E"
SPED 402|POS BEH SUPPORT|15486|BB1202|Mo|04:00pm|06:45pm|"Shepard,Scott"
SPED 402|POS BEH SUPPORT|15487|BH313|Tu|07:00pm|09:45pm|"Macharia,Mercy Waitherero"
SPED 402|POS BEH SUPPORT|15768|BB1232|We|04:00pm|06:45pm|"Shepard,Scott"
SPED 403MM|EARLY FDWK+SEM SP|15801|ED3115|Mo|07:00pm|09:45pm|"Kennedy,VIrginia E"
SPED 403MS|EARLY FDWK+SEM SP|15802|ED3115|We|04:00pm|06:45pm|"Hanreddy,Amy N"
SPED 404|SOCIALCOM&AUTISM|15828|ONLINE|TBA|TBA|TBA|"Weiner,Ivor"
SPED 404|SOCIALCOM&AUTISM|15877|ONLINE|TBA|TBA|TBA|"Weiner,Ivor"
SPED 406|K-12LITDIVLNERS|15830|ED1122|Tu|07:00pm|09:45pm|"Young,Lindsay Rae"
SPED 406|K-12LITDIVLNERS|15831|ONLINE|TBA|TBA|TBA|"Friedman-Narr,Rachel A"
SPED 416|DIVERSELNERS&FAMS|15832|ED3115|Mo|04:00pm|06:45pm|"Lasky,Beth A"
SPED 420|DIFINS&COLLAB|15833|BB1238|Mo|04:00pm|06:45pm|"Hanreddy,Amy N"
SPED 420|DIFINS&COLLAB|15903|ED1122|Tu|04:00pm|06:45pm|"Mahoney,Elia Reyes"
SPED 420|DIFINS&COLLAB|15834|BH315|Tu|07:00pm|09:45pm|"Jauregui,Rose"
SPED 420|DIFINS&COLLAB|15904|ED3113|We|04:00pm|06:45pm|"Studer,Erin P"
SPED 420|DIFINS&COLLAB|16075|ED1122|Th|07:00pm|09:50pm|"Eisen,Martin D"
SPED 431|ATYPIC DEV CHILD|15488|ED1122|Mo|04:00pm|06:45pm|"Chai,Zhen"
SPED 500|COM AND EARLY LIT|15610|ED3115|Tu|07:00pm|09:45pm|"Chai,Zhen"
SPED 501MM|SPED ASSESSMENT|15615|SH279|Th|04:00pm|06:45pm|"Goodwin,Vanessa A"
SPED 502MM|RDG/LA MM|15642|EDE106|We|04:00pm|06:45pm|"Goodwin,Vanessa A"
SPED 502MM|RDG/LA MM|15503|EDE106|Mo|04:00pm|06:45pm|"Friedman,Susan"
SPED 503MM|MATH&CONTENTINMM|15613|SH302|Th|04:00pm|06:45pm|"Mahoney,Elia Reyes"
SPED 504MS|TCH STU M/S DIS|15490|ED3115|We|07:00pm|09:45pm|"Straaberg Boscio,Kimberly M"
SPED 506DHB|INTERN D-HH|15838|TBA|TBA|TBA|TBA|"Friedman-Narr,Rachel A"
SPED 506DHC|INTERN D-HH|15839|TBA|TBA|TBA|TBA|"Schneiderman,Ellen S"
SPED 506DHD|INTERN D-HH|15840|TBA|TBA|TBA|TBA|"Schneiderman,Ellen S"
SPED 506ECA|ECSE INTERN FLDEX|15763|SH302|We|04:00pm|06:45pm|"Chai,Zhen"
SPED 506ECB|ECSE INTERN FLDEX|15841|TBA|TBA|TBA|TBA|"Summers,Joannie S"
SPED 506ECC|ECSE INTERN FLDEX|15843|TBA|TBA|TBA|TBA|"Summers,Joannie S, ..."
SPED 506MMA|INTERN MM|15842|BH313|Th|07:00pm|09:45pm|"Strumwasser,Jacqueline, ..."
SPED 506MMB|INTERN MM|15858|BH315|Th|07:00pm|09:45pm|"Strumwasser,Jacqueline"
SPED 506MMC|INTERN MM|15859|SH302|Th|07:00pm|09:45pm|"Strumwasser,Jacqueline"
SPED 506MMD|INTERN MM|15844|SH312|Th|04:00pm|06:45pm|"Strumwasser,Jacqueline"
SPED 506MSA|INTERN MS|15845|TBA|TBA|TBA|TBA|"Hanreddy,Amy N"
SPED 506MSB|INTERN MS|15846|TBA|TBA|TBA|TBA|"Hanreddy,Amy N"
SPED 506MSC|INTERN MS|15847|TBA|TBA|TBA|TBA|"Hanreddy,Amy N"
SPED 506MSD|INTERN MS|15848|TBA|TBA|TBA|TBA|"Rearick,Molly"
SPED 520EC|ASSESSMENT/ECSE|15604|ED1122|Th|04:00pm|06:45pm|"Chai,Zhen"
SPED 535|COLLAB FAM ECSE|15491|ED1122|Mo|07:00pm|09:45pm|"Cox,Annie R"
SPED 536|ADAPT/MOTOR ECSE|15677|JR118|Tu|04:00pm|06:45pm|"Huntsman-Lannom,Debra L"
SPED 541B|INTRO TCH URB SCH|15872|MZ130|Mo|04:00pm|06:50pm|"Gudoski,Phyllis J"
SPED 541B|INTRO TCH URB SCH|15873|SH285|Mo|04:00pm|06:50pm|"Gudoski,Phyllis J"
SPED 541B|INTRO TCH URB SCH|15874|TBA|TBA|TBA|TBA|"Parsons,Michele A"
SPED 544CD|ST TCH LNG-SPC-HR|15489|TBA|TBA|TBA|TBA|"Hall,Edward P"
SPED 563|AUD+SP ENG DV/DHH|15850|ED3115|Tu|04:00pm|06:45pm|"Friedman-Narr,Rachel A"
SPED 566D|CURR/INST DF PUPL|20694|ED3115|Th|07:00pm|09:45pm|"Schneiderman,Ellen S"
SPED 567D|TEACHINGDHHSPEC|20695|ED3115|Th|04:00pm|06:45pm|"Friedman-Narr,Rachel A"
SPED 579ACT|SPED FIELDWORK|15851|TBA|TBA|TBA|TBA|"Gudoski,Phyllis J"
SPED 580ACT|SPED FIELDWORK|21177|TBA|TBA|TBA|TBA|"Gudoski,Phyllis J"
SPED 580DHH|STU TCH & SEM DHH|15492|TBA|TBA|TBA|TBA|"Schneiderman,Ellen S"
SPED 580EC|AD SP FDWK/ECS|15493|TBA|TBA|TBA|TBA|"Summers,Joannie S, ..."
SPED 580MM|STU TCH & SEM MM|15494|TBA|TBA|TBA|TBA|"Goodwin,Vanessa A"
SPED 580MS|STUD TEACH SEM MS|15495|TBA|TBA|TBA|TBA|"Hanreddy,Amy N"
SPED 580S|ADVFIELDWKSEMINAR|15852|TBA|TBA|TBA|TBA|"Peckham-Hardin,Kathryn D, ..."
SPED 581|AUG COMMUNICATION|16167|BH313|Mo|07:00pm|09:50pm|"Hanreddy,Amy N"
SPED 595T|TECHNOLOGY SPED|15496|ONLINE|TBA|TBA|TBA|"Hopkins,Craig H"
SPED 628DHH|INDUCT DHH|16208|TBA|TBA|TBA|TBA|"Schneiderman,Ellen S"
SPED 628EC|INDUCT EC|16207|TBA|TBA|TBA|TBA|"Haney,Michele"
SPED 628MM|INDUCT MM|16205|ONLINE|TBA|TBA|TBA|"Goodwin,Vanessa A"
SPED 628MS|INDUCT MS|16206|TBA|TBA|TBA|TBA|"Peckham-Hardin,Kathryn D"
SPED 640|PHYSICAL DISABLTY|15485|TBA|TBA|TBA|TBA|"Huntsman-Lannom,Debra L"
SPED 655|AUTISM PRACTICES|15857|ONLINE|TBA|TBA|TBA|"Weiner,Ivor"
SPED 672|ADV ASSESSMENT|15722|ONLINE|TBA|TBA|TBA|"Fernandez,Vindia G"
SPED 673|PRIN ED THERAPY|15504|ONLINE|TBA|TBA|TBA|"Dann,Marcy P"
SPED 679|INTERNSHIP ET|15723|ONLINE|TBA|TBA|TBA|"Dann,Marcy P"
SPED 681|GRAD RES SPED|15672|ONLINE|TBA|TBA|TBA|"Ashton,Tamarah M"
SPED 682D|ADVGRADRESEARCH|15696|TBA|TBA|TBA|TBA|"Friedman-Narr,Rachel A"
SPED 682EC|ADVGRADRESEARCH|15697|TBA|TBA|TBA|TBA|"Haney,Michele"
SPED 682MM|ADVGRADRESEARCH|15695|ONLINE|TBA|TBA|TBA|"Ashton,Tamarah M"
SPED 682MS|ADVGRADRESEARCH|16078|TBA|TBA|TBA|TBA|"Peckham-Hardin,Kathryn D"
SPED 683|TRENDS IN SPED|15963|ED1129|Th|07:00pm|09:45pm|"Haney,Michele"
SPED 697|DIR COMP STUD|15634|ONLINE|TBA|TBA|TBA|"Ashton,Tamarah M"
SPED 697|DIR COMP STUD|15635|TBA|TBA|TBA|TBA|"Peckham-Hardin,Kathryn D"
SPED 699X|INDEPENDENT STUDY|15509|TBA|TBA|TBA|TBA|"Mahoney,Elia Reyes"
