AAS 100|INTRO ASIAN AM STD|14247|BB1123|MoWe|11:00am|12:15pm|"Aquino,Allan A"
AAS 100|INTRO ASIAN AM STD|14366|JR221|TuTh|12:30pm|01:45pm|"Shrake,Eunai K"
AAS 100|INTRO ASIAN AM STD|14433|SH160|TuTh|02:00pm|03:15pm|"Lee,Doyoung K"
AAS 100|INTRO ASIAN AM STD|14503|JR246|Fr|11:00am|01:45pm|"Aquino,Allan A"
AAS 100|INTRO ASIAN AM STD|14855|JR221|Th|02:00pm|03:15pm|"Chen,Edith W"
AAS 100|INTRO ASIAN AM STD|14856|ONLINE|TBA|TBA|TBA|"Chen,Edith W"
AAS 100|INTRO ASIAN AM STD|14979|JR134|MoWe|12:30pm|01:45pm|"Lee,Daehwan"
AAS 100EOP|INTRO ASIAN AM STD|14333|EU130|MoWe|09:30am|10:45am|"Aquino,Allan A"
AAS 113A|APPR UNIV WRTNG A|14600|ED1123|TuTh|12:30pm|01:45pm|"Turnmeyer,Maria M"
AAS 113AOP|APPR UNIV WRTNG A|14644|SH279|MoWe|08:00am|09:15am|"Omatsu,Glenn K"
AAS 113AOP|APPR UNIV WRTNG A|14834|TBA|TBA|TBA|TBA|Staff
AAS 113AOP|APPR UNIV WRTNG A|14835|ED1127|MoWe|02:00pm|03:15pm|"Hutchison,Phillip A"
AAS 113AOP|APPR UNIV WRTNG A|15092|SG105|TuTh|11:00am|12:15pm|"Gamboa-Wong,Margeaux Aegel C"
AAS 114A|APPR UNIV WRTNG A|14398|ED1127|MoWe|09:30am|10:45am|"Tang,Derek A"
AAS 115|APPR UNIV WRITING|15305|ED1127|TuTh|08:00am|09:15am|"Turnmeyer,Maria M"
AAS 115|APPR UNIV WRITING|14508|BB1210|TuTh|09:30am|10:45am|"Turnmeyer,Maria M"
AAS 115|APPR UNIV WRITING|15203|ED1127|TuTh|02:00pm|03:15pm|"Turnmeyer,Maria M"
AAS 115|APPR UNIV WRITING|20744|ED1127|MoWe|11:00am|12:15pm|"Tang,Derek A"
AAS 115|APPR UNIV WRITING|21013|JR134|MoWe|08:00am|09:15am|"Tang,Derek A"
AAS 115|APPR UNIV WRITING|21014|ED1123|MoWe|09:30am|10:45am|"Carroll,Kimberly Teaman"
AAS 151|FUND PUBLIC SPEAK|14954|JR221|MoWe|08:00am|09:15am|"Carroll,Kimberly Teaman"
AAS 151|FUND PUBLIC SPEAK|14272|JR221|Fr|02:00pm|04:45pm|"Lee,Doyoung K"
AAS 151|FUND PUBLIC SPEAK|14430|JR221|TuTh|08:00am|09:15am|"Uba,Laura M"
AAS 151|FUND PUBLIC SPEAK|14635|ED1126|TuTh|11:00am|12:15pm|"Lee,Doyoung K"
AAS 151|FUND PUBLIC SPEAK|14848|SH321|Fr|08:00am|10:45am|"Lee,Doyoung K"
AAS 151|FUND PUBLIC SPEAK|15122|JR246|MoWe|09:30am|10:45am|"Gamboa-Wong,Margeaux Aegel C"
AAS 151EOP|FUND PUBLIC SPEAK|14334|ED1127|TuTh|12:30pm|01:45pm|"Gamboa-Wong,Margeaux Aegel C"
AAS 201|RACE CRIT THINK|14262|BB1206|TuTh|09:30am|10:45am|"Buenavista,Tracy L"
AAS 201|RACE CRIT THINK|14029|JR221|MoWe|09:30am|10:45am|"Ohm,Sung W"
AAS 201|RACE CRIT THINK|14230|JR134|MoWe|11:00am|12:15pm|"Hutchison,Phillip A"
AAS 201|RACE CRIT THINK|14027|SH321|TuTh|09:30am|10:45am|"Masequesmay,Gina"
AAS 201|RACE CRIT THINK|14025|SH321|TuTh|11:00am|12:15pm|"Masequesmay,Gina"
AAS 201|RACE CRIT THINK|14186|JR134|TuTh|12:30pm|01:45pm|"Buenavista,Tracy L"
AAS 201|RACE CRIT THINK|14024|SH310|TuTh|02:00pm|03:15pm|"Buenavista,Tracy L"
AAS 201|RACE CRIT THINK|14732|BB1206|MoWe|09:30am|10:45am|"Lee,Daehwan"
AAS 201|RACE CRIT THINK|14785|JR221|Mo|12:30pm|01:45pm|"Williams-Leon,Teresa K"
AAS 201|RACE CRIT THINK|15033|ONLINE|TBA|TBA|TBA|"Williams-Leon,Teresa K"
AAS 201EOP|RACE CRIT THINK|14353|JR330|MoWe|11:00am|12:15pm|"Lai,Clement K"
AAS 210|HIST OF ASIANS AM|14030|JR221|TuTh|09:30am|10:45am|"Uba,Laura M"
AAS 220|SURV ASIAN AM LIT|14038|ONLINE|TBA|TBA|TBA|"Carroll,Kimberly Teaman"
AAS 230|ASIAN AMER MEDIA|14660|SH221|MoWe|12:30pm|01:45pm|"Aquino,Allan A"
AAS 321|ASIAN AM FICTION|14040|ONLINE|TBA|TBA|TBA|"Hattori,Tomo"
AAS 340|ASIAN AM WOMEN|15323|ONLINE|TBA|TBA|TBA|"Chen,Edith W"
AAS 345|CONTMP ISSUES AAS|14248|JR221|MoWe|02:00pm|03:15pm|"Lai,Clement K"
AAS 345|CONTMP ISSUES AAS|14450|ONLINE|Sa|11:00am|01:45pm|"Song,David K"
AAS 347|AA POLITICS & LAW|14273|JR134|Fr|02:00pm|04:45pm|"Hutchison,Phillip A"
AAS 347|AA POLITICS & LAW|14449|JR134|Fr|11:00am|01:45pm|"Hutchison,Phillip A"
AAS 347|AA POLITICS & LAW|15304|ONLINE|TBA|TBA|TBA|"Williams-Leon,Teresa K"
AAS 347|AA POLITICS & LAW|15478|ONLINE|TBA|TBA|TBA|"Hutchison,Phillip A"
AAS 347|AA POLITICS & LAW|21312|ONLINE|TBA|TBA|TBA|"Williams-Leon,Teresa K"
AAS 350|ASIAN AM PERSON|14362|JR221|TuTh|11:00am|12:15pm|"Uba,Laura M"
AAS 360|AS AM IMM GLOBAL|14092|SH267|Tu|04:00pm|06:45pm|"Masequesmay,Gina"
AAS 417|EQTY DIVRSTY SCH|14854|ONLINE|TBA|TBA|TBA|"Kim,Song M"
AAS 450|ASIAN AM CHILD|14185|ONLINE|TBA|TBA|TBA|"Kim,Song M"
