ACCT 220|INTRO FIN ACCTG|13579|BB2204|MoWe|09:30am|10:45am|"Moon,Joon Seok"
ACCT 220|INTRO FIN ACCTG|13580|BB2204|TuTh|08:00am|09:15am|"Primes,David M"
ACCT 220|INTRO FIN ACCTG|13581|JD3520|TuTh|09:30am|10:45am|"Moon,Joon Seok"
ACCT 220|INTRO FIN ACCTG|13582|CR5125|Fr|11:00am|01:45pm|"Foster,Robert P"
ACCT 220|INTRO FIN ACCTG|13583|SQ104|Th|07:00pm|09:45pm|"Foster,Robert P"
ACCT 220|INTRO FIN ACCTG|13589|BB2204|TuTh|12:30pm|01:45pm|"Chen,Keji"
ACCT 230|INTRO MAN ACCTG|13550|BB2230|MoWe|11:00am|12:15pm|"Her,Youngwon"
ACCT 230|INTRO MAN ACCTG|13584|BB1131|Mo|07:00pm|09:45pm|"Zhan,Jun"
ACCT 230|INTRO MAN ACCTG|13585|BB1131|TuTh|05:00pm|06:15pm|"Moura Dantas,Manuela"
ACCT 230|INTRO MAN ACCTG|13586|CR5126|We|07:00pm|09:45pm|"Moura Dantas,Manuela"
ACCT 230|INTRO MAN ACCTG|13587|BB2204|TuTh|09:30am|10:45am|"Zhan,Jun"
ACCT 230|INTRO MAN ACCTG|13588|TBA|TBA|TBA|TBA|Staff
ACCT 230|INTRO MAN ACCTG|13600|MZ122|MoWe|11:00am|12:15pm|"Chen,Keji"
ACCT 350|INTER FIN ACCT I|13758|NA101|We|07:00pm|09:45pm|"Weiss,Earl J"
ACCT 351|INTER FIN ACCT II|13479|BB2204|TuTh|11:00am|12:15pm|"Doron,Michael E"
ACCT 351|INTER FIN ACCT II|13480|BB1125|We|07:00pm|09:45pm|"Wang,Dongyi"
ACCT 351|INTER FIN ACCT II|13615|BB1210|TuTh|02:00pm|03:15pm|"Wang,Dongyi"
ACCT 351COM|COMM ACCTG|13509|ONLINE|TBA|TBA|TBA|"Dosanjh,Kiren K"
ACCT 351COM|COMM ACCTG|13605|SQ100|Mo|07:00pm|08:15pm|"Dosanjh,Kiren K"
ACCT 352|INTER FIN ACCT III|13481|BB2204|TuTh|03:30pm|04:45pm|"Zhan,Jun"
ACCT 352|INTER FIN ACCT III|13498|SH342|We|07:00pm|09:45pm|"Chen,Keji"
ACCT 352|INTER FIN ACCT III|13511|BB1117|TuTh|02:00pm|03:15pm|"Chen,Keji"
ACCT 380|COST MEAS ANAL|13482|BB2204|MoWe|12:30pm|01:45pm|"Her,Youngwon"
ACCT 380|COST MEAS ANAL|13510|BB2204|Tu|07:00pm|09:45pm|"Her,Youngwon"
ACCT 380|COST MEAS ANAL|13519|TBA|TBA|TBA|TBA|Staff
ACCT 440|INCOME TAX I|13483|BB2204|Fr|11:00am|01:45pm|"Basmadzhyan,Babken"
ACCT 440|INCOME TAX I|13613|BB2204|Th|07:00pm|09:45pm|"Basmadzhyan,Babken"
ACCT 441|INCOME TAX II|13484|BB2204|MoWe|02:00pm|03:15pm|"Gianni,Monica"
ACCT 441|INCOME TAX II|13485|BB2204|Mo|07:00pm|09:45pm|"Gianni,Monica"
ACCT 450|ADV FIN ACCOUNTING|13486|BB2204|MoWe|05:00pm|06:15pm|"Yoon,Sung Wook"
ACCT 450|ADV FIN ACCOUNTING|13669|BB2204|We|07:00pm|09:45pm|"Yoon,Sung Wook"
ACCT 460|AUDIT & ANALYTICS|13487|BB2204|TuTh|02:00pm|03:15pm|"Doron,Michael E"
ACCT 460|AUDIT & ANALYTICS|13614|BB1202|Mo|07:00pm|09:45pm|"Basmadzhyan,Babken"
ACCT 460|AUDIT & ANALYTICS|13668|BB1117|MoWe|11:00am|12:15pm|"Doron,Michael E"
ACCT 497DA|DATA ANALYTICS|20756|BB2125|TuTh|05:30pm|06:45pm|"Savin,Jerald M"
ACCT 498A|FIELD ASSGN + RPT|13731|BB2206|Th|05:00pm|06:45pm|"Vedd,Rishma R"
ACCT 498C|FIELD ASSGN + RPT|13736|BB2204|Sa|09:45am|12:30pm|"Vedd,Rishma R"
ACCT 499B|INDEPENDENT STUDY|13739|TBA|TBA|TBA|TBA|"Vedd,Rishma R"
ACCT 501|FINANCIAL ACCT|13425|BB1117|Mo|07:00pm|09:45pm|"Yoon,Sung Wook"
ACCT 511|ACCT ETHICS|13764|BB1202|MoWe|12:30pm|01:45pm|"Dosanjh,Kiren K"
ACCT 536|GOV &NFP ACCTG|13981|TBA|TBA|TBA|TBA|Staff
ACCT 542|INTRO TAX PROCEDU|13788|BB1202|Th|07:00pm|09:45pm|"Balian,John"
ACCT 600|INDIVIDUAL TAX|13976|TBA|TBA|TBA|TBA|Staff
ACCT 600TX|FED INC TAX-INDIV|21192|BB2125|Tu|07:00pm|09:45pm|"Efrat,Rafi"
ACCT 620A|FIN REPORT I|13974|BB2125|Sa|09:00am|02:45pm|"Vedd,Rishma R"
ACCT 620B|FIN REPORT II|13975|TBA|TBA|TBA|TBA|Staff
ACCT 625|TAXATION OF ENTITIES|13977|BB2125|TuTh|07:00pm|09:45pm|"Razani,Shahab"
ACCT 697|ACCT COMP EXAM|21355|TBA|TBA|TBA|TBA|"Vedd,Rishma R"
ACCT 699|INDEPENDENT STUDY|13499|TBA|TBA|TBA|TBA|"Vedd,Rishma R"
