AFRS  99,12408,TBA, ,TBA,TBA,"Broadous,Deborakh A"
AFRS 100,12649,SH284,TuTh,02:00pm,03:15pm,"Glocke,Aimee M"
AFRS 100,12691,SH284,Fr,11:00am,01:45pm,"Turner,Monica L"
AFRS 100EOP,12319,SH102,MoWe,09:30am,10:45am,"Turner,Monica L"
AFRS 113A,12559,SH106,TuTh,09:30am,10:45am,"Glocke,Aimee M"
AFRS 113AOP,12797,SH310,MoWe,11:00am,12:15pm,"Shaw,Melanie S"
AFRS 113AOP,12985,SH310,MoWe,12:30pm,01:45pm,"Turner,Monica L"
AFRS 115,12564,SH310,MoWe,08:00am,09:15am,"Lo,Sheba AK"
AFRS 115,12892,SH310,MoWe,09:30am,10:45am,"Kennon,Raquel D"
AFRS 115,12893,SH264,TuTh,12:30pm,01:45pm,"Robinson,Janice"
AFRS 115,13063,SH267,TuTh,08:00am,09:15am,"Robinson,Janice"
AFRS 115,13381,SH371,TuTh,02:00pm,03:15pm,"Broadous,Deborakh A"
AFRS 115,13397,SH234,TuTh,09:30am,10:45am,"Broadous,Deborakh A"
AFRS 151,12586,BB1238,MoWe,09:30am,10:45am,"Shaw,Melanie S"
AFRS 151,12650,SH287,MoWe,08:00am,09:15am,"Turner,Monica L"
AFRS 151,12773,SH287,Fr,08:00am,10:45am,"Turner,Monica L"
AFRS 151,12848,SH310,Fr,11:00am,01:45pm,"Shaw,Melanie S"
AFRS 151EOP,12318,SH310,MoWe,02:00pm,03:15pm,"Shaw,Melanie S"
AFRS 161,12128,SH309,Mo,04:00pm,06:45pm,"Simmons,James M"
AFRS 161,12314,SH184,MoWe,11:00am,12:15pm,"Gatlin,Darryle J"
AFRS 161,13235,SH203,MoWe,02:00pm,03:15pm,"Simmons,James M"
AFRS 161,13236,SH279,TuTh,11:00am,12:15pm,"Gatlin,Darryle J"
AFRS 161,20702,SH203,Th,07:00pm,09:45pm,"Henry,James L"
AFRS 161,20703,SH268,Fr,11:00am,01:45pm,"Richards,Victoria D"
AFRS 161,20716,ONLINE, ,TBA,TBA,"Stanford,Karin L"
AFRS 161,20717,ONLINE, ,TBA,TBA,"Stanford,Karin L"
AFRS 161,21346,ONLINE, ,TBA,TBA,"Stanford,Karin L"
AFRS 171,12129,TBA, ,TBA,TBA,Staff
AFRS 201,12639,JD1555,TuTh,02:00pm,03:15pm,"Ganther,Duane A"
AFRS 204,12130,CR5126,MoWe,12:30pm,01:45pm,"Simmons,James M"
AFRS 204EOP,12317,SH264,MoWe,09:30am,10:45am,"Richards,Victoria D"
AFRS 220,12692,SH267,MoWe,02:00pm,03:15pm,"Richards,Victoria D"
AFRS 221,12131,SH264,MoWe,11:00am,12:15pm,"Richards,Victoria D"
AFRS 245,12694,SH279,MoWe,11:00am,12:15pm,"Lo,Sheba AK"
AFRS 271,12285,SQ104,TuTh,12:30pm,01:45pm,"Gatlin,Darryle J"
AFRS 272,12316,SH342,MoWe,09:30am,10:45am,"Gatlin,Darryle J"
AFRS 272,12838,SH203,TuTh,08:00am,09:15am,"Glocke,Aimee M"
AFRS 280,12642,SH287,TuTh,12:30pm,01:45pm,"Venugopal,Shubha"
AFRS 300,12132,SH284,MoWe,11:00am,12:15pm,"Hackett,Cedric D"
AFRS 300,12315,TBA, ,TBA,TBA,Staff
AFRS 300,20718,ONLINE, ,TBA,TBA,"Gammage,Marquita M"
AFRS 320,12133,SH284,TuTh,11:00am,12:15pm,"Glocke,Aimee M"
AFRS 322,12135,SH267,MoWe,11:00am,12:15pm,"Broadous,Deborakh A"
AFRS 324,12347,SH284,TuTh,09:30am,10:45am,"Gammage,Marquita M"
AFRS 324,13237,SH284,MoWe,02:00pm,03:15pm,"Kennon,Raquel D"
AFRS 325,12955,SH267,Fr,11:00am,01:45pm,"Hackett,Cedric D"
AFRS 337,12280,CR5127,We,04:00pm,06:45pm,"Fuller,Andrea P"
AFRS 344,12136,SH287,MoWe,12:30pm,01:45pm,"Kennon,Raquel D"
AFRS 346,12765,SH287,TuTh,11:00am,12:15pm,"Venugopal,Shubha"
AFRS 350,12137,SH287,TuTh,09:30am,10:45am,"Venugopal,Shubha"
AFRS 361,12216,SH108,We,12:30pm,01:45pm,"Stanford,Karin L"
AFRS 368,12284,SH267,MoWe,09:30am,10:45am,"Lo,Sheba AK"
AFRS 392C,12638,TBA, ,TBA,TBA,Staff
AFRS 395,12697,SH284,MoWe,12:30pm,01:45pm,"Spencer-Walters,Tom J"
AFRS 398,12991,SH391,TuTh,12:30pm,01:45pm,"Gammage,Marquita M"
AFRS 417,20719,ONLINE, ,TBA,TBA,"Hackett,Cedric D"
AFRS 420,12835,SH279,MoWe,02:00pm,03:15pm,"Lo,Sheba AK"
