A M 316,16536,JD1609,TuTh,09:30am,10:45am,"Hao,Tzong-Ying"
A M 316,16233,JD1563,MoWe,08:00am,09:15am,"Boyajian,David M"
A M 316,16653,JD1609,TuTh,12:30pm,01:45pm,"Hao,Tzong-Ying"
A M 316,16721,JD1609,MoWe,03:30pm,04:45pm,"Alwehaidah,Nasser M"
A M 316,16897,JD1609,TuTh,03:30pm,04:45pm,"Alwehaidah,Nasser M"
A M 317,16447,JD1561,Tu,07:00pm,09:45pm,"Alwehaidah,Nasser M"
A M 317,16559,JD1561,We,07:00pm,09:45pm,"Amirkhanian,Jora"
A M 317,16234,JD1561,Mo,07:00pm,09:45pm,"Amirkhanian,Jora"
A M 317,16700,JD1561,Th,07:00pm,09:45pm,"Alwehaidah,Nasser M"
A M 317,16712,JD1561,Fr,01:00pm,03:45pm,"Hao,Tzong-Ying"
A M 410,16235,JD1609,MoWe,08:00am,09:15am,"Dombourian,Edward M"
A M 410,16701,JD1609,MoWe,11:00am,12:15pm,"Zirakian,Tadeh"
A M 410,17051,JD1609,TuTh,08:00am,09:15am,"Boyajian,David M"
A M 410,21297,JD1561,TuTh,05:30pm,06:45pm,"Hadje-Ghaffari,Hossain"
