ANTH 108|LATIN AMER CULTUR|12908|SH203|MoWe|12:30pm|01:45pm|"Lanzas,Gisela"
ANTH 108|LATIN AMER CULTUR|12909|SH203|TuTh|02:00pm|03:15pm|"Whittle,Matthew Day"
ANTH 150|INTRO TO ANTHRO|13120|ONLINE|TBA|TBA|TBA|"Love,Michael W"
ANTH 151|INTRO BIO ANTHRO|12264|SH234|MoWe|11:00am|12:15pm|"Campbell,Christina J"
ANTH 151|INTRO BIO ANTHRO|13115|CR5122|TuTh|02:00pm|03:15pm|"Rougier,Helene A"
ANTH 152|INTRO CULTRL ANTH|13227|SH203|MoWe|11:00am|12:15pm|"Lanzas,Gisela"
ANTH 152|INTRO CULTRL ANTH|12964|SH203|MoWe|11:00am|12:15pm|"Lanzas,Gisela"
ANTH 153|INTRO ARCHAEOLOGY|12332|OV025|MoWe|09:30am|10:45am|"Snead,James E"
ANTH 212|ANTHRO OF SEX|12331|MZ130|MoWe|12:30pm|01:45pm|"Campbell,Christina J"
ANTH 222|VISIONS OF SACRED|13276|SH203|MoWe|09:30am|10:45am|"Zane,Wallace W"
ANTH 222|VISIONS OF SACRED|13287|OV025|TuTh|12:30pm|01:45pm|"Kirner,Kimberly D"
ANTH 232|EXPRESSIVE CULT|13076|SH265|MoWe|08:00am|09:15am|"Adams,Elizabeth T"
ANTH 262|FORENSIC ANTH|13116|SH265|TuTh|11:00am|12:15pm|"Liu,Chin-hsin"
ANTH 262|FORENSIC ANTH|13277|SH203|TuTh|12:30pm|01:45pm|"Liu,Chin-hsin"
ANTH 303|ANTHROPOL THOUGHT|12244|SH234|TuTh|02:00pm|03:15pm|"Von Mayrhauser,Christina L"
ANTH 308|GENDER & CULTURE|12910|SH309|MoWe|09:30am|10:45am|"Cohen,Martin M"
ANTH 308|GENDER & CULTURE|13000|ONLINE|TBA|TBA|TBA|"Goknar,Merve"
ANTH 308|GENDER & CULTURE|20521|SH203|Fr|11:00am|01:45pm|"Siemens,Stephen D"
ANTH 310|LNG CULT/ANTH LIN|12224|SH386|TuTh|12:30pm|01:45pm|"Cohen,Martin M"
ANTH 310|LNG CULT/ANTH LIN|20545|ONLINE|TBA|TBA|TBA|"Browder,Jennifer K"
ANTH 310|LNG CULT/ANTH LIN|12887|ONLINE|TBA|TBA|TBA|"Von Mayrhauser,Christina L"
ANTH 310|LNG CULT/ANTH LIN|20562|SH265|MoWe|11:00am|12:15pm|"Siemens,Stephen D"
ANTH 315|WORLD CULTR SOCTY|12951|SH203|TuTh|09:30am|10:45am|"Siemens,Stephen D"
ANTH 319|WORLD PREHISTORY|12998|SH265|TuTh|09:30am|10:45am|"Dubois,Jonathan J"
ANTH 326|INTRO TO FOLKLORE|12840|SH203|Fr|02:00pm|04:45pm|"Zane,Wallace W"
ANTH 356|PEOP CULT MEDITER|20500|SH265|MoWe|12:30pm|01:45pm|"Goknar,Merve"
ANTH 423|HUM BEHAV EVOL|20478|SH265|TuTh|02:00pm|03:15pm|"Campbell,Christina J"
ANTH 424|THE SUPERNATURAL|20479|SH265|Mo|04:00pm|06:45pm|"Polk,Patrick A"
ANTH 426|OLD WORLD ARCH|13330|SH265|MoWe|02:00pm|03:15pm|"Snead,James E"
ANTH 432|ENVIRO JUSTICE|20476|SH265|Fr|12:30pm|03:15pm|"Kirner,Kimberly D"
ANTH 445|HUMAN OSTEOLOGY|20473|SH234|Tu|04:00pm|06:45pm|"Rougier,Helene A"
ANTH 445L|OSTEOLOGY LAB|20474|SH234|Sa|11:00am|01:45pm|"Rougier,Helene A"
ANTH 473|ARCH THRY+METHOD|13329|SH265|We|04:00pm|06:45pm|"Love,Michael W"
ANTH 475|ETHNOG RES METHOD|12263|SH265|Th|04:00pm|06:45pm|"Kirner,Kimberly D"
ANTH 486|GLOBALETHNOGRAPHY|20484|SH265|Tu|04:00pm|06:45pm|"Whittle,Matthew Day"
ANTH 490A|SEM IN ANTH: ARCH|12997|SH234|Th|04:00pm|06:45pm|"Love,Michael W"
ANTH 490C|SEM IN ANTH: CULT|12308|SH234|We|04:00pm|06:45pm|"Lanzas,Gisela"
ANTH 499A|INDEPENDENT STUDY|13398|TBA|TBA|TBA|TBA|Staff
ANTH 499C|INDEPENDENT STUDY|13107|TBA|TBA|TBA|TBA|Staff
ANTH 500|FNDANTHTM|13119|SH305|Mo|05:00pm|07:45pm|"Von Mayrhauser,Christina L"
ANTH 603|PROB BIO ANTHRO|20482|SH224|Tu|07:00pm|09:45pm|"Liu,Chin-hsin"
ANTH 607|SEM MGT ARCH RES|20483|SH234|We|07:00pm|09:45pm|"Snead,James E"
ANTH 694|PRACTICUM IN CRM|12259|TBA|TBA|TBA|TBA|"Scheld,Suzanne"
ANTH 696A|ANTH RES DESIGN|12400|SH234|Mo|07:00pm|09:45pm|"Scheld,Suzanne"
ANTH 697|DIR COMP STUDIES|12675|TBA|TBA|TBA|TBA|Staff
ANTH 698B|THES OR GRAD PROJ|12607|TBA|TBA|TBA|TBA|"Scheld,Suzanne"
ANTH 699B|INDEPENDENT STUDY|12895|TBA|TBA|TBA|TBA|Staff
