A/R 103|UGRD Enrolled in Course Match|20320|TBA|TBA|TBA|TBA|Staff
A/R 106|INTRASYSTM ENROLL|20020|TBA|TBA|TBA|TBA|Staff
A/R 108|CONCURRENT ENROLL|20077|TBA|TBA|TBA|TBA|Staff
A/R 109A|INTL PROG/AUSTRIA|20021|TBA|TBA|TBA|TBA|Staff
A/R 109AUS|INTL PROG/AUSTRLA|20022|TBA|TBA|TBA|TBA|Staff
A/R 109B|INTL PROG/BRAZIL|20023|TBA|TBA|TBA|TBA|Staff
A/R 109C|INTL PROG/DENMARK|20024|TBA|TBA|TBA|TBA|Staff
A/R 109CH|INTL PROG/CHILE|20095|TBA|TBA|TBA|TBA|Staff
A/R 109CI|INTL PROG/CHINA|20366|TBA|TBA|TBA|TBA|Staff
A/R 109CN|INTL PROG/ CANADA|20025|TBA|TBA|TBA|TBA|Staff
A/R 109D|INTL PROG/FRANCE|20026|TBA|TBA|TBA|TBA|Staff
A/R 109E|INTL PROG/GERMANY|20027|TBA|TBA|TBA|TBA|Staff
A/R 109F|INTL PROG/ISRAEL|20028|TBA|TBA|TBA|TBA|Staff
A/R 109G|INTL PROG/ITALY|20029|TBA|TBA|TBA|TBA|Staff
A/R 109GH|INTL PROG/GHANA|20090|TBA|TBA|TBA|TBA|Staff
A/R 109H|INTL PROG/JAPAN|20030|TBA|TBA|TBA|TBA|Staff
A/R 109I|INTL PROG/MEXICO|20031|TBA|TBA|TBA|TBA|Staff
A/R 109J|INTL PROG/N ZELND|20032|TBA|TBA|TBA|TBA|Staff
A/R 109K|INTL PROG/PERU|20033|TBA|TBA|TBA|TBA|Staff
A/R 109L|INTL PROG/QUEBEC|20034|TBA|TBA|TBA|TBA|Staff
A/R 109M|INTL PROG/CHINA|20035|TBA|TBA|TBA|TBA|Staff
A/R 109N|INTL PROG/SPAIN|20036|TBA|TBA|TBA|TBA|Staff
A/R 109O|INTL PROG/SWEDEN|20037|TBA|TBA|TBA|TBA|Staff
A/R 109P|INTL PROG/ENGLAND|20038|TBA|TBA|TBA|TBA|Staff
A/R 109T|INTL PROG/TAIWAN|20307|TBA|TBA|TBA|TBA|Staff
A/R 109UK|INTL PROG/U KING|20039|TBA|TBA|TBA|TBA|Staff
A/R 109V|INTL PROG/KOREA|20040|TBA|TBA|TBA|TBA|Staff
A/R 109Z|INTL PROG/ZIMBABW|20041|TBA|TBA|TBA|TBA|Staff
A/R 120|ONE TO ONE EXCHANGE|20094|TBA|TBA|TBA|TBA|Staff
A/R 300|NATL STDNT EXCHNG|20076|TBA|TBA|TBA|TBA|Staff
A/R 301|NSE Group C|20096|TBA|TBA|TBA|TBA|Staff
A/R 500|GRAD Enrolled in Course Match|20321|TBA|TBA|TBA|TBA|Staff
A/R 601|SPEC MAST REG|20369|TBA|TBA|TBA|TBA|Staff
A/R 602|TEACHER PERFORMANCE ASSESSMENT|20398|TBA|TBA|TBA|TBA|Staff
