ART 100|INTRO ART PROCESS|10124|AC210|MoWe|08:00am|08:25am|"Pozen,Donna M"
ART 100|INTRO ART PROCESS|10125|AC210|MoWe|11:00am|11:25am|"Pozen,Donna M"
ART 100|INTRO ART PROCESS|11166|AC210|TuTh|11:00am|11:25am|"Pozen,Donna M"
ART 100|INTRO ART PROCESS|10126|AC210|TuTh|08:00am|08:25am|"Pozen,Donna M"
ART 100|INTRO ART PROCESS|10127|AC210|Fr|09:00am|09:50am|"Liu,Vida"
ART 100|INTRO ART PROCESS|11239|AC210|Th|01:00pm|01:50pm|"Liu,Vida"
ART 100|INTRO ART PROCESS|11242|AC210|Mo|01:00pm|01:50pm|"Liu,Vida"
ART 100L|ART PROCESS LAB|10128|AC210|MoWe|08:25am|10:05am|"Pozen,Donna M"
ART 100L|ART PROCESS LAB|10129|AC210|MoWe|11:25am|12:55pm|"Pozen,Donna M"
ART 100L|ART PROCESS LAB|11167|AC210|TuTh|11:25am|12:55pm|"Pozen,Donna M"
ART 100L|ART PROCESS LAB|10130|AC210|TuTh|08:25am|09:55am|"Pozen,Donna M"
ART 100L|ART PROCESS LAB|10131|AC210|Fr|10:00am|01:20pm|"Liu,Vida"
ART 100L|ART PROCESS LAB|11244|AC210|Th|02:00pm|05:20pm|"Liu,Vida"
ART 100L|ART PROCESS LAB|11247|AC210|Mo|02:00pm|05:20pm|"Liu,Vida"
ART 110|WORLDARTWESTTRAD|10134|SG103|Fr|08:00am|10:45am|"Doonan,Owen P"
ART 110|WORLDARTWESTTRAD|10132|SG103|Tu|11:00am|12:15pm|"Doonan,Owen P"
ART 110|WORLDARTWESTTRAD|10133|ONLINE|Th|09:30am|10:45am|"Doonan,Owen P"
ART 112|WORLDARTAOA|10135|SG105|Th|09:30am|10:45am|"Klemm,Peri M"
ART 112|WORLDARTAOA|11424|SG105|Fr|09:00am|11:45am|"Klemm,Peri M"
ART 112|WORLDARTAOA|11425|SG103|Th|11:00am|12:15pm|"Klemm,Peri M"
ART 114|WORLDARTASIA|10583|ONLINE|Mo|09:30am|10:45am|"Wang,Meiqin"
ART 114|WORLDARTASIA|10584|ONLINE|Mo|11:00am|12:15pm|"Wang,Meiqin"
ART 114|WORLDARTASIA|10582|SG103|Fr|11:00am|01:45pm|"Enholm,Molly A"
ART 120|ART IMMERSION VA|11573|AC210|Tu|02:00pm|02:50pm|"Taylor,Kristin A"
ART 120|ART IMMERSION VA|20501|AC600|Th|02:00pm|02:50pm|"Henderson,Lynette K"
ART 120L|ART IMMERS VA LAB|11574|AC210|Tu|03:00pm|04:45pm|"Taylor,Kristin A"
ART 120L|ART IMMERS VA LAB|20502|AC600|Th|03:00pm|04:45pm|"Henderson,Lynette K"
ART 124A|DRAWING I|10500|AC604|MoWe|08:00am|10:45am|"Boruck,Holly"
ART 124A|DRAWING I|10142|AC602|MoWe|02:00pm|04:45pm|"Boruck,Holly"
ART 124A|DRAWING I|10144|AC604|MoWe|06:00pm|08:45pm|"Panjarian,Fabia"
ART 124A|DRAWING I|10140|AC604|TuTh|08:00am|10:45am|"Yip,Calvin"
ART 124A|DRAWING I|10143|AC602|TuTh|11:00am|01:45pm|"Yip,Calvin"
ART 124A|DRAWING I|10138|AC604|TuTh|02:00pm|04:45pm|"Yip,Calvin"
ART 124A|DRAWING I|10136|AC604|MoWe|11:00am|01:45pm|"Alexander- Dunajski,Stacey Janelle"
ART 124A|DRAWING I|10860|AC602|TuTh|02:00pm|04:45pm|"Familton,Kent"
ART 124A|DRAWING I|11375|AC604|Fr|09:00am|02:30pm|"Familton,Kent"
ART 124B|DRAWING I|10540|AC602|TuTh|08:00am|10:45am|"Jones Jr,Kenneth C"
ART 124B|DRAWING I|10334|AC604|MoWe|02:00pm|04:45pm|"Hampton,Steven"
ART 124B|DRAWING I|10145|AC604|TuTh|11:00am|01:45pm|"Vonwolffersdorff,Joy A"
ART 140|BEGIN 2D DESIGN|10150|AC333|MoWe|11:00am|01:45pm|"Taylor,Curtis Neal"
ART 140|BEGIN 2D DESIGN|10147|AC600|TuTh|08:00am|10:45am|"Panjarian,Fabia"
ART 140|BEGIN 2D DESIGN|10151|AC401|MoWe|06:00pm|08:45pm|"Taylor,Curtis Neal"
ART 140|BEGIN 2D DESIGN|10148|AC401|TuTh|06:00pm|08:45pm|"Orouji,Omid"
ART 140|BEGIN 2D DESIGN|10146|AC333|TuTh|02:00pm|04:45pm|"Orouji,Omid"
ART 140|BEGIN 2D DESIGN|11263|AC600|TuTh|11:00am|01:45pm|"Reynolds,Victoria J"
ART 140|BEGIN 2D DESIGN|10149|AC333|Fr|08:00am|01:30pm|"Hendrickson,David Charles"
ART 140|BEGIN 2D DESIGN|11430|AC600|MoWe|02:00pm|04:45pm|"Schneider,Howard S"
ART 140|BEGIN 2D DESIGN|11431|AC600|MoWe|08:00am|10:45am|"Korman,Ira M"
ART 141|BEGIN 3D DESIGN|10152|AC511|MoWe|08:00am|10:45am|"Dario,Brian"
ART 141|BEGIN 3D DESIGN|10542|AC511|MoWe|11:00am|01:45pm|"Dario,Brian"
ART 141|BEGIN 3D DESIGN|10153|AC511|MoWe|02:00pm|04:45pm|"Dominick,Andrew B"
ART 141|BEGIN 3D DESIGN|10154|AC511|TuTh|08:00am|10:45am|"Brodsky,Tanya"
ART 141|BEGIN 3D DESIGN|10425|AC511|TuTh|11:00am|01:45pm|"Reardon,Kari A"
ART 141|BEGIN 3D DESIGN|10156|AC511|TuTh|02:00pm|04:45pm|"Reardon,Kari A"
ART 141|BEGIN 3D DESIGN|10155|AC511|Fr|09:00am|03:30pm|"Dario,Brian"
ART 141|BEGIN 3D DESIGN|11432|AC511|TuTh|06:00pm|08:45pm|"Reardon,Kari A"
ART 148|COLOR THEORY|11169|AC600|MoWe|11:00am|01:45pm|"Boruck,Holly"
ART 151|PHOTOGRPHY AS ART|10427|AC331|Fr|08:00am|10:45am|"Schlosser,Julia A"
ART 151|PHOTOGRPHY AS ART|10159|AC331|MoWe|11:00am|12:15pm|"Ashby,Craig"
ART 151|PHOTOGRPHY AS ART|10426|AC331|MoWe|09:30am|10:45am|"Kashef,Niku Bayesteh"
ART 151|PHOTOGRPHY AS ART|10158|AC331|TuTh|09:30am|10:45am|"McCauley,Robin K"
ART 151|PHOTOGRPHY AS ART|10157|AC331|TuTh|11:00am|12:15pm|"Ollis,Richard R"
ART 151|PHOTOGRPHY AS ART|10518|AC331|Mo|07:00pm|09:45pm|"Cheney,Ryan M"
ART 200|ART MEDIA VIS|10162|AC404|MoWe|02:00pm|04:45pm|"Solis,Louis A"
ART 200|ART MEDIA VIS|10456|AC401|MoWe|11:00am|01:45pm|"Clisset,John M"
ART 200|ART MEDIA VIS|10161|AC401|TuTh|08:00am|10:45am|"DiMarco,Paula J"
ART 201|INTRO WEB ART|10658|AC404|MoWe|08:00am|10:45am|"Solis,Louis A"
ART 222|ILLUST MAT & TECH|10776|AC507|MoWe|11:00am|01:45pm|"Korman,Ira M"
ART 224A|DRAWING II/ANATMY|10593|AC602|MoWe|11:00am|01:45pm|"Jones Jr,Kenneth C"
ART 227|PAINTING I|10164|AC606|TuTh|08:00am|10:45am|"Reynolds,Victoria J"
ART 230|PERSPECTIVE|10536|AC402|MoWe|08:00am|10:45am|"St. Pierre,Robert J"
ART 235|SCULPTURE I|10777|AC512|MoWe|11:00am|01:45pm|"Tedeschi,Christian R"
ART 237|PRINTMAKING I|10778|AC505|TuTh|11:00am|01:45pm|"Rozic,Michelle M"
ART 243|INTRO TO TYPE|10780|AC404|MoWe|11:00am|01:45pm|"Courtney,Jeff P"
ART 244|GRAPHIC DESIGN I|10781|AC407|MoWe|08:00am|10:45am|"Mendelson,Bruce"
ART 244|GRAPHIC DESIGN I|10782|AC407|TuTh|11:00am|01:45pm|"Kelley,James R"
ART 250|PHOTOGRAPHY I|10817|AC334|MoWe|11:00am|01:45pm|"Kashef,Niku Bayesteh"
ART 250|PHOTOGRAPHY I|10818|AC334|MoWe|02:00pm|04:45pm|"Ashby,Craig"
ART 250|PHOTOGRAPHY I|10819|AC334|TuTh|06:00pm|08:45pm|"Chan,Matthew"
ART 250|PHOTOGRAPHY I|10820|AC334|MoWe|08:00am|10:45am|"Schlosser,Julia A"
ART 250|PHOTOGRAPHY I|10821|AC334|TuTh|11:00am|01:45pm|"Greathouse,Candice Marie"
ART 250|PHOTOGRAPHY I|10822|AC334|TuTh|02:00pm|04:45pm|"Parian,Levon"
ART 250|PHOTOGRAPHY I|11265|AC334|TuTh|08:00am|10:45am|"Parian,Levon"
ART 250|PHOTOGRAPHY I|11438|AC334|MoWe|06:00pm|08:45pm|"Ashby,Craig"
ART 263|ANIMATION I|10784|AC402|MoWe|07:00pm|09:45pm|"Crowe,Lee Elizabeth"
ART 263|ANIMATION I|10785|AC402|TuTh|11:00am|01:45pm|"Farquhar,Mark R"
ART 263|ANIMATION I|11743|AC402|TuTh|02:00pm|04:45pm|"Farquhar,Mark R"
ART 263|ANIMATION I|12083|AC402|Fr|09:00am|02:30pm|"Crowe,Lee Elizabeth"
ART 267|INTRO TO CERAMICS|10786|AC509|MoWe|02:00pm|04:45pm|"Carroll,Emilie"
ART 267|INTRO TO CERAMICS|10787|AC509|TuTh|11:00am|01:45pm|"Batura,Tanya M"
ART 301|WEB DESIGN|10788|AC403|MoWe|02:00pm|04:45pm|"Bautista,Joe G"
ART 302|VIDEO/DIGITAL ART|10645|AC401|MoWe|08:00am|10:45am|"Ashby,Craig"
ART 304|VIS ART AND CHILD|10672|AC210|We|01:00pm|03:45pm|"Taylor,Kristin A"
ART 305|ART& MASS CULTURE|10173|ONLINE|TBA|TBA|TBA|"Wood,Eve Ellen"
ART 305|ART& MASS CULTURE|11186|SG100|Tu|02:00pm|03:15pm|"Osorio,Ernestina"
ART 305|ART& MASS CULTURE|11439|SG100|Fr|11:00am|01:45pm|"Klein,Jennifer S"
ART 305|ART& MASS CULTURE|11440|ONLINE|We|02:00pm|03:15pm|"Laris,Katherine E"
ART 305|ART& MASS CULTURE|11666|SG100|Mo|08:00am|09:15am|"Laris,Katherine E"
ART 305|ART& MASS CULTURE|11805|ONLINE|TBA|TBA|TBA|"Wood,Eve Ellen"
ART 305|ART& MASS CULTURE|11846|ONLINE|TBA|TBA|TBA|"Anderson,RuthAnn"
ART 305|ART& MASS CULTURE|11991|ONLINE|TBA|TBA|TBA|"Klein,Jennifer S"
ART 305|ART& MASS CULTURE|12016|ONLINE|TBA|TBA|TBA|"Klein,Jennifer S"
ART 305|ART& MASS CULTURE|12059|ONLINE|TBA|TBA|TBA|"Klein,Jennifer S"
ART 306|MOTION GRAPHICS|10789|AC401|MoWe|02:00pm|04:45pm|"Rizk,Magdy"
ART 307|CORE ART STUDIO|11747|AC409|MoWe|08:00am|10:45am|"Taylor,Curtis Neal"
ART 307|CORE ART STUDIO|11748|AC408|TuTh|08:00am|10:45am|"Fields,Samantha M"
ART 307|CORE ART STUDIO|11749|AC409|MoWe|11:00am|01:45pm|"Forcum,Tim D"
ART 307|CORE ART STUDIO|12060|AC331|TuTh|02:00pm|04:45pm|"Hendrickson,David Charles"
ART 307|CORE ART STUDIO|21184|AC335|MoWe|08:00am|10:45am|"Dominick,Andrew B"
ART 309|VIDEO VISUAL ART|11468|AC401|TuTh|02:00pm|04:45pm|"Ames,Curtis"
ART 309|VIDEO VISUAL ART|20509|AC401|TuTh|11:00am|01:45pm|"Ames,Curtis"
ART 315|WORLDPERSPARTHIST|10338|SG100|We|11:00am|12:15pm|"Schifman,Karen J"
ART 315|WORLDPERSPARTHIST|10646|ONLINE|TBA|TBA|TBA|"Moss,Juliet"
ART 315|WORLDPERSPARTHIST|10462|SG100|Th|02:00pm|03:15pm|"Wood,Eve Ellen"
ART 315|WORLDPERSPARTHIST|10413|SG100|Fr|08:00am|09:15am|"Moss,Juliet"
ART 315|WORLDPERSPARTHIST|10174|SG100|Mo|11:00am|12:15pm|"Moss,Juliet"
ART 315|WORLDPERSPARTHIST|11607|ONLINE|TBA|TBA|TBA|"Moss,Juliet"
ART 315|WORLDPERSPARTHIST|11608|ONLINE|TBA|TBA|TBA|"Wood,Eve Ellen"
ART 318|19&20THCENTURYART|11313|SG109|Tu|04:00pm|06:45pm|"Enholm,Molly A"
ART 318|19&20THCENTURYART|11482|SG103|Mo|11:00am|12:15pm|"Enholm,Molly A"
ART 318|19&20THCENTURYART|11600|SG109|Th|07:00pm|09:45pm|"Newell Bravo,Andrea C"
ART 318|19&20THCENTURYART|11845|SG103|We|07:00pm|09:45pm|"Ontiveros,Mario"
ART 318|19&20THCENTURYART|11993|ONLINE|TBA|TBA|TBA|"Enholm,Molly A"
ART 318|19&20THCENTURYART|11995|ONLINE|TBA|TBA|TBA|"Enholm,Molly A"
ART 322A|ILLUSTRATION I|10790|AC507|MoWe|02:00pm|04:45pm|"Nyquist,Eric"
ART 322B|ILLUSTRATION II|10791|AC505|MoWe|11:00am|01:45pm|"Sandberg,Erik M"
ART 322C|DIGITAL ILLUSTRAT|11296|AC330|MoWe|08:00am|10:45am|"Sandberg,Erik M"
ART 324A|DRAW 3/FIGURE DRW|10176|AC602|MoWe|08:00am|10:45am|"Jones Jr,Kenneth C"
ART 324B|FIGURE DRAW+PAINT|10177|AC602|MoWe|08:00am|10:45am|"Jones Jr,Kenneth C"
ART 326|PAINT II:ABSTRACT|11175|AC606|MoWe|02:00pm|04:45pm|"Forcum,Tim D"
ART 327|PAINT II: REP IMG|10179|AC606|MoWe|11:00am|01:45pm|"Hendrickson,David Charles"
ART 328|WATER COLOR|10507|AC507|TuTh|02:00pm|04:45pm|"Vonwolffersdorff,Joy A"
ART 330|DRAW III COMP|10194|AC507|TuTh|06:00pm|08:45pm|"Vonwolffersdorff,Joy A"
ART 335|SCULPTURE II|10792|AC512|MoWe|08:00am|10:45am|"Tedeschi,Christian R"
ART 338|PRINTMAKING II|11741|AC505|TuTh|02:00pm|04:45pm|"Cross,Sydney"
ART 341|GRAPHIC DES PROD|10793|AC403|MoWe|08:00am|10:45am|"Courtney,Jeff P"
ART 342|EXHIBITION DESIGN|11317|AC335|Fr|11:00am|03:45pm|"Wang,Meiqin"
ART 343|ADV TYPOGRAPHY|10794|AC403|MoWe|11:00am|01:45pm|"Schneider,Howard S"
ART 344|GRAPHIC DESIGN II|10795|AC407|MoWe|11:00am|01:45pm|"Raban,Shirin Esther"
ART 344|GRAPHIC DESIGN II|10796|AC407|TuTh|02:00pm|04:45pm|"Kelley,James R"
ART 345|ENTERTAIN AD DES|11478|AC403|TuTh|02:00pm|04:45pm|"Swart,Alexander L"
ART 350|PHOTOGRAPHY II|21020|AC335|TuTh|06:00pm|08:45pm|"Przelomiec,Chester B"
ART 351|DIGITAL PHOTO|10797|AC407|MoWe|02:00pm|04:45pm|"Bunn,Anita E"
ART 352|VISUAL EFFECTS|10798|AC330|TuTh|11:00am|01:45pm|"Owens,Caleb R"
ART 352|VISUAL EFFECTS|11744|AC330|TuTh|07:00pm|09:45pm|"Amrani,Noah S"
ART 353|COLOR PHOTOGRAPHY|10823|AC335|TuTh|11:00am|01:45pm|"Krane,Lesley S"
ART 354|COMPUTER GRAPHICS|10799|AC404|TuTh|06:00pm|08:45pm|"Solis,Louis A"
ART 363A|ANIMATION IIA|10803|AC402|Sa|10:00am|03:30pm|"Mortcheva,Aglaia"
ART 363A|ANIMATION IIA|20511|AC401|Fr|10:00am|03:30pm|"Mortcheva,Aglaia"
ART 363B|ANIMATION IIB|10804|AC402|MoWe|11:00am|01:45pm|"St. Pierre,Robert J"
ART 363B|ANIMATION IIB|12030|AC402|MoWe|02:00pm|04:45pm|"St. Pierre,Robert J"
ART 364|3-D COMP ANIMATN|10805|AC330|Sa|10:00am|03:30pm|"Bladh,Caleb C"
ART 364|3-D COMP ANIMATN|10806|AC330|TuTh|08:00am|10:45am|"Owens,Caleb R"
ART 365|3-D COMP ANIM II|10807|AC330|MoWe|11:00am|01:45pm|"Itokazu,Hiroki"
ART 365|3-D COMP ANIM II|11171|AC330|Fr|10:00am|03:30pm|"Itokazu,Hiroki"
ART 367|CERAMICS III|10808|AC509|MoWe|11:00am|01:45pm|"Cox,Patsy"
ART 368|GAME ANIMATION|10810|AC330|TuTh|02:00pm|04:45pm|"Owens,Caleb R"
ART 380|CHILDRENS ART|10209|AC211|Tu|02:00pm|03:40pm|"Pistolesi,Edie"
ART 380|CHILDRENS ART|10206|AC211|Mo|11:00am|12:40pm|"Henderson,Lynette K"
ART 380|CHILDRENS ART|10502|AC211|Mo|02:00pm|03:40pm|"Henderson,Lynette K"
ART 380L|CHILDRENS ART LAB|10224|AC211|Th|02:00pm|03:40pm|"Pistolesi,Edie"
ART 380L|CHILDRENS ART LAB|10210|AC211|We|11:00am|12:40pm|"Henderson,Lynette K"
ART 380L|CHILDRENS ART LAB|10503|AC211|We|02:00pm|03:40pm|"Henderson,Lynette K"
ART 383|ART EARLY CHILDHD|10225|AC211|Tu|12:00pm|01:40pm|"Taylor,Kristin A"
ART 383L|ART E CHLDHD LAB|10226|AC211|Th|12:00pm|01:40pm|"Taylor,Kristin A"
ART 385|CHILDRENS CRAFTS|20700|AC210|Mo|06:00pm|07:40pm|"Buchman,Carolyn"
ART 385L|CHILDRN CRAFT LAB|20701|AC210|Mo|07:40pm|09:20pm|"Buchman,Carolyn"
ART 396SD|IMPACT DESIGN|20760|AC408|MoWe|11:00am|01:45pm|"DiMarco,Paula J"
ART 401|HIST NAT AMER ART|10764|SG105|Th|04:00pm|06:45pm|"Klemm,Peri M"
ART 405|ADV WEB DESIGN|11479|AC404|MoWe|06:00pm|08:45pm|"Bautista,Joe G"
ART 413|HIST CHINESE ART|10687|SG103|Tu|04:00pm|06:45pm|"Wang,Meiqin"
ART 420|HIST GREEK ART|11594|SG103|Tu|07:00pm|09:45pm|"Doonan,Owen P"
ART 422|ILLUSTRATION III|10811|AC507|TuTh|11:00am|01:45pm|"Freshwater,Shannon"
ART 427|PAINTING III|11602|AC606|TuTh|11:00am|01:45pm|"Fields,Samantha M"
ART 429|ADV STUDY STU ART|10228|AC606|TuTh|11:00am|01:45pm|"Fields,Samantha M"
ART 429|ADV STUDY STU ART|20514|AC606|MoWe|06:00pm|08:45pm|"Forcum,Tim D"
ART 430|DRAW IV COMP|10229|AC507|TuTh|06:00pm|08:45pm|"Vonwolffersdorff,Joy A"
ART 431|HIST BAROQUE ART|10688|SG103|Mo|04:00pm|06:45pm|"Brown,Betty A"
ART 435|SCULPTURE III|10812|AC512|MoWe|08:00am|10:45am|"Tedeschi,Christian R"
ART 437|PRINTMAKING III|11595|AC505|TuTh|02:00pm|04:45pm|"Cross,Sydney"
ART 438|SENIOR PROJECTS|10428|AC403|We|06:00pm|07:40pm|"Clisset,John M"
ART 438L|SENIOR PROJ LAB|10429|AC403|We|07:40pm|09:20pm|"Clisset,John M"
ART 442|3-D COMP ANIM III|11490|AC402|TuTh|08:00am|10:45am|"Farquhar,Mark R"
ART 443|ANIMATION DRAWING|10232|AC402|TuTh|07:00pm|09:45pm|"Souza,Robert"
ART 444|GRAPHIC DESGN III|10813|AC407|TuTh|08:00am|10:45am|"Kelley,James R"
ART 444|GRAPHIC DESGN III|10814|AC407|MoWe|06:00pm|08:45pm|"Longo,Nicholas T"
ART 446|PACKAGING DESIGN|10815|AC408|TuTh|11:00am|01:45pm|"Raban,Shirin Esther"
ART 448|HIST CONTEMP ART|11315|SG109|Th|04:00pm|06:45pm|"Ontiveros,Mario"
ART 448|HIST CONTEMP ART|11677|SG109|We|04:00pm|06:45pm|"Ontiveros,Mario"
ART 455A|STUDIO LTG I|10825|AC335|MoWe|11:00am|01:45pm|"Bunn,Anita E"
ART 455B|STUDIO LTG II|10826|AC335|MoWe|11:00am|01:45pm|"Bunn,Anita E"
ART 458|GRAPHICS SEMINAR|11365|TBA|TBA|TBA|TBA|Staff
ART 458|GRAPHICS SEMINAR|11477|TBA|TBA|TBA|TBA|Staff
ART 458|GRAPHICS SEMINAR|11954|AC409|MoWe|02:00pm|04:45pm|"Moon,Dave Y"
ART 462|HIST OF PHOTOGRPY|11216|AC331|Fr|11:00am|01:45pm|"Schlosser,Julia A"
ART 463|ANIMATION III|10816|AC330|MoWe|02:00pm|04:45pm|"Clisset,John M"
ART 463|ANIMATION III|11170|AC401|Sa|10:00am|03:30pm|"Bonitatis,Michael"
ART 467|CERAMICS IV|10809|AC509|MoWe|11:00am|01:45pm|"Cox,Patsy"
ART 468|WOMEN IN VIS ART|11481|SG109|MoWe|02:00pm|03:15pm|"Schifman,Karen J"
ART 488|PUBLIC ART|11620|AC512|Fr|09:30am|02:30pm|"Brodsky,Tanya"
ART 494|INTRNSHP IN ART|10841|AC404|Fr|09:00am|04:45pm|"Bonitatis,Michael"
ART 494|INTRNSHP IN ART|10842|TBA|TBA|TBA|TBA|"Moon,Dave Y"
ART 499C|INDEPENDENT STUDY|21133|TBA|TBA|TBA|TBA|"Alfano,Edward C"
ART 520|STU PRB VID/DIGTL|10652|AC335|TuTh|08:00am|10:45am|"Greathouse,Candice Marie"
ART 521|STU PRB PAINTING|10234|AC606|TuTh|02:00pm|04:45pm|"Reynolds,Victoria J"
ART 524|STU PROB DRAWING|10235|AC300|MoWe|11:00am|01:45pm|"Hampton,Steven"
ART 535|STU PRB SCULPTURE|10844|AC512|Sa|09:00am|02:45pm|"Tedeschi,Christian R"
ART 542CS|EXHIBITION DESIGN|11318|AC335|Fr|11:00am|03:45pm|"Wang,Meiqin"
ART 550|STU PROB: PHOTO|10845|AC333|TuTh|08:00am|10:45am|"Krane,Lesley S"
ART 560|STU PRB IN CERAM|10846|AC509|MoWe|08:00am|10:45am|"Cox,Patsy"
ART 585|TEACH 2-D ART|11447|AC211|Mo|06:00pm|07:40pm|"Taylor,Kristin A"
ART 585L|TEACH 2-D ART LAB|11448|AC211|Mo|07:40pm|09:45pm|"Taylor,Kristin A"
ART 588|PUBLIC ART|12031|AC512|Fr|09:30am|02:30pm|"Brodsky,Tanya"
ART 590|HIST+PHIL ART ED|10236|AC211|Tu|07:00pm|09:45pm|"Pistolesi,Edie"
ART 611|HIST + PHIL ART|12044|SG103|Th|07:00pm|09:45pm|"Ontiveros,Mario"
ART 620|ADV STU PRB VIDEO|11884|AC335|TuTh|08:00am|10:45am|"Greathouse,Candice Marie"
ART 621|STU PRB PAINTING|11599|AC606|TuTh|02:00pm|04:45pm|"Reynolds,Victoria J"
ART 624|STU PROB DRAWING|11597|AC300|MoWe|11:00am|01:45pm|"Hampton,Steven"
ART 635|AD STU PROB/SCLPT|11603|AC512|Sa|09:00am|02:45pm|"Tedeschi,Christian R"
ART 650|ADV STU PRB:PHOTO|11598|AC333|TuTh|08:00am|10:45am|"Krane,Lesley S"
ART 660|AD STU PRB CERAM|11786|AC509|MoWe|08:00am|10:45am|"Cox,Patsy"
ART 690A|M F A STUDIO|10455|TBA|TBA|TBA|TBA|"Alfano,Edward C"
ART 691A|M F A SEMINAR|10761|AC333|Mo|06:00pm|08:45pm|"Dario,Brian"
ART 696C|DIR GRAD RESEARCH|10245|TBA|TBA|TBA|TBA|"Alfano,Edward C"
ART 698C|THESIS ART PERF|10246|TBA|TBA|TBA|TBA|"Alfano,Edward C"
