ART 100,10124,AC210,MoWe,08:00am,08:25am,"Pozen,Donna M"
ART 100,10125,AC210,MoWe,11:00am,11:25am,"Pozen,Donna M"
ART 100,11166,AC210,TuTh,11:00am,11:25am,"Pozen,Donna M"
ART 100,10126,AC210,TuTh,08:00am,08:25am,"Pozen,Donna M"
ART 100,10127,AC210,Fr,09:00am,09:50am,"Liu,Vida"
ART 100,11239,AC210,Th,01:00pm,01:50pm,"Liu,Vida"
ART 100,11242,AC210,Mo,01:00pm,01:50pm,"Liu,Vida"
ART 100L,10128,AC210,MoWe,08:25am,10:05am,"Pozen,Donna M"
ART 100L,10129,AC210,MoWe,11:25am,12:55pm,"Pozen,Donna M"
ART 100L,11167,AC210,TuTh,11:25am,12:55pm,"Pozen,Donna M"
ART 100L,10130,AC210,TuTh,08:25am,09:55am,"Pozen,Donna M"
ART 100L,10131,AC210,Fr,10:00am,01:20pm,"Liu,Vida"
ART 100L,11244,AC210,Th,02:00pm,05:20pm,"Liu,Vida"
ART 100L,11247,AC210,Mo,02:00pm,05:20pm,"Liu,Vida"
ART 110,10134,SG103,Fr,08:00am,10:45am,"Doonan,Owen P"
ART 110,10132,SG103,Tu,11:00am,12:15pm,"Doonan,Owen P"
ART 110,10133,ONLINE,Th,09:30am,10:45am,"Doonan,Owen P"
ART 112,10135,SG105,Th,09:30am,10:45am,"Klemm,Peri M"
ART 112,11424,SG105,Fr,09:00am,11:45am,"Klemm,Peri M"
ART 112,11425,SG103,Th,11:00am,12:15pm,"Klemm,Peri M"
ART 114,10583,ONLINE,Mo,09:30am,10:45am,"Wang,Meiqin"
ART 114,10584,ONLINE,Mo,11:00am,12:15pm,"Wang,Meiqin"
ART 114,10582,SG103,Fr,11:00am,01:45pm,"Enholm,Molly A"
ART 120,11573,AC210,Tu,02:00pm,02:50pm,"Taylor,Kristin A"
ART 120,20501,AC600,Th,02:00pm,02:50pm,"Henderson,Lynette K"
ART 120L,11574,AC210,Tu,03:00pm,04:45pm,"Taylor,Kristin A"
ART 120L,20502,AC600,Th,03:00pm,04:45pm,"Henderson,Lynette K"
ART 124A,10500,AC604,MoWe,08:00am,10:45am,"Boruck,Holly"
ART 124A,10142,AC602,MoWe,02:00pm,04:45pm,"Boruck,Holly"
ART 124A,10144,AC604,MoWe,06:00pm,08:45pm,"Panjarian,Fabia"
ART 124A,10140,AC604,TuTh,08:00am,10:45am,"Yip,Calvin"
ART 124A,10143,AC602,TuTh,11:00am,01:45pm,"Yip,Calvin"
ART 124A,10138,AC604,TuTh,02:00pm,04:45pm,"Yip,Calvin"
ART 124A,10136,AC604,MoWe,11:00am,01:45pm,"Alexander- Dunajski,Stacey Janelle"
ART 124A,10860,AC602,TuTh,02:00pm,04:45pm,"Familton,Kent"
ART 124A,11375,AC604,Fr,09:00am,02:30pm,"Familton,Kent"
ART 124B,10540,AC602,TuTh,08:00am,10:45am,"Jones Jr,Kenneth C"
ART 124B,10334,AC604,MoWe,02:00pm,04:45pm,"Hampton,Steven"
ART 124B,10145,AC604,TuTh,11:00am,01:45pm,"Vonwolffersdorff,Joy A"
ART 140,10150,AC333,MoWe,11:00am,01:45pm,"Taylor,Curtis Neal"
ART 140,10147,AC600,TuTh,08:00am,10:45am,"Panjarian,Fabia"
ART 140,10151,AC401,MoWe,06:00pm,08:45pm,"Taylor,Curtis Neal"
ART 140,10148,AC401,TuTh,06:00pm,08:45pm,"Orouji,Omid"
ART 140,10146,AC333,TuTh,02:00pm,04:45pm,"Orouji,Omid"
ART 140,11263,AC600,TuTh,11:00am,01:45pm,"Reynolds,Victoria J"
ART 140,10149,AC333,Fr,08:00am,01:30pm,"Hendrickson,David Charles"
ART 140,11430,AC600,MoWe,02:00pm,04:45pm,"Schneider,Howard S"
ART 140,11431,AC600,MoWe,08:00am,10:45am,"Korman,Ira M"
ART 141,10152,AC511,MoWe,08:00am,10:45am,"Dario,Brian"
ART 141,10542,AC511,MoWe,11:00am,01:45pm,"Dario,Brian"
ART 141,10153,AC511,MoWe,02:00pm,04:45pm,"Dominick,Andrew B"
ART 141,10154,AC511,TuTh,08:00am,10:45am,"Brodsky,Tanya"
ART 141,10425,AC511,TuTh,11:00am,01:45pm,"Reardon,Kari A"
ART 141,10156,AC511,TuTh,02:00pm,04:45pm,"Reardon,Kari A"
ART 141,10155,AC511,Fr,09:00am,03:30pm,"Dario,Brian"
ART 141,11432,AC511,TuTh,06:00pm,08:45pm,"Reardon,Kari A"
ART 148,11169,AC600,MoWe,11:00am,01:45pm,"Boruck,Holly"
ART 151,10427,AC331,Fr,08:00am,10:45am,"Schlosser,Julia A"
ART 151,10159,AC331,MoWe,11:00am,12:15pm,"Ashby,Craig"
ART 151,10426,AC331,MoWe,09:30am,10:45am,"Kashef,Niku Bayesteh"
ART 151,10158,AC331,TuTh,09:30am,10:45am,"McCauley,Robin K"
ART 151,10157,AC331,TuTh,11:00am,12:15pm,"Ollis,Richard R"
ART 151,10518,AC331,Mo,07:00pm,09:45pm,"Cheney,Ryan M"
ART 200,10162,AC404,MoWe,02:00pm,04:45pm,"Solis,Louis A"
ART 200,10456,AC401,MoWe,11:00am,01:45pm,"Clisset,John M"
ART 200,10161,AC401,TuTh,08:00am,10:45am,"DiMarco,Paula J"
ART 201,10658,AC404,MoWe,08:00am,10:45am,"Solis,Louis A"
ART 222,10776,AC507,MoWe,11:00am,01:45pm,"Korman,Ira M"
ART 224A,10593,AC602,MoWe,11:00am,01:45pm,"Jones Jr,Kenneth C"
ART 227,10164,AC606,TuTh,08:00am,10:45am,"Reynolds,Victoria J"
ART 230,10536,AC402,MoWe,08:00am,10:45am,"St. Pierre,Robert J"
ART 235,10777,AC512,MoWe,11:00am,01:45pm,"Tedeschi,Christian R"
ART 237,10778,AC505,TuTh,11:00am,01:45pm,"Rozic,Michelle M"
ART 243,10780,AC404,MoWe,11:00am,01:45pm,"Courtney,Jeff P"
ART 244,10781,AC407,MoWe,08:00am,10:45am,"Mendelson,Bruce"
ART 244,10782,AC407,TuTh,11:00am,01:45pm,"Kelley,James R"
ART 250,10817,AC334,MoWe,11:00am,01:45pm,"Kashef,Niku Bayesteh"
ART 250,10818,AC334,MoWe,02:00pm,04:45pm,"Ashby,Craig"
ART 250,10819,AC334,TuTh,06:00pm,08:45pm,"Chan,Matthew"
ART 250,10820,AC334,MoWe,08:00am,10:45am,"Schlosser,Julia A"
ART 250,10821,AC334,TuTh,11:00am,01:45pm,"Greathouse,Candice Marie"
ART 250,10822,AC334,TuTh,02:00pm,04:45pm,"Parian,Levon"
ART 250,11265,AC334,TuTh,08:00am,10:45am,"Parian,Levon"
ART 250,11438,AC334,MoWe,06:00pm,08:45pm,"Ashby,Craig"
ART 263,10784,AC402,MoWe,07:00pm,09:45pm,"Crowe,Lee Elizabeth"
ART 263,10785,AC402,TuTh,11:00am,01:45pm,"Farquhar,Mark R"
ART 263,11743,AC402,TuTh,02:00pm,04:45pm,"Farquhar,Mark R"
ART 263,12083,AC402,Fr,09:00am,02:30pm,"Crowe,Lee Elizabeth"
ART 267,10786,AC509,MoWe,02:00pm,04:45pm,"Carroll,Emilie"
ART 267,10787,AC509,TuTh,11:00am,01:45pm,"Batura,Tanya M"
ART 301,10788,AC403,MoWe,02:00pm,04:45pm,"Bautista,Joe G"
ART 302,10645,AC401,MoWe,08:00am,10:45am,"Ashby,Craig"
ART 304,10672,AC210,We,01:00pm,03:45pm,"Taylor,Kristin A"
ART 305,10173,ONLINE, ,TBA,TBA,"Wood,Eve Ellen"
ART 305,11186,SG100,Tu,02:00pm,03:15pm,"Osorio,Ernestina"
ART 305,11439,SG100,Fr,11:00am,01:45pm,"Klein,Jennifer S"
ART 305,11440,ONLINE,We,02:00pm,03:15pm,"Laris,Katherine E"
ART 305,11666,SG100,Mo,08:00am,09:15am,"Laris,Katherine E"
ART 305,11805,ONLINE, ,TBA,TBA,"Wood,Eve Ellen"
ART 305,11846,ONLINE, ,TBA,TBA,"Anderson,RuthAnn"
ART 305,11991,ONLINE, ,TBA,TBA,"Klein,Jennifer S"
ART 305,12016,ONLINE, ,TBA,TBA,"Klein,Jennifer S"
ART 305,12059,ONLINE, ,TBA,TBA,"Klein,Jennifer S"
ART 306,10789,AC401,MoWe,02:00pm,04:45pm,"Rizk,Magdy"
ART 307,11747,AC409,MoWe,08:00am,10:45am,"Taylor,Curtis Neal"
ART 307,11748,AC408,TuTh,08:00am,10:45am,"Fields,Samantha M"
ART 307,11749,AC409,MoWe,11:00am,01:45pm,"Forcum,Tim D"
ART 307,12060,AC331,TuTh,02:00pm,04:45pm,"Hendrickson,David Charles"
ART 307,21184,AC335,MoWe,08:00am,10:45am,"Dominick,Andrew B"
ART 309,11468,AC401,TuTh,02:00pm,04:45pm,"Ames,Curtis"
ART 309,20509,AC401,TuTh,11:00am,01:45pm,"Ames,Curtis"
ART 315,10338,SG100,We,11:00am,12:15pm,"Schifman,Karen J"
ART 315,10646,ONLINE, ,TBA,TBA,"Moss,Juliet"
ART 315,10462,SG100,Th,02:00pm,03:15pm,"Wood,Eve Ellen"
ART 315,10413,SG100,Fr,08:00am,09:15am,"Moss,Juliet"
ART 315,10174,SG100,Mo,11:00am,12:15pm,"Moss,Juliet"
ART 315,11607,ONLINE, ,TBA,TBA,"Moss,Juliet"
ART 315,11608,ONLINE, ,TBA,TBA,"Wood,Eve Ellen"
ART 318,11313,SG109,Tu,04:00pm,06:45pm,"Enholm,Molly A"
ART 318,11482,SG103,Mo,11:00am,12:15pm,"Enholm,Molly A"
ART 318,11600,SG109,Th,07:00pm,09:45pm,"Newell Bravo,Andrea C"
ART 318,11845,SG103,We,07:00pm,09:45pm,"Ontiveros,Mario"
ART 318,11993,ONLINE, ,TBA,TBA,"Enholm,Molly A"
ART 318,11995,ONLINE, ,TBA,TBA,"Enholm,Molly A"
ART 322A,10790,AC507,MoWe,02:00pm,04:45pm,"Nyquist,Eric"
ART 322B,10791,AC505,MoWe,11:00am,01:45pm,"Sandberg,Erik M"
ART 322C,11296,AC330,MoWe,08:00am,10:45am,"Sandberg,Erik M"
ART 324A,10176,AC602,MoWe,08:00am,10:45am,"Jones Jr,Kenneth C"
ART 324B,10177,AC602,MoWe,08:00am,10:45am,"Jones Jr,Kenneth C"
ART 326,11175,AC606,MoWe,02:00pm,04:45pm,"Forcum,Tim D"
ART 327,10179,AC606,MoWe,11:00am,01:45pm,"Hendrickson,David Charles"
ART 328,10507,AC507,TuTh,02:00pm,04:45pm,"Vonwolffersdorff,Joy A"
ART 330,10194,AC507,TuTh,06:00pm,08:45pm,"Vonwolffersdorff,Joy A"
ART 335,10792,AC512,MoWe,08:00am,10:45am,"Tedeschi,Christian R"
ART 338,11741,AC505,TuTh,02:00pm,04:45pm,"Cross,Sydney"
ART 341,10793,AC403,MoWe,08:00am,10:45am,"Courtney,Jeff P"
ART 342,11317,AC335,Fr,11:00am,03:45pm,"Wang,Meiqin"
ART 343,10794,AC403,MoWe,11:00am,01:45pm,"Schneider,Howard S"
ART 344,10795,AC407,MoWe,11:00am,01:45pm,"Raban,Shirin Esther"
ART 344,10796,AC407,TuTh,02:00pm,04:45pm,"Kelley,James R"
ART 345,11478,AC403,TuTh,02:00pm,04:45pm,"Swart,Alexander L"
ART 350,21020,AC335,TuTh,06:00pm,08:45pm,"Przelomiec,Chester B"
ART 351,10797,AC407,MoWe,02:00pm,04:45pm,"Bunn,Anita E"
ART 352,10798,AC330,TuTh,11:00am,01:45pm,"Owens,Caleb R"
ART 352,11744,AC330,TuTh,07:00pm,09:45pm,"Amrani,Noah S"
ART 353,10823,AC335,TuTh,11:00am,01:45pm,"Krane,Lesley S"
ART 354,10799,AC404,TuTh,06:00pm,08:45pm,"Solis,Louis A"
ART 363A,10803,AC402,Sa,10:00am,03:30pm,"Mortcheva,Aglaia"
ART 363A,20511,AC401,Fr,10:00am,03:30pm,"Mortcheva,Aglaia"
ART 363B,10804,AC402,MoWe,11:00am,01:45pm,"St. Pierre,Robert J"
ART 363B,12030,AC402,MoWe,02:00pm,04:45pm,"St. Pierre,Robert J"
ART 364,10805,AC330,Sa,10:00am,03:30pm,"Bladh,Caleb C"
ART 364,10806,AC330,TuTh,08:00am,10:45am,"Owens,Caleb R"
ART 365,10807,AC330,MoWe,11:00am,01:45pm,"Itokazu,Hiroki"
ART 365,11171,AC330,Fr,10:00am,03:30pm,"Itokazu,Hiroki"
ART 367,10808,AC509,MoWe,11:00am,01:45pm,"Cox,Patsy"
ART 368,10810,AC330,TuTh,02:00pm,04:45pm,"Owens,Caleb R"
ART 380,10209,AC211,Tu,02:00pm,03:40pm,"Pistolesi,Edie"
ART 380,10206,AC211,Mo,11:00am,12:40pm,"Henderson,Lynette K"
ART 380,10502,AC211,Mo,02:00pm,03:40pm,"Henderson,Lynette K"
ART 380L,10224,AC211,Th,02:00pm,03:40pm,"Pistolesi,Edie"
ART 380L,10210,AC211,We,11:00am,12:40pm,"Henderson,Lynette K"
ART 380L,10503,AC211,We,02:00pm,03:40pm,"Henderson,Lynette K"
ART 383,10225,AC211,Tu,12:00pm,01:40pm,"Taylor,Kristin A"
ART 383L,10226,AC211,Th,12:00pm,01:40pm,"Taylor,Kristin A"
ART 385,20700,AC210,Mo,06:00pm,07:40pm,"Buchman,Carolyn"
ART 385L,20701,AC210,Mo,07:40pm,09:20pm,"Buchman,Carolyn"
ART 396SD,20760,AC408,MoWe,11:00am,01:45pm,"DiMarco,Paula J"
ART 401,10764,SG105,Th,04:00pm,06:45pm,"Klemm,Peri M"
ART 405,11479,AC404,MoWe,06:00pm,08:45pm,"Bautista,Joe G"
ART 413,10687,SG103,Tu,04:00pm,06:45pm,"Wang,Meiqin"
ART 420,11594,SG103,Tu,07:00pm,09:45pm,"Doonan,Owen P"
ART 422,10811,AC507,TuTh,11:00am,01:45pm,"Freshwater,Shannon"
ART 427,11602,AC606,TuTh,11:00am,01:45pm,"Fields,Samantha M"
ART 429,10228,AC606,TuTh,11:00am,01:45pm,"Fields,Samantha M"
ART 429,20514,AC606,MoWe,06:00pm,08:45pm,"Forcum,Tim D"
ART 430,10229,AC507,TuTh,06:00pm,08:45pm,"Vonwolffersdorff,Joy A"
ART 431,10688,SG103,Mo,04:00pm,06:45pm,"Brown,Betty A"
ART 435,10812,AC512,MoWe,08:00am,10:45am,"Tedeschi,Christian R"
ART 437,11595,AC505,TuTh,02:00pm,04:45pm,"Cross,Sydney"
ART 438,10428,AC403,We,06:00pm,07:40pm,"Clisset,John M"
ART 438L,10429,AC403,We,07:40pm,09:20pm,"Clisset,John M"
ART 442,11490,AC402,TuTh,08:00am,10:45am,"Farquhar,Mark R"
ART 443,10232,AC402,TuTh,07:00pm,09:45pm,"Souza,Robert"
ART 444,10813,AC407,TuTh,08:00am,10:45am,"Kelley,James R"
ART 444,10814,AC407,MoWe,06:00pm,08:45pm,"Longo,Nicholas T"
ART 446,10815,AC408,TuTh,11:00am,01:45pm,"Raban,Shirin Esther"
ART 448,11315,SG109,Th,04:00pm,06:45pm,"Ontiveros,Mario"
ART 448,11677,SG109,We,04:00pm,06:45pm,"Ontiveros,Mario"
ART 455A,10825,AC335,MoWe,11:00am,01:45pm,"Bunn,Anita E"
ART 455B,10826,AC335,MoWe,11:00am,01:45pm,"Bunn,Anita E"
ART 458,11365,TBA, ,TBA,TBA,Staff
ART 458,11477,TBA, ,TBA,TBA,Staff
ART 458,11954,AC409,MoWe,02:00pm,04:45pm,"Moon,Dave Y"
ART 462,11216,AC331,Fr,11:00am,01:45pm,"Schlosser,Julia A"
ART 463,10816,AC330,MoWe,02:00pm,04:45pm,"Clisset,John M"
ART 463,11170,AC401,Sa,10:00am,03:30pm,"Bonitatis,Michael"
ART 467,10809,AC509,MoWe,11:00am,01:45pm,"Cox,Patsy"
ART 468,11481,SG109,MoWe,02:00pm,03:15pm,"Schifman,Karen J"
ART 488,11620,AC512,Fr,09:30am,02:30pm,"Brodsky,Tanya"
ART 494,10841,AC404,Fr,09:00am,04:45pm,"Bonitatis,Michael"
ART 494,10842,TBA, ,TBA,TBA,"Moon,Dave Y"
ART 499C,21133,TBA, ,TBA,TBA,"Alfano,Edward C"
ART 520,10652,AC335,TuTh,08:00am,10:45am,"Greathouse,Candice Marie"
ART 521,10234,AC606,TuTh,02:00pm,04:45pm,"Reynolds,Victoria J"
ART 524,10235,AC300,MoWe,11:00am,01:45pm,"Hampton,Steven"
ART 535,10844,AC512,Sa,09:00am,02:45pm,"Tedeschi,Christian R"
ART 542CS,11318,AC335,Fr,11:00am,03:45pm,"Wang,Meiqin"
ART 550,10845,AC333,TuTh,08:00am,10:45am,"Krane,Lesley S"
ART 560,10846,AC509,MoWe,08:00am,10:45am,"Cox,Patsy"
ART 585,11447,AC211,Mo,06:00pm,07:40pm,"Taylor,Kristin A"
ART 585L,11448,AC211,Mo,07:40pm,09:45pm,"Taylor,Kristin A"
ART 588,12031,AC512,Fr,09:30am,02:30pm,"Brodsky,Tanya"
ART 590,10236,AC211,Tu,07:00pm,09:45pm,"Pistolesi,Edie"
ART 611,12044,SG103,Th,07:00pm,09:45pm,"Ontiveros,Mario"
ART 620,11884,AC335,TuTh,08:00am,10:45am,"Greathouse,Candice Marie"
ART 621,11599,AC606,TuTh,02:00pm,04:45pm,"Reynolds,Victoria J"
ART 624,11597,AC300,MoWe,11:00am,01:45pm,"Hampton,Steven"
ART 635,11603,AC512,Sa,09:00am,02:45pm,"Tedeschi,Christian R"
ART 650,11598,AC333,TuTh,08:00am,10:45am,"Krane,Lesley S"
ART 660,11786,AC509,MoWe,08:00am,10:45am,"Cox,Patsy"
ART 690A,10455,TBA, ,TBA,TBA,"Alfano,Edward C"
ART 691A,10761,AC333,Mo,06:00pm,08:45pm,"Dario,Brian"
ART 696C,10245,TBA, ,TBA,TBA,"Alfano,Edward C"
ART 698C,10246,TBA, ,TBA,TBA,"Alfano,Edward C"
