ATHL 197BBM|BASEBALL/COND/M|20042|TBA|TBA|TBA|TBA|"Moore,Greg S"
ATHL 197BKM|BASKETBALL/COND/M|21356|TBA|TBA|TBA|TBA|"Gottfried,Mark"
ATHL 197GOM|GOLF/COND/M|20043|TBA|TBA|TBA|TBA|"Bracken,James B"
ATHL 197GOW|GOLF/COND/W|20044|TBA|TBA|TBA|TBA|"Umeck,Gina M"
ATHL 197SBW|SOFTBALL/COND/W|20045|TBA|TBA|TBA|TBA|"Flowers,Tairia M"
ATHL 197TFM|TRACK+FLD/COND/M|20046|TBA|TBA|TBA|TBA|"Johnson,Lawrence A"
ATHL 197TFW|TRACK+FLD/COND/W|20047|TBA|TBA|TBA|TBA|"Johnson,Lawrence A"
ATHL 197TW|TENNIS/COND/W|20048|TBA|TBA|TBA|TBA|"Victor,Gary S"
ATHL 197VBM|VOLLEYBALL/COND/M|20049|TBA|TBA|TBA|TBA|"Campbell,Jeffrey A"
ATHL 197WP|WATER POLO/COND/W|20050|TBA|TBA|TBA|TBA|"Warshaw,Matt S"
ATHL 201|VAR/BSKTBALL/M|20051|TBA|TBA|TBA|TBA|"Gottfried,Mark"
ATHL 202|VAR/BSKTBALL/W|20052|TBA|TBA|TBA|TBA|"Flowers,Jason E"
ATHL 204|VAR/XCOUNTRY/M|20053|TBA|TBA|TBA|TBA|"Johnson,Lawrence A"
ATHL 205|VAR/XCOUNTRY/W|20054|TBA|TBA|TBA|TBA|"Johnson,Lawrence A"
ATHL 215|VAR/SOCCER/W|20055|TBA|TBA|TBA|TBA|"West,Keith"
ATHL 216|VAR/SOCCER/M|20056|TBA|TBA|TBA|TBA|"Davila,Terry L"
ATHL 227|VAR/VLYBALL/W|20057|TBA|TBA|TBA|TBA|"Stork,Jeffrey M"
