ATHL 197BBM,20042,TBA, ,TBA,TBA,"Moore,Greg S"
ATHL 197BKM,21356,TBA, ,TBA,TBA,"Gottfried,Mark"
ATHL 197GOM,20043,TBA, ,TBA,TBA,"Bracken,James B"
ATHL 197GOW,20044,TBA, ,TBA,TBA,"Umeck,Gina M"
ATHL 197SBW,20045,TBA, ,TBA,TBA,"Flowers,Tairia M"
ATHL 197TFM,20046,TBA, ,TBA,TBA,"Johnson,Lawrence A"
ATHL 197TFW,20047,TBA, ,TBA,TBA,"Johnson,Lawrence A"
ATHL 197TW,20048,TBA, ,TBA,TBA,"Victor,Gary S"
ATHL 197VBM,20049,TBA, ,TBA,TBA,"Campbell,Jeffrey A"
ATHL 197WP,20050,TBA, ,TBA,TBA,"Warshaw,Matt S"
ATHL 201,20051,TBA, ,TBA,TBA,"Gottfried,Mark"
ATHL 202,20052,TBA, ,TBA,TBA,"Flowers,Jason E"
ATHL 204,20053,TBA, ,TBA,TBA,"Johnson,Lawrence A"
ATHL 205,20054,TBA, ,TBA,TBA,"Johnson,Lawrence A"
ATHL 215,20055,TBA, ,TBA,TBA,"West,Keith"
ATHL 216,20056,TBA, ,TBA,TBA,"Davila,Terry L"
ATHL 227,20057,TBA, ,TBA,TBA,"Stork,Jeffrey M"
