C E 101,16481,JD1563,Mo,02:00pm,02:50pm,"Ananian,Vatche"
C E 101,16482,JD1563,Tu,02:00pm,02:50pm,"El-Sharkawi,Ayman I"
C E 101,16522,JD1563,We,02:00pm,02:50pm,"Ananian,Vatche"
C E 101,16671,JD1563,Th,02:00pm,02:50pm,"El-Sharkawi,Ayman I"
C E 101,16715,JD1563,Fr,02:00pm,02:50pm,"Ananian,Vatche"
C E 101L,16483,JD1563,Mo,03:00pm,05:45pm,"Ananian,Vatche"
C E 101L,16484,JD1563,Tu,03:00pm,05:45pm,"El-Sharkawi,Ayman I"
C E 101L,16523,JD1563,We,03:00pm,05:45pm,"Ananian,Vatche"
C E 101L,16672,JD1563,Th,03:00pm,05:45pm,"El-Sharkawi,Ayman I"
C E 101L,16716,JD1563,Fr,03:00pm,05:45pm,"Ananian,Vatche"
C E 240,16214,JD1563,MoWe,09:30am,10:45am,"Boyajian,David M"
C E 240,16215,JD1563,MoWe,11:00am,12:15pm,"Le,Thang H"
C E 240,16838,JD1609,MoWe,09:30am,10:45am,"Jalalvand,Farrokh"
C E 240,16904,JD1561,TuTh,03:30pm,04:45pm,"Hadje-Ghaffari,Hossain"
C E 240,16884,JD1609,MoWe,02:00pm,03:15pm,"Le,Thang H"
C E 240,16893,JD1609,MoWe,12:30pm,01:45pm,"Goorjian,Vahic H"
C E 280,16387,JD1565,MoWe,11:00am,11:25am,"Maalouf,Sami"
C E 280,16426,JD1565,MoWe,02:00pm,02:25pm,"Goorjian,Vahic H"
C E 280L,16388,JD1565,MoWe,11:30am,12:45pm,"Maalouf,Sami"
C E 280L,16427,JD1565,MoWe,02:30pm,03:45pm,"Goorjian,Vahic H"
C E 308,16218,JD1563,Fr,09:00am,10:40am,"Goorjian,Vahic H"
C E 308,16717,JD1563,Sa,09:00am,10:40am,"Amirkhanian,Jora"
C E 308L,16219,JD1563,Fr,11:00am,01:45pm,"Goorjian,Vahic H"
C E 308L,16718,JD1563,Sa,11:00am,01:45pm,"Amirkhanian,Jora"
C E 315,20440,ED1117,Tu,08:00am,09:50am,"Alroomi,Anwar S"
C E 315L,20441,JD1565E,Th,08:00am,10:45am,"Alroomi,Anwar S"
C E 315L,21350,JD1565E,Fr,12:00pm,02:45pm,"Alroomi,Anwar S"
C E 335,16224,JD1609,Tu,07:00pm,09:45pm,"Yadegari,Diba"
C E 335L,16386,JD1609,Th,07:00pm,09:45pm,"Yadegari,Diba"
C E 340,16216,JD1117,TuTh,09:30am,10:45am,"Ananian,Vatche"
C E 340,16217,JD1563,MoWe,12:30pm,01:45pm,"Le,Thang H"
C E 340,16428,JD1117,MoWe,09:30am,10:45am,"Zirakian,Tadeh"
C E 340,16702,JD1117,MoWe,11:00am,12:15pm,"Alwehaidah,Nasser M"
C E 340,16885,TBA, ,TBA,TBA,Staff
C E 340,17056,JD1593,TuTh,09:30am,10:45am,"Zirakian,Tadeh"
C E 408,16222,JD1609,Fr,09:00am,09:50am,"Schofield,Bruce K"
C E 408,16719,JD1609,Sa,09:00am,09:50am,"Schofield,Bruce K"
C E 408L,16223,JD1609,Fr,10:00am,12:45pm,"Schofield,Bruce K"
C E 408L,16720,JD1609,Sa,10:00am,12:45pm,"Schofield,Bruce K"
C E 426,16220,JD3502,Mo,07:00pm,09:45pm,"Haddad,Raymond"
C E 426,17094,JD3502,Tu,07:00pm,09:45pm,"Haddad,Raymond"
C E 426L,16221,JD1117,We,07:00pm,09:45pm,"Lazaris,Spiridon A"
C E 426L,17045,JD1117,Th,07:00pm,09:45pm,"Lazaris,Spiridon A"
C E 426L,17095,JD1117,Fr,04:00pm,06:45pm,"Haddad,Raymond"
C E 438,16440,JD1563,TuTh,11:00am,12:15pm,"Ahmad,Rais"
C E 438,16887,JD1561,MoWe,11:00am,12:15pm,"Ahmad,Rais"
C E 439,16225,JD1563,TuTh,12:30pm,01:45pm,"Ahmad,Rais"
C E 439,16888,JD1561,MoWe,12:30pm,01:45pm,"Ahmad,Rais"
C E 460,16226,EU131,Tu,07:00pm,08:45pm,"Maalouf,Sami"
C E 460L,16227,EU136,Th,07:00pm,09:45pm,"Maalouf,Sami"
C E 488A,16228,JD1117,MoWe,02:00pm,02:25pm,"Maalouf,Sami"
C E 488A,16646,JD1117,TuTh,02:00pm,02:25pm,"Boyajian,David M"
C E 488A,16707,JD1117,TuTh,04:00pm,04:25pm,"Zirakian,Tadeh"
C E 488AL,16229,JD1117,MoWe,02:30pm,03:45pm,"Maalouf,Sami"
C E 488AL,16647,JD1117,TuTh,02:30pm,03:45pm,"Boyajian,David M"
C E 488AL,16708,JD1117,TuTh,04:30pm,05:45pm,"Zirakian,Tadeh"
C E 488B,20442,JD1561,Fr,09:00am,12:45pm,"Yadegari,Diba"
C E 499A,17089,TBA, ,TBA,TBA,"Dermendjian,Nazaret"
C E 526,16537,JD1117,Sa,09:00am,11:45am,"Haddad,Raymond"
C E 537,20443,JD1561,Sa,09:00am,12:45pm,"Yadegari,Diba"
C E 640,20444,JD1609,TuTh,05:30pm,06:45pm,"Dombourian,Edward M"
C E 641,20445,JD1609,Mo,07:00pm,09:45pm,"Hadje-Ghaffari,Hossain"
C E 697,16557,TBA, ,TBA,TBA,"Dermendjian,Nazaret"
C E 698C,16231,TBA, ,TBA,TBA,"Dermendjian,Nazaret"
