CHEM 100,17287,EH2225,MoWe,08:00am,09:15am,"Nguyen-Graff,Dorothy T"
CHEM 100,17830,EH2227,TuTh,11:30am,12:45pm,"Nguyen-Graff,Dorothy T"
CHEM 100,17288,EH2225,TuTh,02:00pm,03:15pm,"Montgomery,Robert A"
CHEM 100,17831,EH2228,MoWe,04:30pm,05:45pm,"Piao,Tiehua"
CHEM 100,17289,EH2225,TuTh,05:00pm,06:15pm,"Montgomery,Robert A"
CHEM 100,17290,EH2225,MoWe,11:00am,12:15pm,"Kaiser,Kayla A"
CHEM 100,17519,EH2228,MoWe,11:00am,12:15pm,"Piao,Tiehua"
CHEM 100,17388,EH2225,MoWe,12:30pm,01:45pm,"Piao,Tiehua"
CHEM 100,17832,EH2225,TuTh,08:00am,09:15am,"Syed,Rashid"
CHEM 100,17631,EH2225,TuTh,09:30am,10:45am,"Oh,Tae"
CHEM 100,17632,EH2225,TuTh,11:00am,12:15pm,"Oh,Tae"
CHEM 100,18264,EH2227,MoWe,05:00pm,06:15pm,"Montgomery,Robert A"
CHEM 100,18367,CR5126,MoWe,04:30pm,05:45pm,"Orzechowska,Grazyna E"
CHEM 100,21285,EH2132,MoWe,08:00am,09:15am,"Kautiainen,Timothy"
CHEM 100L,17550,EH2328,We,08:00am,10:50am,"Sanchez,Romny"
CHEM 100L,17551,EH2328,We,11:00am,01:50pm,"Sanchez,Romny"
CHEM 101,17267,EH2227,MoWe,09:30am,10:45am,"Schrodi,Yann"
CHEM 101,17268,EH2222,Mo,11:00am,11:50am,"Schrodi,Yann"
CHEM 101,17269,EH2222,We,11:00am,11:50am,"Schrodi,Yann"
CHEM 101,17270,EH2227,MoWe,11:00am,12:15pm,"Eller,Michael"
CHEM 101,17271,EH2222,Mo,12:30pm,01:20pm,"Eller,Michael"
CHEM 101,17272,EH2222,We,12:30pm,01:20pm,"Eller,Michael"
CHEM 101,17633,EH2225,MoWe,02:00pm,03:15pm,"Teprovich Jr,Joseph A"
CHEM 101,17274,EH2222,Mo,03:30pm,04:20pm,"Teprovich Jr,Joseph A"
CHEM 101,17275,EH2222,We,03:30pm,04:20pm,"Teprovich Jr,Joseph A"
CHEM 101,17836,EH2228,TuTh,08:00am,09:15am,"Nguyen-Graff,Dorothy T"
CHEM 101,17837,EH2222,Tu,09:30am,10:20am,"Nguyen-Graff,Dorothy T"
CHEM 101,17838,EH2222,Th,09:30am,10:20am,"Nguyen-Graff,Dorothy T"
CHEM 101,17330,EH2227,TuTh,10:00am,11:15am,"Ye,Li"
CHEM 101,17331,EH2222,Tu,11:30am,12:20pm,"Ye,Li"
CHEM 101,17332,EH2222,Th,11:30am,12:20pm,"Ye,Li"
CHEM 101,17450,CR5126,TuTh,08:00am,09:15am,"Lakshminarayanan,Kamatchi"
CHEM 101,17451,LO1117,Tu,09:30am,10:20am,"Lakshminarayanan,Kamatchi"
CHEM 101,17452,LO1117,Th,09:30am,10:20am,"Lakshminarayanan,Kamatchi"
CHEM 101L,17276,EH2302,Mo,08:00am,10:50am,"Hadi,Hafridha A"
CHEM 101L,17277,EH2302,Mo,11:00am,01:50pm,"Nguyen,James"
CHEM 101L,17278,EH2302,Mo,02:00pm,04:50pm,"Hadi,Hafridha A"
CHEM 101L,17279,EH2302,Tu,11:00am,01:50pm,"Robles,Alexis"
CHEM 101L,17280,EH2302,Tu,02:00pm,04:50pm,"Geddes-Buehre,Dane H"
CHEM 101L,17282,EH2302,We,08:00am,10:50am,"Bernot Jr,Anthony Robert"
CHEM 101L,17283,EH2302,We,11:00am,01:50pm,"Hadi,Hafridha A"
CHEM 101L,17333,EH2302,We,02:00pm,04:50pm,"Bernot Jr,Anthony Robert"
CHEM 101L,17520,EH2326,Th,08:00am,10:50am,"Freund,Adam B"
CHEM 101L,17455,EH2326,Th,11:00am,01:50pm,"Khodagholian,Dalar"
CHEM 101L,17654,EH2326,Th,02:00pm,04:50pm,"Geddes-Buehre,Dane H"
CHEM 101L,17839,EH2326,Fr,08:00am,10:50am,"Allehyari,Ariga"
CHEM 101L,17840,EH2326,Fr,11:00am,01:50pm,"Freund,Adam B"
CHEM 101L,17841,EH2326,Fr,02:00pm,04:50pm,"Freund,Adam B"
CHEM 101L,18352,EH2326,We,08:00am,10:50am,"Pham,Duyen"
CHEM 101L,18353,EH2326,We,11:00am,01:50pm,"Hernandez,Andrea C"
CHEM 101L,18354,EH2326,We,02:00pm,04:50pm,"Pham,Duyen"
CHEM 102,17285,EH2228,MoWe,08:00am,09:15am,"Lakshminarayanan,Kamatchi"
CHEM 102,17350,EH2222,Mo,09:30am,10:20am,"Lakshminarayanan,Kamatchi"
CHEM 102,17351,EH2222,We,09:30am,10:20am,"Lakshminarayanan,Kamatchi"
CHEM 102,17842,EH2228,TuTh,02:00pm,03:15pm,"Miao,Maosheng"
CHEM 102,17843,EH2222,Tu,03:30pm,04:20pm,"Miao,Maosheng"
CHEM 102,17844,EH2222,Th,03:30pm,04:20pm,"Miao,Maosheng"
CHEM 102,17628,CR5126,TuTh,09:30am,10:45am,"Collins,Susan T"
CHEM 102,17629,LO1117,Tu,11:00am,11:50am,"Collins,Susan T"
CHEM 102,17630,LO1117,Th,11:00am,11:50am,"Collins,Susan T"
CHEM 102L,17521,EH2304,Tu,08:00am,10:50am,"Sanchez,Romny"
CHEM 102L,17352,EH2304,Tu,11:00am,01:50pm,"Gomez,Osma J"
CHEM 102L,17522,EH2304,We,02:00pm,04:50pm,"Nguyen,Hiep"
CHEM 102L,17286,EH2304,Th,08:00am,10:50am,"Sanchez,Romny"
CHEM 102L,17456,EH2304,Th,11:00am,01:50pm,"Gomez,Osma J"
CHEM 102L,17845,EH2304,Fr,08:00am,10:50am,"Nguyen,Hiep"
CHEM 102L,17846,EH2304,Fr,11:00am,01:50pm,"Gonzalez,Daniel"
CHEM 102L,17847,EH2304,Fr,02:00pm,04:50pm,"Azmon,Benjamin D"
CHEM 103,17659,EH2225,MoWe,03:30pm,04:45pm,"Syed,Rashid"
CHEM 103L,17660,EH2309,Tu,08:00am,10:50am,"Eroglu,Zeynep Ezgi"
CHEM 103L,17661,EH2309,Tu,11:00am,01:50pm,"Eroglu,Zeynep Ezgi"
CHEM 103L,17662,EH2309,Th,08:00am,10:50am,"Eroglu,Zeynep Ezgi"
CHEM 104,17851,EH2225,TuTh,12:30pm,01:45pm,"Hassenrueck,Karin"
CHEM 104L,17852,EH2309,Fr,08:00am,10:50am,"Benson,Jonathon Michael"
CHEM 104L,17853,EH2309,Fr,11:00am,01:50pm,"Benson,Jonathon Michael"
CHEM 110,17855,EH2228,MoWe,12:30pm,01:45pm,"Nguyen-Graff,Dorothy T"
CHEM 110L,17856,EH2328,Fr,08:00am,10:50am,"Odango,Jane"
CHEM 110L,17857,EH2328,Fr,11:00am,01:50pm,"Odango,Jane"
CHEM 235,17646,EH2225,MoWe,09:30am,10:45am,"Hassenrueck,Karin"
CHEM 235L,17635,EH2312,Mo,11:00am,01:50pm,"Weeks,Cal Hunter"
CHEM 235L,17637,EH2312,Tu,08:00am,10:50am,"Weeks,Cal Hunter"
CHEM 321,17294,EH2228,TuTh,12:30pm,01:20pm,"Andersen,Mads Peter S"
CHEM 321L,17297,CS3305,MoWe,09:00am,11:50am,"Teprovich Jr,Joseph A"
CHEM 321L,17298,CS3305,TuTh,09:00am,11:50am,"Andersen,Mads Peter S"
CHEM 321L,17523,CS3305,TuTh,02:00pm,04:50pm,"Andersen,Mads Peter S"
CHEM 333,17525,EH2228,MoWe,02:00pm,03:15pm,"Minehan,Thomas G"
CHEM 333,17526,EH2228,Mo,03:30pm,04:20pm,"Hammer,Brenton"
CHEM 333,17527,EH2228,We,03:30pm,04:20pm,"Hammer,Brenton"
CHEM 333,17528,EH2228,TuTh,11:00am,12:15pm,"Melikyan,Gagik G"
CHEM 333,17626,EH2222,Tu,12:30pm,01:20pm,"Melikyan,Gagik G"
CHEM 333,18164,EH2222,Th,12:30pm,01:20pm,"Melikyan,Gagik G"
CHEM 333,18165,EH2228,TuTh,05:00pm,06:15pm,"Minehan,Thomas G"
CHEM 333,18166,EH2228,Tu,06:30pm,07:20pm,"Minehan,Thomas G"
CHEM 333,18167,EH2228,Th,06:30pm,07:20pm,"Minehan,Thomas G"
CHEM 333,18168,LO1117,MoWe,10:30am,11:45am,"Oh,Tae"
CHEM 333,18169,LO1117,Mo,12:00pm,12:50pm,"Oh,Tae"
CHEM 333,18170,LO1117,We,12:00pm,12:50pm,"Oh,Tae"
CHEM 333L,17529,MG4305,Mo,11:00am,01:50pm,"Stavich,Derek"
CHEM 333L,17530,MG4305,We,08:00am,10:50am,"Farrar,Fredrick Andrew"
CHEM 333L,17531,MG4305,We,11:00am,01:50pm,"Farrar,Fredrick Andrew"
CHEM 333L,17532,MG4305,We,02:00pm,04:50pm,"Azmon,Benjamin D"
CHEM 333L,17533,MG4305,Tu,08:00am,10:50am,"Rptchian,Nazaret"
CHEM 333L,17534,MG4305,Tu,11:00am,01:50pm,"Perone,Mathias Anthony"
CHEM 333L,18171,EH2312,Tu,02:00pm,04:50pm,"Cooper,Kenneth F"
CHEM 333L,17535,MG4305,Th,08:00am,10:50am,"Rptchian,Nazaret"
CHEM 333L,17536,MG4305,Th,11:00am,01:50pm,"Perone,Mathias Anthony"
CHEM 333L,17638,MG4305,Th,02:00pm,04:50pm,"Cooper,Kenneth F"
CHEM 333L,17848,EH2312,Fr,08:00am,10:50am,"Ng,Kevin Ka"
CHEM 333L,17849,EH2312,Fr,11:00am,01:50pm,"Ledesma,Matthew"
CHEM 333L,17850,EH2312,Fr,02:00pm,04:50pm,"Ledesma,Matthew"
CHEM 334,17537,EH2227,MoWe,12:30pm,01:45pm,"Melikyan,Gagik G"
CHEM 334,17538,EH2225,TuTh,03:30pm,04:45pm,"Hammer,Brenton"
CHEM 334,17639,EH2227,MoWe,08:00am,09:15am,"Hammer,Brenton"
CHEM 334L,17539,MG4306,Fr,11:00am,01:50pm,"Azmon,Benjamin D"
CHEM 334L,17541,MG4306,Tu,08:00am,10:50am,"Sanchez,Misael"
CHEM 334L,17542,MG4306,Tu,11:00am,01:50pm,"Sanchez,Misael"
CHEM 334L,17543,MG4306,Tu,02:00pm,04:50pm,"Rptchian,Nazaret"
CHEM 334L,17544,MG4306,Th,08:00am,10:50am,"Cordova,Benjamin Alexander"
CHEM 334L,17545,MG4306,Th,11:00am,01:50pm,"Sanchez,Misael"
CHEM 334L,17546,MG4306,Th,02:00pm,04:50pm,"Rptchian,Nazaret"
CHEM 334L,17547,MG4306,Fr,08:00am,10:50am,"Cordova,Benjamin Alexander"
CHEM 334L,17548,MG4306,Fr,02:00pm,04:50pm,"Yoon,Joseph S"
CHEM 334R,17549,EH2227,Mo,02:00pm,02:50pm,"Melikyan,Gagik G"
CHEM 334R,18347,EH2227,Tu,05:00pm,05:50pm,"Hammer,Brenton"
CHEM 334R,17640,LO1117,Mo,09:30am,10:20am,"Hammer,Brenton"
CHEM 351,17389,EH2227,TuTh,07:30am,09:15am,"Boulesbaa,Abdelaziz"
CHEM 351L,17719,CS3306,Fr,08:00am,10:50am,"Moran,William A"
CHEM 351L,17720,CS3306,Fr,01:00pm,03:50pm,"Kaiser,Kayla A"
CHEM 365,17858,EH2227,TuTh,02:00pm,03:15pm,"Syed,Rashid"
CHEM 365L,17859,CS3122,We,08:00am,10:50am,"Carroll,Edward J"
CHEM 365L,17860,CS3122,We,11:00am,01:50pm,"Carroll,Edward J"
CHEM 365L,18257,CS3122,Tu,08:00am,10:50am,"Carroll,Edward J"
CHEM 411,17390,MG4307,TuTh,09:20am,09:50am,"Charonnat,Jeff"
CHEM 411,17391,MG4307,TuTh,10:00am,12:50pm,"Charonnat,Jeff"
CHEM 411,18476,MG4307,MoWe,09:20am,09:50am,"Charonnat,Jeff"
CHEM 411,18477,MG4307,MoWe,10:00am,12:50pm,"Charonnat,Jeff"
CHEM 422,17398,EH2227,TuTh,01:00pm,01:50pm,"Kelson,Eric P"
CHEM 422L,17524,CS3306,TuTh,09:30am,12:20pm,"Kaiser,Kayla A"
CHEM 422L,17641,CS3306,TuTh,02:15pm,05:05pm,"Kelson,Eric P"
CHEM 461,17685,EH2222,MoWe,02:00pm,03:15pm,"Fischhaber,Paula L"
CHEM 461L,17686,CS3122,Fr,09:00am,11:50am,"Vey,Jessica L"
CHEM 461L,17687,CS3122,Fr,01:00pm,03:50pm,"Abrol PhD,Ravinder (Ravi)"
CHEM 464,17459,EH2222,TuTh,02:00pm,03:15pm,"Abrol PhD,Ravinder (Ravi)"
CHEM 464,18293,EH2228,TuTh,09:30am,10:45am,"Medh,Jheem D"
CHEM 464,17954,EH2228,TuTh,03:30pm,04:45pm,"Tamae,Daniel"
CHEM 464L,17460,CS3122,Mo,11:00am,01:50pm,"Syed,Rashid"
CHEM 464L,17461,CS3122,Tu,11:00am,01:50pm,"Tamae,Daniel"
CHEM 495A,17729,TBA, ,TBA,TBA,"Charonnat,Jeff"
CHEM 495B,17730,TBA, ,TBA,TBA,"Kelson,Eric P"
CHEM 500,17367,EH2222,Fr,09:00am,10:50am,"Kaiser,Kayla A"
CHEM 522,20523,EH2222,MoWe,05:00pm,06:15pm,"Garrett,Simon J"
CHEM 595D,18479,EH2222,TuTh,05:00pm,06:15pm,"Vey,Jessica L"
CHEM 599A,17749,TBA, ,TBA,TBA,Staff
CHEM 599B,17750,TBA, ,TBA,TBA,Staff
CHEM 691,17299,EH2227,MoWeFr,03:00pm,03:50pm,"Crowhurst,Karin A"
CHEM 692,17300,EH2227,MoWeFr,04:00pm,04:50pm,"Crowhurst,Karin A"
CHEM 696A,17751,TBA, ,TBA,TBA,"Tamae,Daniel"
CHEM 696B,17752,TBA, ,TBA,TBA,"Hammer,Brenton"
CHEM 698A,17303,TBA, ,TBA,TBA,"Medh,Jheem D"
CHEM 698B,17304,TBA, ,TBA,TBA,"Medh,Jheem D"
