CJS 102|INTRO CJS|13122|EH2132|TuTh|02:00pm|03:15pm|"Ballard,James D"
CJS 102|INTRO CJS|13258|SH280|TuTh|09:30am|10:45am|"Oborn,Kathleen M"
CJS 102|INTRO CJS|13395|SH280|Fr|11:00am|01:45pm|"Sanchez,Crystal"
CJS 102|INTRO CJS|20589|SH342|MoWe|03:30pm|04:45pm|"Oborn,Kathleen M"
CJS 302|CRIM CJ & SOCIETY|13309|SH276|Tu|07:00pm|09:45pm|"Karpel,Jeremy E"
CJS 310|JUVENILE JUSTICE|13127|SH120|Mo|07:00pm|09:45pm|"Shaw,Victor N"
CJS 310|JUVENILE JUSTICE|20590|ONLINE|TBA|TBA|TBA|"Barron,Cecillia N"
CJS 310|JUVENILE JUSTICE|20592|SH225|TuTh|12:30pm|01:45pm|"Ramirez,Nayan"
CJS 320|INTRO TO CR LAW|13130|SH182|MoWe|12:30pm|01:45pm|"Kriegler,Sandy R"
CJS 320|INTRO TO CR LAW|13131|SH209|TuTh|11:00am|12:15pm|"Labertew,Leslie Denice"
CJS 320|INTRO TO CR LAW|13132|SH264|We|07:00pm|09:45pm|"Mangassarian,Megan"
CJS 320|INTRO TO CR LAW|20594|SH264|Fr|11:00am|01:45pm|"Mangassarian,Megan"
CJS 320|INTRO TO CR LAW|20595|SH276|Sa|09:30am|12:15pm|"Mangassarian,Megan"
CJS 326|VICTIMOLOGY|13151|SH203|MoWe|03:30pm|04:45pm|"Labertew,Leslie Denice"
CJS 326|VICTIMOLOGY|13152|ONLINE|TBA|TBA|TBA|"Mangassarian,Megan"
CJS 328|DIVERSITY & CRIME|13148|ONLINE|TBA|TBA|TBA|"Oborn,Kathleen M"
CJS 328|DIVERSITY & CRIME|20596|SH386|TuTh|08:00am|09:15am|"Lima,Julio L"
CJS 334|LAW ENF SECURITY|13157|SH286|We|07:00pm|09:45pm|"Gamino,Eric"
CJS 334|LAW ENF SECURITY|13158|SH264|Fr|02:00pm|04:45pm|"Barragan,Javier"
CJS 340|ETHICS IN CJ|13133|LO1219|MoWe|02:00pm|03:15pm|"Weintraub,Richard M"
CJS 340|ETHICS IN CJ|13134|ONLINE|TBA|TBA|TBA|"Shaw,Victor N"
CJS 340|ETHICS IN CJ|13135|SH264|TuTh|08:00am|09:15am|"Zingo,Nicholas"
CJS 340|ETHICS IN CJ|13136|SH264|Fr|08:00am|10:45am|"Ritz,Martin"
CJS 340|ETHICS IN CJ|13259|SH342|MoWe|05:00pm|06:15pm|"Trifone,Jaycynda Michelle"
CJS 340|ETHICS IN CJ|13384|ONLINE|TBA|TBA|TBA|"Zingo,Nicholas"
CJS 344|CORRECTIONS|13159|SH264|Tu|07:00pm|09:45pm|"Glidden,Marc"
CJS 344|CORRECTIONS|20597|SH276|TuTh|11:00am|12:15pm|"Glidden,Marc"
CJS 350|CRIM THEORY|13137|SH264|MoWe|02:00pm|03:15pm|"Pih,Kay Kei-Ho"
CJS 350|CRIM THEORY|13138|ONLINE|TBA|TBA|TBA|"Pih,Kay Kei-Ho"
CJS 350|CRIM THEORY|13139|SH264|TuTh|03:30pm|04:45pm|"Barron,Cecillia N"
CJS 350|CRIM THEORY|13140|SH264|TuTh|09:30am|10:45am|"Bonfiglio,Kimberly"
CJS 350|CRIM THEORY|13310|SH276|Fr|08:00am|10:45am|"Bonfiglio,Kimberly"
CJS 350|CRIM THEORY|13396|SH380|Tu|07:00pm|09:45pm|"Gamino,Eric"
CJS 360|CAREER PLAN CJ|13123|SH280|MoWe|08:00am|09:15am|"Stokes,Trevion"
CJS 360|CAREER PLAN CJ|13124|SH203|TuTh|03:30pm|04:45pm|"Oborn,Kathleen M"
CJS 360|CAREER PLAN CJ|13125|SH264|Sa|09:30am|12:15pm|"Barron,Cecillia N"
CJS 360|CAREER PLAN CJ|13385|SH276|Fr|02:00pm|04:45pm|"Harris,Brandon D"
CJS 370|CJ SYSTEMS|13128|ONLINE|TBA|TBA|TBA|"Pih,Kay Kei-Ho"
CJS 370|CJ SYSTEMS|13129|SQ109|MoWe|11:00am|12:15pm|"Stehr,Timothy A"
CJS 402|GANGS|13154|SH182|MoWe|11:00am|12:15pm|"Alanis,Jaime"
CJS 418|GENDER AND CRIME|13149|SH108|TuTh|08:00am|09:15am|"Berger,Raqota T"
CJS 422|WH COLL CRIME|13155|SH225|TuTh|08:00am|09:15am|"Karpel,Jeremy E"
CJS 430|CJ METHODS|13141|BB1129|MoWe|03:30pm|04:45pm|"Alanis,Jaime"
CJS 430|CJ METHODS|13142|SH380|MoWe|07:00pm|08:15pm|"Alanis,Jaime"
CJS 430|CJ METHODS|20598|SH209|TuTh|02:00pm|03:15pm|"Glidden,Marc"
CJS 430L|CJ METHODS LAB|13143|SH180|Mo|05:00pm|06:40pm|"Alanis,Jaime"
CJS 430L|CJ METHODS LAB|20614|SH180|We|05:00pm|06:40pm|"Alanis,Jaime"
CJS 430L|CJ METHODS LAB|20619|SH303|Mo|08:30pm|10:10pm|"Alanis,Jaime"
CJS 430L|CJ METHODS LAB|13144|SH303|We|08:30pm|10:10pm|"Alanis,Jaime"
CJS 430L|CJ METHODS LAB|20600|SH303|Tu|03:30pm|05:10pm|"Glidden,Marc"
CJS 430L|CJ METHODS LAB|20601|SH303|Th|03:30pm|05:10pm|"Glidden,Marc"
CJS 432|"ALC, DRGS, AND CR"|13156|SH380|TuTh|05:00pm|06:15pm|"Juarez,Jose"
CJS 438|GENDER AND CJ|13311|SH209|MoWe|12:30pm|01:45pm|"Barron,Cecillia N"
CJS 446|DOMESTIC VIOLENCE|13153|MZ112|MoWe|08:00am|09:15am|"Juarez,Jose"
CJS 446|DOMESTIC VIOLENCE|20603|SH380|Th|07:00pm|09:45pm|"Juarez,Jose"
CJS 452CY|CYBERCRIME|13312|SH276|We|07:00pm|09:45pm|"Trifone,Jaycynda Michelle"
CJS 452MO|MOSAIC|20779|SH382|We|07:00pm|09:45pm|"Ojeda,Alex"
CJS 452SC|SEX CRIMES|13248|SH264|MoWe|05:00pm|06:15pm|"Labertew,Leslie Denice"
CJS 452TR|TERRORISM|20605|SH264|TuTh|11:00am|12:15pm|"Ballard,James D"
CJS 454AP|APPL POLICE ORG|20775|SH268|Tu|07:00pm|09:45pm|"Zingo,Nicholas"
CJS 454CC|COMMUNICATE IN CJ|20774|SH276|MoWe|02:00pm|03:15pm|"Lorenz,Katherine P"
CJS 454CJ|COMM JUSTICE|13250|SH102|TuTh|12:30pm|01:45pm|"Zucker,Bruce A"
CJS 454DP|DEATH PENALTY|13313|SH276|MoWe|03:30pm|04:45pm|"Renetzky,Craig Allen"
CJS 454MC|MISCARR OF JUSTICE|20778|SH276|TuTh|09:30am|10:45am|"Zucker,Bruce A"
CJS 454PC|POLICE & COMM REL|13314|SH264|Th|07:00pm|09:45pm|"Rubenstein,Joshua"
CJS 480|APPL RES IN CJS|13147|SH284|MoWe|09:30am|10:45am|"Lorenz,Katherine P"
CJS 494A|CJ INT SEMINAR|13315|SH264|Th|05:00pm|06:40pm|"Gamino,Eric"
CJS 494A|CJ INT SEMINAR|21024|SH279|We|05:00pm|06:40pm|"Gamino,Eric"
CJS 494AA|CJ INT FIELD EXP|13316|TBA|TBA|TBA|TBA|"Gamino,Eric"
CJS 494AA|CJ INT FIELD EXP|21025|TBA|TBA|TBA|TBA|"Gamino,Eric"
CJS 494B|CJ INT SEMINAR|13317|SH264|Tu|05:00pm|06:40pm|"Renetzky,Craig Allen"
CJS 494BB|CJ INT FIELD EXP|13318|TBA|TBA|TBA|TBA|"Renetzky,Craig Allen"
CJS 494E|CJ INT SEMINAR|20608|SH276|Fr|11:00am|12:40pm|"Bonfiglio,Kimberly"
CJS 494EE|CJ INT FIELD EXP|13319|TBA|TBA|TBA|TBA|"Bonfiglio,Kimberly"
