CJS 102,13122,EH2132,TuTh,02:00pm,03:15pm,"Ballard,James D"
CJS 102,13258,SH280,TuTh,09:30am,10:45am,"Oborn,Kathleen M"
CJS 102,13395,SH280,Fr,11:00am,01:45pm,"Sanchez,Crystal"
CJS 102,20589,SH342,MoWe,03:30pm,04:45pm,"Oborn,Kathleen M"
CJS 302,13309,SH276,Tu,07:00pm,09:45pm,"Karpel,Jeremy E"
CJS 310,13127,SH120,Mo,07:00pm,09:45pm,"Shaw,Victor N"
CJS 310,20590,ONLINE, ,TBA,TBA,"Barron,Cecillia N"
CJS 310,20592,SH225,TuTh,12:30pm,01:45pm,"Ramirez,Nayan"
CJS 320,13130,SH182,MoWe,12:30pm,01:45pm,"Kriegler,Sandy R"
CJS 320,13131,SH209,TuTh,11:00am,12:15pm,"Labertew,Leslie Denice"
CJS 320,13132,SH264,We,07:00pm,09:45pm,"Mangassarian,Megan"
CJS 320,20594,SH264,Fr,11:00am,01:45pm,"Mangassarian,Megan"
CJS 320,20595,SH276,Sa,09:30am,12:15pm,"Mangassarian,Megan"
CJS 326,13151,SH203,MoWe,03:30pm,04:45pm,"Labertew,Leslie Denice"
CJS 326,13152,ONLINE, ,TBA,TBA,"Mangassarian,Megan"
CJS 328,13148,ONLINE, ,TBA,TBA,"Oborn,Kathleen M"
CJS 328,20596,SH386,TuTh,08:00am,09:15am,"Lima,Julio L"
CJS 334,13157,SH286,We,07:00pm,09:45pm,"Gamino,Eric"
CJS 334,13158,SH264,Fr,02:00pm,04:45pm,"Barragan,Javier"
CJS 340,13133,LO1219,MoWe,02:00pm,03:15pm,"Weintraub,Richard M"
CJS 340,13134,ONLINE, ,TBA,TBA,"Shaw,Victor N"
CJS 340,13135,SH264,TuTh,08:00am,09:15am,"Zingo,Nicholas"
CJS 340,13136,SH264,Fr,08:00am,10:45am,"Ritz,Martin"
CJS 340,13259,SH342,MoWe,05:00pm,06:15pm,"Trifone,Jaycynda Michelle"
CJS 340,13384,ONLINE, ,TBA,TBA,"Zingo,Nicholas"
CJS 344,13159,SH264,Tu,07:00pm,09:45pm,"Glidden,Marc"
CJS 344,20597,SH276,TuTh,11:00am,12:15pm,"Glidden,Marc"
CJS 350,13137,SH264,MoWe,02:00pm,03:15pm,"Pih,Kay Kei-Ho"
CJS 350,13138,ONLINE, ,TBA,TBA,"Pih,Kay Kei-Ho"
CJS 350,13139,SH264,TuTh,03:30pm,04:45pm,"Barron,Cecillia N"
CJS 350,13140,SH264,TuTh,09:30am,10:45am,"Bonfiglio,Kimberly"
CJS 350,13310,SH276,Fr,08:00am,10:45am,"Bonfiglio,Kimberly"
CJS 350,13396,SH380,Tu,07:00pm,09:45pm,"Gamino,Eric"
CJS 360,13123,SH280,MoWe,08:00am,09:15am,"Stokes,Trevion"
CJS 360,13124,SH203,TuTh,03:30pm,04:45pm,"Oborn,Kathleen M"
CJS 360,13125,SH264,Sa,09:30am,12:15pm,"Barron,Cecillia N"
CJS 360,13385,SH276,Fr,02:00pm,04:45pm,"Harris,Brandon D"
CJS 370,13128,ONLINE, ,TBA,TBA,"Pih,Kay Kei-Ho"
CJS 370,13129,SQ109,MoWe,11:00am,12:15pm,"Stehr,Timothy A"
CJS 402,13154,SH182,MoWe,11:00am,12:15pm,"Alanis,Jaime"
CJS 418,13149,SH108,TuTh,08:00am,09:15am,"Berger,Raqota T"
CJS 422,13155,SH225,TuTh,08:00am,09:15am,"Karpel,Jeremy E"
CJS 430,13141,BB1129,MoWe,03:30pm,04:45pm,"Alanis,Jaime"
CJS 430,13142,SH380,MoWe,07:00pm,08:15pm,"Alanis,Jaime"
CJS 430,20598,SH209,TuTh,02:00pm,03:15pm,"Glidden,Marc"
CJS 430L,13143,SH180,Mo,05:00pm,06:40pm,"Alanis,Jaime"
CJS 430L,20614,SH180,We,05:00pm,06:40pm,"Alanis,Jaime"
CJS 430L,20619,SH303,Mo,08:30pm,10:10pm,"Alanis,Jaime"
CJS 430L,13144,SH303,We,08:30pm,10:10pm,"Alanis,Jaime"
CJS 430L,20600,SH303,Tu,03:30pm,05:10pm,"Glidden,Marc"
CJS 430L,20601,SH303,Th,03:30pm,05:10pm,"Glidden,Marc"
CJS 432,13156,SH380,TuTh,05:00pm,06:15pm,"Juarez,Jose"
CJS 438,13311,SH209,MoWe,12:30pm,01:45pm,"Barron,Cecillia N"
CJS 446,13153,MZ112,MoWe,08:00am,09:15am,"Juarez,Jose"
CJS 446,20603,SH380,Th,07:00pm,09:45pm,"Juarez,Jose"
CJS 452CY,13312,SH276,We,07:00pm,09:45pm,"Trifone,Jaycynda Michelle"
CJS 452MO,20779,SH382,We,07:00pm,09:45pm,"Ojeda,Alex"
CJS 452SC,13248,SH264,MoWe,05:00pm,06:15pm,"Labertew,Leslie Denice"
CJS 452TR,20605,SH264,TuTh,11:00am,12:15pm,"Ballard,James D"
CJS 454AP,20775,SH268,Tu,07:00pm,09:45pm,"Zingo,Nicholas"
CJS 454CC,20774,SH276,MoWe,02:00pm,03:15pm,"Lorenz,Katherine P"
CJS 454CJ,13250,SH102,TuTh,12:30pm,01:45pm,"Zucker,Bruce A"
CJS 454DP,13313,SH276,MoWe,03:30pm,04:45pm,"Renetzky,Craig Allen"
CJS 454MC,20778,SH276,TuTh,09:30am,10:45am,"Zucker,Bruce A"
CJS 454PC,13314,SH264,Th,07:00pm,09:45pm,"Rubenstein,Joshua"
CJS 480,13147,SH284,MoWe,09:30am,10:45am,"Lorenz,Katherine P"
CJS 494A,13315,SH264,Th,05:00pm,06:40pm,"Gamino,Eric"
CJS 494A,21024,SH279,We,05:00pm,06:40pm,"Gamino,Eric"
CJS 494AA,13316,TBA, ,TBA,TBA,"Gamino,Eric"
CJS 494AA,21025,TBA, ,TBA,TBA,"Gamino,Eric"
CJS 494B,13317,SH264,Tu,05:00pm,06:40pm,"Renetzky,Craig Allen"
CJS 494BB,13318,TBA, ,TBA,TBA,"Renetzky,Craig Allen"
CJS 494E,20608,SH276,Fr,11:00am,12:40pm,"Bonfiglio,Kimberly"
CJS 494EE,13319,TBA, ,TBA,TBA,"Bonfiglio,Kimberly"
