CLAS 101L|ELEM LATIN I|14231|JR316|Tu|02:00pm|03:15pm|"Watson,Tim William"
CLAS 315|GRK + ROM MYTHLGY|14064|JR315|Fr|09:30am|12:15pm|"McDermott,Paul M"
CLAS 315|GRK + ROM MYTHLGY|14068|JR203|MoWe|11:00am|12:15pm|"Watson,Tim William"
CLAS 315|GRK + ROM MYTHLGY|14065|JR203|MoWe|09:30am|10:45am|"Watson,Tim William"
CLAS 315|GRK + ROM MYTHLGY|14066|ONLINE|TBA|TBA|TBA|"Graf,Beverly J"
CLAS 315|GRK + ROM MYTHLGY|14067|JR315|TuTh|02:00pm|03:15pm|"McDermott,Paul M"
CLAS 315|GRK + ROM MYTHLGY|15011|ONLINE|TBA|TBA|TBA|"Graf,Beverly J"
