CM 110|CONST DRWG|16673|JD1565E|Mo|08:00am|08:50am|"Lazaris,Spiridon A"
CM 110|CONST DRWG|17046|JD1561|Tu|08:00am|08:50am|"Lazaris,Spiridon A"
CM 110L|CONST DRWG LAB|16674|JD1565E|Mo|09:00am|11:45am|"Lazaris,Spiridon A"
CM 110L|CONST DRWG LAB|17047|JD1561|Tu|09:00am|11:45am|"Lazaris,Spiridon A"
CM 208|CONST SITE SURVY|16675|JD1565|Fr|08:00am|09:40am|"Amirkhanian,Jora"
CM 208L|CONST STE SRVY LB|16676|JD1565|Fr|10:00am|12:45pm|"Amirkhanian,Jora"
CM 240|BUILDING CONSTR|16677|JD1538|Mo|02:00pm|03:40pm|"Hegab,Mohamed Y"
CM 240L|BLDING CONSTR LAB|16678|JD1565E|Mo|04:00pm|06:45pm|"Hegab,Mohamed Y"
CM 321|INT MECH&ELEC INS|16679|JD2221|Fr|02:00pm|03:50pm|"Osorno,Ignacio B"
CM 326|SOIL MECH TECH|16680|JD1117|Fr|09:00am|10:45am|"Lazaris,Spiridon A"
CM 326L|SIOL MEC TEC LAB|16681|JD1117|Fr|11:00am|01:45pm|"Lazaris,Spiridon A"
CM 336|FUND OF GB|16682|JD1610|Sa|09:00am|10:50am|"Marfi,Joseph B"
CM 336L|FUND OF GB LAB|16683|JD1610|Sa|11:00am|01:45pm|"Marfi,Joseph B"
CM 340|STATIC STRNG MAT|16684|JD1561|TuTh|12:30pm|01:45pm|"Alroomi,Anwar S"
CM 401|CNST CNTRACT ADMN|16685|JD1565E|We|09:30am|12:15pm|"El-Sharkawi,Ayman I"
CM 415|FNDML CONST MGMT|16686|JD1565E|We|02:00pm|03:45pm|"Hegab,Mohamed Y"
CM 415L|FDM CNST MGMT LAB|16687|JD1565E|We|04:00pm|06:45pm|"Hegab,Mohamed Y"
CM 441|HIGHWAY DESIGN|16926|JD1565E|Tu|02:00pm|03:40pm|"Hegab,Mohamed Y"
CM 441L|HIGHWAY DES LAB|16927|JD1565E|Tu|04:00pm|06:45pm|"Hegab,Mohamed Y"
CM 480|CONSTRUCTION LAW|16804|JD1565E|Fr|09:00am|11:50am|"El-Sharkawi,Ayman I"
CM 488A|CONST SEN DEGN I|16688|JD1565E|MoWe|07:00pm|09:45pm|"Alroomi,Anwar S"
CM 494|COOP EDU EXP|16689|TBA|TBA|TBA|TBA|"Dermendjian,Nazaret"
