DEAF 160|AMER SIGN LANG I|15606|ED1117|MoWe|10:00am|11:40am|"Vazquez-Low,Maria D"
DEAF 160|AMER SIGN LANG I|15633|ED3113|MoWe|10:00am|11:40am|"Duong,Desiree A"
DEAF 160|AMER SIGN LANG I|15623|ED1117|MoWe|12:00pm|01:40pm|"Vazquez-Low,Maria D"
DEAF 160|AMER SIGN LANG I|15687|TBA|TBA|TBA|TBA|Staff
DEAF 160|AMER SIGN LANG I|15605|ED3113|TuTh|10:00am|11:40am|"Duong,Desiree A"
DEAF 160|AMER SIGN LANG I|15607|ED3115|TuTh|10:00am|11:40am|"Khorsandi,Shmuel"
DEAF 160|AMER SIGN LANG I|15629|SH120|TuTh|02:00pm|03:40pm|"Pollock,Jeff W"
DEAF 160|AMER SIGN LANG I|16117|ED1130|TuTh|04:00pm|05:40pm|"Smith,Kimberly C"
DEAF 161|AMER SIGN LANG II|15611|ED1117|MoWe|08:00am|09:40am|"Duong,Desiree A"
DEAF 161|AMER SIGN LANG II|15612|ED1130|TuTh|10:00am|11:40am|"Vazquez-Low,Maria D"
DEAF 200|INTR DEAF STUDIES|15661|ED1117|MoWe|02:00pm|03:15pm|"Pak,John A"
DEAF 200|INTR DEAF STUDIES|15771|EU130|MoWe|04:00pm|05:15pm|"Pak,John A"
DEAF 280|AM SIGN LANG III|15614|ED1130|MoWe|12:00pm|01:40pm|"Daigle,Matthew W"
DEAF 280|AM SIGN LANG III|15616|ED1117|TuTh|12:00pm|01:40pm|"Firkins,Christine"
DEAF 281|AMER SIGN LANG IV|15624|ED1130|MoWe|10:00am|11:40am|"Daigle,Matthew W"
DEAF 281|AMER SIGN LANG IV|15617|ED1117|TuTh|10:00am|11:40am|"Firkins,Christine"
DEAF 300|ADV ASL CONVERSA|16003|ED1129|Mo|12:30pm|03:15pm|"Marfino,Jennifer"
DEAF 300|ADV ASL CONVERSA|16004|ED1130|Mo|04:00pm|06:45pm|"Whetter,Jevon Ross"
DEAF 300|ADV ASL CONVERSA|16005|ED1129|Tu|09:30am|12:15pm|"Daigle,Matthew W"
DEAF 300|ADV ASL CONVERSA|16006|SH287|Tu|04:00pm|06:45pm|"Pollock,Jeff W"
DEAF 300|ADV ASL CONVERSA|16007|ED3113|Tu|04:00pm|06:45pm|"Elmira Yingst,Melissa"
DEAF 300|ADV ASL CONVERSA|16079|ED3113|We|12:30pm|03:15pm|"Garcia-Fernandez,Carla M."
DEAF 300|ADV ASL CONVERSA|16092|ED1129|Th|09:30am|12:15pm|"Marfino,Jennifer"
DEAF 300|ADV ASL CONVERSA|16097|ED1130|Th|12:30pm|03:15pm|"Garcia-Fernandez,Carla M."
DEAF 300|ADV ASL CONVERSA|16197|TBA|TBA|TBA|TBA|Staff
DEAF 300|ADV ASL CONVERSA|16198|ED3113|Th|04:00pm|06:45pm|"Pollock,Jeff W"
DEAF 350|PRINCIP SL INTERP|15997|ED1117|Mo|04:00pm|06:45pm|"Del Castillo,Catherine D"
DEAF 350|PRINCIP SL INTERP|16034|ED1117|We|04:00pm|06:45pm|"Del Castillo,Catherine D"
DEAF 360|AMER DEAF CULTURE|15662|MZ361|Tu|12:30pm|03:15pm|"Stapleton,Lissa D"
DEAF 360|AMER DEAF CULTURE|15665|EU131|Tu|04:00pm|06:45pm|"Stapleton,Lissa D"
DEAF 360|AMER DEAF CULTURE|15979|ED3117|Fr|09:30am|12:15pm|"Garcia-Fernandez,Carla M."
DEAF 370|ASL TRANSLATION|15794|TBA|TBA|TBA|TBA|Staff
DEAF 370|ASL TRANSLATION|15795|JD3520|Tu|12:30pm|03:15pm|"Elmira Yingst,Melissa"
DEAF 370|ASL TRANSLATION|15996|SG100|We|12:30pm|03:15pm|"Marfino,Jennifer"
DEAF 380|SIGN LANG INTR I|15890|ED3117|MoWe|09:00am|10:15am|"Webb,Jonathan Michael"
DEAF 383|INTERPRET LAB|15891|ED3117|MoWe|10:15am|10:40am|"Webb,Jonathan Michael"
DEAF 400|DEAF & HEAR PEOPLE|15998|JA100|We|04:00pm|06:45pm|"Fleischer,Flavia S"
DEAF 400|DEAF & HEAR PEOPLE|15999|JA100|We|04:00pm|06:45pm|"Garrow,William G"
DEAF 401|DEAF HISTORY|16008|ED1129|Tu|04:00pm|06:45pm|"Eickman,Jordan T"
DEAF 402|DEAF LITERATURE|15627|ED1129|We|09:30am|12:15pm|"Firkins,Katherine A"
DEAF 402|DEAF LITERATURE|15767|EU136|We|04:00pm|06:45pm|"Garcia-Fernandez,Carla M."
DEAF 404|ISSUES IN DEAFCOM|15875|ED1130|Tu|12:30pm|03:15pm|"Garrow,William G"
DEAF 404|ISSUES IN DEAFCOM|15977|ED1129|We|12:30pm|03:15pm|"Garrow,William G"
DEAF 405|ASL/DEAF THEATRE|15876|TBA|TBA|TBA|TBA|Staff
DEAF 406|DEAF LEARNER|15664|ED1129|Mo|04:00pm|06:45pm|"Mitchell,Thomas Eugene"
DEAF 406|DEAF LEARNER|16035|ED1129|We|04:00pm|06:45pm|"Firkins,Katherine A"
DEAF 407|LAW AND THE DEAF|15663|ED1129|Tu|12:30pm|03:15pm|"Eickman,Jordan T"
DEAF 407|LAW AND THE DEAF|16036|ED1129|Th|04:00pm|06:45pm|"Eickman,Jordan T"
DEAF 410|DEAF WOMEN|16093|EU131|Mo|04:00pm|06:45pm|"Stapleton,Lissa D"
DEAF 420|INTERPRETING III|15682|ED3117|MoWe|12:00pm|01:40pm|"Webb,Jonathan Michael"
DEAF 420|INTERPRETING III|15791|ED3115|MoWe|12:00pm|01:40pm|"Del Castillo,Catherine D"
DEAF 430|ASL DEVELOPMENT|15655|ED1125|TuTh|11:00am|12:15pm|"Pollock,Jeff W"
DEAF 430|ASL DEVELOPMENT|15892|ED1117|TuTh|02:00pm|03:15pm|"Firkins,Christine"
DEAF 434A|FINGERSPELL I|16002|ED1125|Th|12:30pm|01:20pm|"Vazquez-Low,Maria D"
DEAF 484|STRCTRE OF AM SGN|15626|ED1117|Tu|04:00pm|06:45pm|"Thornton,Casey J"
DEAF 484|STRCTRE OF AM SGN|15625|ED3117|Th|12:30pm|03:15pm|"Thornton,Casey J"
DEAF 484|STRCTRE OF AM SGN|21345|ED3117|Tu|12:30pm|03:15pm|"Thornton,Casey J"
DEAF 485|ISSUES AM SIGN LG|16037|TBA|TBA|TBA|TBA|Staff
DEAF 485|ISSUES AM SIGN LG|16118|ED3117|Th|09:30am|12:15pm|"Thornton,Casey J"
DEAF 489|ASL TRAN LIT +ART|16001|ED1117|Th|04:00pm|04:50pm|"Katz,Charles N"
DEAF 489L|CREAT USES OF ASL|16000|ED1117|Th|04:50pm|06:30pm|"Katz,Charles N"
DEAF 490A|CLASSIFIERS|15689|ED3115|Th|12:30pm|01:20pm|"Pollock,Jeff W"
DEAF 490D|SENTENCE TYPES|15683|ED3115|We|09:30am|10:20am|"Pollock,Jeff W"
DEAF 491D|ETHICS & STANDARD|15688|ED3117|We|11:00am|11:50am|"Webb,Jonathan Michael"
DEAF 491E|EDUC INTERP|15684|ED1129|Fr|02:00pm|04:45pm|"Del Castillo,Catherine D"
DEAF 497|DEAF ST CAPSTONE|15685|TBA|TBA|TBA|TBA|Staff
DEAF 497|DEAF ST CAPSTONE|16099|ED1129|Th|12:30pm|03:15pm|"Garrow,William G"
