ECE 101|INTRO ELEC ENGR|16319|JD2203|MoWe|09:00am|09:25am|"Valdovinos,John"
ECE 101|INTRO ELEC ENGR|16397|JD2203|MoWe|11:00am|11:25am|"Taouk,Habib B"
ECE 101L|INTRO ELEC ENGR LAB|16270|JD2203|MoWe|09:30am|10:45am|"Valdovinos,John"
ECE 101L|INTRO ELEC ENGR LAB|16398|JD2203|MoWe|11:30am|12:45pm|"Taouk,Habib B"
ECE 206|COMPUTING EE|16271|JD2204|MoWe|02:00pm|02:50pm|"Law,George K"
ECE 206|COMPUTING EE|16855|JD2204|TuTh|02:00pm|02:50pm|"Law,George K"
ECE 206L|COMPUTING EE LAB|16272|JD2204|MoWe|03:00pm|04:15pm|"Law,George K"
ECE 206L|COMPUTING EE LAB|16856|JD2204|TuTh|03:00pm|04:15pm|"Law,George K"
ECE 240|ELEC ENGR FUND|16273|JD2204|TuTh|05:30pm|06:45pm|"Sedghisigarchi,Kourosh"
ECE 240|ELEC ENGR FUND|16274|JD1593|Sa|10:00am|12:45pm|"Riasati,Vahid R"
ECE 240|ELEC ENGR FUND|16275|TBA|TBA|TBA|TBA|Staff
ECE 240|ELEC ENGR FUND|16577|TBA|TBA|TBA|TBA|Staff
ECE 240|ELEC ENGR FUND|16619|JD1553|Fr|09:00am|11:45am|"Flynn,James A"
ECE 240|ELEC ENGR FUND|16757|JD1555|TuTh|08:00am|09:15am|"Schwartz,David M"
ECE 240|ELEC ENGR FUND|16788|JD1590A|TuTh|11:00am|12:15pm|"Jia,Ruting"
ECE 240|ELEC ENGR FUND|16805|JD1555|MoWe|02:00pm|03:15pm|"Geng,Xiaojun"
ECE 240|ELEC ENGR FUND|16949|TBA|TBA|TBA|TBA|Staff
ECE 240|ELEC ENGR FUND|16948|JD1555|MoWe|11:00am|12:15pm|"Geng,Xiaojun"
ECE 240L|ELEC ENG FUND LAB|16276|JD1562|Fr|01:00pm|03:45pm|"Chattopadhyay,Somnath"
ECE 240L|ELEC ENG FUND LAB|16277|JD1562|Tu|09:00am|11:45am|"Daniel-Berhe,Sequare Kiflet"
ECE 240L|ELEC ENG FUND LAB|16278|JD1562|Tu|07:00pm|09:45pm|"Daniel-Berhe,Sequare Kiflet"
ECE 240L|ELEC ENG FUND LAB|16541|JD1562|Mo|07:00pm|09:45pm|"Chattopadhyay,Somnath"
ECE 240L|ELEC ENG FUND LAB|16624|JD1562|Sa|01:00pm|03:45pm|"Mikhailidis,Franco"
ECE 240L|ELEC ENG FUND LAB|16621|JD1562|We|07:00pm|09:45pm|"Roosta,Soraya A"
ECE 240L|ELEC ENG FUND LAB|16789|JD1562|Th|02:00pm|04:45pm|"Ghidari,Shahryar"
ECE 240L|ELEC ENG FUND LAB|16892|JD1562|Th|07:00pm|09:45pm|"Roosta,Soraya A"
ECE 280|APPL DEQ ELEC ENG|16645|JD2203|TuTh|03:30pm|04:45pm|"Amini,Ali"
ECE 309|NUM METHODS IN EE|16620|JD2203|MoWe|01:30pm|04:15pm|"Taouk,Habib B"
ECE 309|NUM METHODS IN EE|16690|JD2203|TuTh|11:00am|01:45pm|"Mikhailidis,Franco"
ECE 320|THEO DIGITAL SYST|16279|JD1601|TuTh|11:00am|12:15pm|"El Naga,Nagi M"
ECE 320|THEO DIGITAL SYST|16280|JD1601|MoWe|02:00pm|03:15pm|"Mallard,Benjamin"
ECE 320|THEO DIGITAL SYST|16806|JD2204|Fr|09:30am|12:15pm|"Roosta,Ramin"
ECE 320L|THEO DIG SYS LAB|16281|JD1601|We|09:00am|11:45am|"Law,George K"
ECE 320L|THEO DIG SYS LAB|16282|JD1601|Mo|07:00pm|09:45pm|"Bhatt,Vijay J"
ECE 320L|THEO DIG SYS LAB|16283|JD1601|Mo|09:00am|11:45am|"Law,George K"
ECE 320L|THEO DIG SYS LAB|16691|JD1601|Fr|01:00pm|03:45pm|"Amini,Afshin"
ECE 340|ELECTRONICS I|16284|JD1553|TuTh|09:00am|10:15am|"Chattopadhyay,Somnath"
ECE 340|ELECTRONICS I|16625|JD1102|MoWe|11:00am|12:15pm|"Mallard,Benjamin"
ECE 340L|ELECTRONICS I LAB|16285|JD1566|Tu|02:00pm|04:45pm|"Chattopadhyay,Somnath"
ECE 340L|ELECTRONICS I LAB|16623|JD1566|We|09:00am|11:45am|"Roosta,Soraya A"
ECE 340L|ELECTRONICS I LAB|16286|JD1566|Fr|01:00pm|03:45pm|"Roosta,Soraya A"
ECE 350|LINEAR SYSTEMS I|16292|JD1555|MoWe|09:30am|10:45am|"Youssef,Mahmoud Z"
ECE 350|LINEAR SYSTEMS I|16324|SG100|TuTh|03:30pm|04:45pm|"Jia,Ruting"
ECE 351|LINEAR SYSTEMS II|16293|JD2204|Fr|01:00pm|03:45pm|"Van Alphen,Deborah K"
ECE 351|LINEAR SYSTEMS II|16581|JD1102|TuTh|11:00am|12:15pm|"Van Alphen,Deborah K"
ECE 370|FIELDS & WAVES I|16294|JD1590A|TuTh|05:30pm|06:45pm|"Taouk,Habib B"
ECE 370|FIELDS & WAVES I|16807|JD1553|Fr|01:00pm|03:45pm|"Taouk,Habib B"
ECE 410|ELEC MCHN+ENR CON|16758|JD1590A|MoWe|05:30pm|06:45pm|"Sedghisigarchi,Kourosh"
ECE 410L|ELEC MACH+ EN LB|16759|JD1570|We|12:00pm|02:45pm|"Sedghisigarchi,Kourosh"
ECE 410L|ELEC MACH+ EN LB|16760|JD1570|Fr|09:30am|12:15pm|"Mikhailidis,Franco"
ECE 411|ELEC POWER SYST|16692|JD1590A|MoWe|03:30pm|04:45pm|"Sedghisigarchi,Kourosh"
ECE 412|POWER ELECTRONICS|20654|JD3520|Th|02:00pm|04:45pm|"Osorno,Ignacio B"
ECE 420|DSD/PROG LOGIC|16295|JD2204|MoWe|09:00am|10:15am|"Mirzaei,Shahnam"
ECE 422|DESIGN OF DIG COM|16325|JD1102|TuTh|03:30pm|04:45pm|"El Naga,Nagi M"
ECE 422|DESIGN OF DIG COM|20689|JD2204|Th|07:00pm|09:45pm|"El Naga,Nagi M"
ECE 425|MICROPROC SYSTEMS|16296|JD1102|TuTh|02:00pm|03:15pm|"Mehler,Ronald W"
ECE 425L|MICROPROC SYS LAB|16297|JD1607|Th|07:00pm|09:45pm|"Khavari,Neda"
ECE 425L|MICROPROC SYS LAB|16578|JD1607|Tu|09:30am|12:15pm|"Nezhad,Farahnaz A"
ECE 440|ELECTRONICS II|16298|JD2204|MoWe|11:00am|12:15pm|"Ou,Jack"
ECE 440L|ELECTRON II LAB|16299|JD1566|Th|07:00pm|09:45pm|"Vazan,Shahriar"
ECE 440L|ELECTRON II LAB|16486|JD1566|Fr|04:00pm|06:45pm|"Vazan,Shahriar"
ECE 442|DIGITAL ELECTRNCS|16300|JD1102|MoWe|12:30pm|01:45pm|"Ou,Jack"
ECE 442L|DIGITAL ELECT LAB|16301|JD1607|Fr|01:00pm|03:45pm|"Daniel-Berhe,Sequare Kiflet"
ECE 442L|DIGITAL ELECT LAB|16550|JD1607|Th|09:30am|12:15pm|"Daniel-Berhe,Sequare Kiflet"
ECE 445|INTRO SOLID STATE|16399|JD1601|TuTh|05:30pm|06:45pm|"Chattopadhyay,Somnath"
ECE 450|PROB SYS ELEC ENG|16626|JD2203|TuTh|02:00pm|03:15pm|"Van Alphen,Deborah K"
ECE 450|PROB SYS ELEC ENG|16693|JD1553|MoWe|02:00pm|03:15pm|"Zahid,Ali A"
ECE 451|REAL TIME DSP|16500|TBA|TBA|TBA|TBA|Staff
ECE 451L|REAL-TIME DSP LAB|16501|TBA|TBA|TBA|TBA|Staff
ECE 455|MATH MODELS IN EE|16302|JD2204|TuTh|11:00am|12:15pm|"Amini,Ali"
ECE 460|INTRO COMM SYSTEM|16303|SG109|MoWe|09:30am|10:45am|"Geng,Xiaojun"
ECE 460L|INTR COMM SYS LAB|16527|JD1536|Fr|01:00pm|03:45pm|"Flynn,James A"
ECE 460L|INTR COMM SYS LAB|16761|JD1536|Th|08:00am|10:45am|"Flynn,James A"
ECE 480|FUND CONTROL SYS|16304|JD2204|TuTh|09:00am|10:15am|"Amini,Ali"
ECE 480L|FUND CONTROL LAB|16305|JD2203|Fr|01:00pm|03:45pm|"Mikhailidis,Franco"
ECE 492|SEN DSN PROJ/ELEC|16306|TBA|TBA|TBA|TBA|"Ou,Jack"
ECE 492|SEN DSN PROJ/ELEC|16939|JD1590A|We|07:00pm|09:45pm|"Flynn,James A"
ECE 493|SEN DSN PROJ/ELEC|16307|JD1590A|Fr|02:00pm|04:45pm|"Flynn,James A"
ECE 493|SEN DSN PROJ/ELEC|16940|JD3510|Fr|04:00pm|06:45pm|"Ou,Jack"
ECE 524|FPGA/ASIC DESIGN|16454|JD1612|MoWe|03:30pm|04:45pm|"Mirzaei,Shahnam"
ECE 524L|FPGA/ASIC LAB|16455|JD1612|Tu|09:00am|11:45am|"Mirzaei,Shahnam"
ECE 526|VERILOG & SV|16308|JD1102|TuTh|05:30pm|06:45pm|"Mehler,Ronald W"
ECE 526L|VERILOG & SV LAB|16309|JD1102|Th|07:00pm|09:45pm|"Mehler,Ronald W"
ECE 562|DATA COMM NETWRKS|16310|JD1553|MoWe|05:30pm|06:45pm|"Zahid,Ali A"
ECE 572|ACT MICROWAVE CKT|16551|JD3508|Sa|09:00am|11:45am|"Chen,Austin"
ECE 581|FZC|16485|JD1590A|Tu|12:30pm|03:15pm|"Jia,Ruting"
ECE 595AIC|ANALOG IC DESIGN|20722|JD1102|TuTh|09:00am|10:15am|"Ou,Jack"
ECE 595IMP|IMAGE PROC|20679|JD1612|We|12:30pm|03:15pm|"Mirzaei,Shahnam"
ECE 602|BIOMEDICAL ENG I|16941|JD1555|We|07:00pm|09:45pm|"Valdovinos,John"
ECE 621|COMP ARITH DESIGN|20659|JD2204|Tu|07:00pm|09:45pm|"El Naga,Nagi M"
ECE 623|DIAG&DSGN DIG SYS|20657|JD2203|We|07:00pm|09:45pm|"Roosta,Ramin"
ECE 640|MOD ELECTRNC TECH|16950|TBA|TBA|TBA|TBA|Staff
ECE 650|RANDOM PROCESSES|16312|JD2203|TuTh|05:30pm|06:45pm|"Van Alphen,Deborah K"
ECE 651|DIGITAL SIG PROC|16313|TBA|TBA|TBA|TBA|Staff
ECE 661|WIRELESS COMM|16945|TBA|TBA|TBA|TBA|Staff
ECE 666|FIBRE OPTICS COMM|16314|JD1553|Tu|07:00pm|09:45pm|"Bekir,Nagwa E"
ECE 666L|FOC LAB|16456|TBA|TBA|TBA|TBA|Staff
ECE 673|MICROWAVE SEMCON|16627|TBA|TBA|TBA|TBA|Staff
ECE 674|ANTENNA ENGRG|16946|JD1555|Th|07:00pm|09:45pm|"Hodges,Richard E"
ECE 684|STOCHASTIC CONTRL|16947|TBA|TBA|TBA|TBA|Staff
ECE 696C|DIR GRAD RESEARCH|16315|TBA|TBA|TBA|TBA|Staff
ECE 697|DIR COMP STUDIES|16659|TBA|TBA|TBA|TBA|"Jia,Ruting"
ECE 697|DIR COMP STUDIES|21354|TBA|TBA|TBA|TBA|"Rengarajan,Sembiam R"
ECE 698C|THESIS/GRAD PROJ|16409|TBA|TBA|TBA|TBA|"Mirzaei,Shahnam"
ECE 698C|THESIS/GRAD PROJ|16410|TBA|TBA|TBA|TBA|"Jackson,Bradley R"
ECE 698C|THESIS/GRAD PROJ|16411|TBA|TBA|TBA|TBA|"Sedghisigarchi,Kourosh"
ECE 698C|THESIS/GRAD PROJ|16412|TBA|TBA|TBA|TBA|"Geng,Xiaojun"
ECE 698C|THESIS/GRAD PROJ|16413|TBA|TBA|TBA|TBA|"Roosta,Ramin"
ECE 698C|THESIS/GRAD PROJ|16414|TBA|TBA|TBA|TBA|"Chattopadhyay,Somnath"
ECE 698C|THESIS/GRAD PROJ|16415|TBA|TBA|TBA|TBA|Staff
ECE 698C|THESIS/GRAD PROJ|16416|TBA|TBA|TBA|TBA|Staff
ECE 698C|THESIS/GRAD PROJ|16417|TBA|TBA|TBA|TBA|Staff
ECE 698C|THESIS/GRAD PROJ|16418|TBA|TBA|TBA|TBA|Staff
ECE 698C|THESIS/GRAD PROJ|16419|TBA|TBA|TBA|TBA|Staff
ECE 698C|THESIS/GRAD PROJ|16509|TBA|TBA|TBA|TBA|Staff
ECE 699A|INDEPENDENT STUDY|17093|TBA|TBA|TBA|TBA|"Rengarajan,Sembiam R"
