ECON 101|ECON FOR LIFE|13973|BB1123|TuTh|02:00pm|03:15pm|"Virts,Nancy L"
ECON 101|ECON FOR LIFE|21335|BB1125|MoWe|03:30pm|04:45pm|"Cruz,Guillermo E"
ECON 160|MICROECON PRIN|13439|BB1125|MoWe|08:00am|09:15am|"Ng,Kenneth"
ECON 160|MICROECON PRIN|13520|BB1125|MoWe|09:30am|10:45am|"Ng,Kenneth"
ECON 160|MICROECON PRIN|13546|BB1133|MoWe|11:00am|12:15pm|"Ng,Kenneth"
ECON 160|MICROECON PRIN|13549|CR5122|Tu|11:00am|12:15pm|"Marcal,Leah E"
ECON 160|MICROECON PRIN|13674|BB1131|Sa|11:00am|01:45pm|"Payan,Rose-Marie"
ECON 160|MICROECON PRIN|13747|BB1131|TuTh|12:30pm|01:45pm|"Kung,Edward"
ECON 160|MICROECON PRIN|13785|BB1204|We|07:00pm|09:45pm|"Cruz,Guillermo E"
ECON 160|MICROECON PRIN|13914|BB1123|Fr|08:00am|10:45am|"Ng,Kenneth"
ECON 161|MACROECON PRIN|13432|CR5122|Th|11:00am|12:15pm|"Tontz,Richard L"
ECON 161|MACROECON PRIN|13531|BB1133|MoWe|09:30am|10:45am|"Patra,Soma"
ECON 161|MACROECON PRIN|13756|BB1123|Fr|11:00am|01:45pm|"Patra,Soma"
ECON 175|INTRO US ECON HIS|13809|BB1131|Fr|11:00am|01:45pm|"Cruz,Guillermo E"
ECON 175|INTRO US ECON HIS|13810|BB1123|Sa|11:00am|01:45pm|"Cruz,Guillermo E"
ECON 175|INTRO US ECON HIS|13796|BB1131|Fr|02:00pm|04:45pm|"Cruz,Guillermo E"
ECON 175|INTRO US ECON HIS|13834|NA101|MoWe|08:00am|09:15am|"Nadenichek,Jon J"
ECON 307|MARKETING ECON|13532|BB1125|Tu|12:30pm|01:45pm|"Tontz,Richard L"
ECON 307|MARKETING ECON|13572|BB1125|Th|12:30pm|01:45pm|"Tontz,Richard L"
ECON 307|MARKETING ECON|13846|BB1125|Tu|07:00pm|09:45pm|"Tontz,Richard L"
ECON 308|MANAGERIAL ECON|13436|BB1123|Th|07:00pm|09:45pm|"Gurtovoy,Jason Mark"
ECON 308|MANAGERIAL ECON|13753|BB1206|MoWe|02:00pm|03:15pm|"Chapman,Kenneth S"
ECON 308|MANAGERIAL ECON|13516|BB1131|TuTh|09:30am|10:45am|"Bush Jr,Charles Edward"
ECON 308|MANAGERIAL ECON|13573|BB1131|TuTh|11:00am|12:15pm|"Bush Jr,Charles Edward"
ECON 308|MANAGERIAL ECON|13722|BB1206|MoWe|11:00am|12:15pm|"Chapman,Kenneth S"
ECON 308|MANAGERIAL ECON|13754|TBA|TBA|TBA|TBA|Staff
ECON 308|MANAGERIAL ECON|13769|BB2230|MoWe|12:30pm|01:45pm|"Vessal,Ahmad"
ECON 309|USE OF ECON DATA|13517|BB2212|TuTh|11:00am|12:15pm|"Hymel,Kent M"
ECON 309|USE OF ECON DATA|13545|BB1131|Tu|07:00pm|09:45pm|"Hymel,Kent M"
ECON 310|PRICE THEORY|13757|BB1123|MoWe|12:30pm|01:45pm|"Gikas,James T"
ECON 310|PRICE THEORY|13435|BB1125|TuTh|02:00pm|03:15pm|"Bush Jr,Charles Edward"
ECON 310|PRICE THEORY|13492|BB1125|MoWe|02:00pm|03:15pm|"Halcoussis,Dennis"
ECON 310|PRICE THEORY|13493|TBA|TBA|TBA|TBA|Staff
ECON 310|PRICE THEORY|13518|BB1123|TuTh|09:30am|10:45am|"Virts,Nancy L"
ECON 310|PRICE THEORY|13680|BB1123|TuTh|11:00am|12:15pm|"Virts,Nancy L"
ECON 310|PRICE THEORY|13748|BB1125|Mo|07:00pm|09:45pm|"Halcoussis,Dennis"
ECON 311|MONEY AND BANKING|13774|BB1123|We|07:00pm|09:45pm|"Thomas,Thomas L"
ECON 311|MONEY AND BANKING|13500|BB1123|MoWe|02:00pm|03:15pm|"Patra,Soma"
ECON 312|MACROECOMIC THRY|13574|BB1131|MoWe|11:00am|12:15pm|"Patra,Soma"
ECON 350|URBAN ECON|13684|BB1131|TuTh|02:00pm|03:15pm|"Hymel,Kent M"
ECON 365|LAW AND ECONOMICS|13527|BB1123|MoWe|09:30am|10:45am|"Fractor,David T"
ECON 370|ECON DEVELOPMENT|13693|BB1230|Tu|07:00pm|09:45pm|"Payan,Rose-Marie"
ECON 403|OPEN-ECON MACRO|20805|BB1131|MoWe|09:30am|10:45am|"Nadenichek,Jon J"
ECON 409|INTR ECONOMETRICS|13575|BB2228|MoWe|11:00am|12:15pm|"Halcoussis,Dennis"
ECON 410|INDUSTRIAL ORG|13675|BB1125|Th|07:00pm|09:45pm|"Chapman,Kenneth S"
ECON 421|LABOR ECONOMICS|13755|BB1123|MoWe|08:00am|09:15am|"Fractor,David T"
ECON 433|PUBLIC ECONOMICS|13676|BB1125|TuTh|11:00am|12:15pm|"Kung,Edward"
ECON 499A|INDEPENDENT STUDY|13441|TBA|TBA|TBA|TBA|"Lowenberg,Anton D"
ECON 600|ECON OF STRATEGY|13433|BB1103|Th|07:00pm|09:45pm|"Marcal,Leah E"
