ECON 101,13973,BB1123,TuTh,02:00pm,03:15pm,"Virts,Nancy L"
ECON 101,21335,BB1125,MoWe,03:30pm,04:45pm,"Cruz,Guillermo E"
ECON 160,13439,BB1125,MoWe,08:00am,09:15am,"Ng,Kenneth"
ECON 160,13520,BB1125,MoWe,09:30am,10:45am,"Ng,Kenneth"
ECON 160,13546,BB1133,MoWe,11:00am,12:15pm,"Ng,Kenneth"
ECON 160,13549,CR5122,Tu,11:00am,12:15pm,"Marcal,Leah E"
ECON 160,13674,BB1131,Sa,11:00am,01:45pm,"Payan,Rose-Marie"
ECON 160,13747,BB1131,TuTh,12:30pm,01:45pm,"Kung,Edward"
ECON 160,13785,BB1204,We,07:00pm,09:45pm,"Cruz,Guillermo E"
ECON 160,13914,BB1123,Fr,08:00am,10:45am,"Ng,Kenneth"
ECON 161,13432,CR5122,Th,11:00am,12:15pm,"Tontz,Richard L"
ECON 161,13531,BB1133,MoWe,09:30am,10:45am,"Patra,Soma"
ECON 161,13756,BB1123,Fr,11:00am,01:45pm,"Patra,Soma"
ECON 175,13809,BB1131,Fr,11:00am,01:45pm,"Cruz,Guillermo E"
ECON 175,13810,BB1123,Sa,11:00am,01:45pm,"Cruz,Guillermo E"
ECON 175,13796,BB1131,Fr,02:00pm,04:45pm,"Cruz,Guillermo E"
ECON 175,13834,NA101,MoWe,08:00am,09:15am,"Nadenichek,Jon J"
ECON 307,13532,BB1125,Tu,12:30pm,01:45pm,"Tontz,Richard L"
ECON 307,13572,BB1125,Th,12:30pm,01:45pm,"Tontz,Richard L"
ECON 307,13846,BB1125,Tu,07:00pm,09:45pm,"Tontz,Richard L"
ECON 308,13436,BB1123,Th,07:00pm,09:45pm,"Gurtovoy,Jason Mark"
ECON 308,13753,BB1206,MoWe,02:00pm,03:15pm,"Chapman,Kenneth S"
ECON 308,13516,BB1131,TuTh,09:30am,10:45am,"Bush Jr,Charles Edward"
ECON 308,13573,BB1131,TuTh,11:00am,12:15pm,"Bush Jr,Charles Edward"
ECON 308,13722,BB1206,MoWe,11:00am,12:15pm,"Chapman,Kenneth S"
ECON 308,13754,TBA, ,TBA,TBA,Staff
ECON 308,13769,BB2230,MoWe,12:30pm,01:45pm,"Vessal,Ahmad"
ECON 309,13517,BB2212,TuTh,11:00am,12:15pm,"Hymel,Kent M"
ECON 309,13545,BB1131,Tu,07:00pm,09:45pm,"Hymel,Kent M"
ECON 310,13757,BB1123,MoWe,12:30pm,01:45pm,"Gikas,James T"
ECON 310,13435,BB1125,TuTh,02:00pm,03:15pm,"Bush Jr,Charles Edward"
ECON 310,13492,BB1125,MoWe,02:00pm,03:15pm,"Halcoussis,Dennis"
ECON 310,13493,TBA, ,TBA,TBA,Staff
ECON 310,13518,BB1123,TuTh,09:30am,10:45am,"Virts,Nancy L"
ECON 310,13680,BB1123,TuTh,11:00am,12:15pm,"Virts,Nancy L"
ECON 310,13748,BB1125,Mo,07:00pm,09:45pm,"Halcoussis,Dennis"
ECON 311,13774,BB1123,We,07:00pm,09:45pm,"Thomas,Thomas L"
ECON 311,13500,BB1123,MoWe,02:00pm,03:15pm,"Patra,Soma"
ECON 312,13574,BB1131,MoWe,11:00am,12:15pm,"Patra,Soma"
ECON 350,13684,BB1131,TuTh,02:00pm,03:15pm,"Hymel,Kent M"
ECON 365,13527,BB1123,MoWe,09:30am,10:45am,"Fractor,David T"
ECON 370,13693,BB1230,Tu,07:00pm,09:45pm,"Payan,Rose-Marie"
ECON 403,20805,BB1131,MoWe,09:30am,10:45am,"Nadenichek,Jon J"
ECON 409,13575,BB2228,MoWe,11:00am,12:15pm,"Halcoussis,Dennis"
ECON 410,13675,BB1125,Th,07:00pm,09:45pm,"Chapman,Kenneth S"
ECON 421,13755,BB1123,MoWe,08:00am,09:15am,"Fractor,David T"
ECON 433,13676,BB1125,TuTh,11:00am,12:15pm,"Kung,Edward"
ECON 499A,13441,TBA, ,TBA,TBA,"Lowenberg,Anton D"
ECON 600,13433,BB1103,Th,07:00pm,09:45pm,"Marcal,Leah E"
