E ED 472|MATH CURR METHOD|15969|ED2107|Tu|01:00pm|03:45pm|"Kwon,Minsung"
E ED 477A|RDG INSTRC DIVRS|15645|ED2117|Th|04:00pm|06:45pm|"Chong,Sandra B"
E ED 477B|LITERACY AND ELD|15541|JR247|Tu|04:00pm|06:45pm|"Navid,Sima"
E ED 477B|LITERACY AND ELD|15555|BB1238|Tu|04:00pm|06:45pm|"Mlynarik,Robin L"
E ED 480|SCI/SS CURR METH|15622|ED2121A|We|04:00pm|07:45pm|"Belgrad,Susan F"
E ED 500|FOUND TCHG|16082|JR203|Mo|07:00pm|09:45pm|"Navid,Sima"
E ED 515|LEARNING TECH|15690|ED2121A|Th|04:00pm|06:45pm|"Brie,Raymond J"
E ED 515|LEARNING TECH|15691|ED2121A|Th|07:00pm|09:45pm|"Brie,Raymond J"
E ED 515|LEARNING TECH|16172|ED2121A|Tu|04:00pm|06:45pm|"Brie,Raymond J"
E ED 520|RDG INSTRC DIVRSE|15692|ED1125|Mo|04:00pm|06:45pm|"Chong,Sandra B"
E ED 520|RDG INSTRC DIVRSE|15693|ED1125|Tu|07:00pm|09:45pm|"Ziolkowska,Renee M"
E ED 520|RDG INSTRC DIVRSE|16113|ED1125|Tu|04:00pm|06:45pm|"Ziolkowska,Renee M"
E ED 550B|SUPERVISED FLDWRK|15709|OFFCAM|TBA|TBA|TBA|"Lasken,Susan S, ..."
E ED 550D|STUD TCH ELEM SCH|16159|OFFCAM|TBA|TBA|TBA|"Rowland,Carole J, ..."
E ED 551C|SUPERVISED PRACT|16161|OFFCAM|TBA|TBA|TBA|"Holle,Stephen R, ..."
E ED 559C|SUPERVISED FW SEM|15861|ED3117|Mo|02:00pm|03:40pm|"Scherban-Sierra,Pamela"
E ED 559C|SUPERVISED FW SEM|15862|ED3117|We|02:00pm|03:40pm|"Holle,Stephen R"
E ED 559C|SUPERVISED FW SEM|16031|SH371|Tu|04:00pm|05:40pm|"Holle,Stephen R"
E ED 559F|STUDENT TCHNG SEM|15710|BB1210|Tu|04:00pm|05:40pm|"Shaffer,Philip M"
E ED 560C|STUDENT TEACH 1|15976|OFFCAM|TBA|TBA|TBA|"Lasken,Susan S, ..."
E ED 561F|STUDENT TEACH 2|15980|OFFCAM|TBA|TBA|TBA|"Lasken,Susan S, ..."
E ED 565M|MATH CURR METHOD|15863|ED2107|We|04:00pm|06:45pm|"McCormick,Morris A."
E ED 565M|MATH CURR METHOD|15864|ED2107|Tu|04:00pm|06:45pm|"Kwon,Minsung"
E ED 565M|MATH CURR METHOD|15865|ED2107|Tu|07:00pm|09:45pm|"Kwon,Minsung"
E ED 565M|MATH CURR METHOD|16111|ED2107|Th|07:00pm|09:45pm|"McCormick,Morris A."
E ED 565S|SCI CURR METHOD|16149|ED3117|We|04:00pm|06:45pm|"Kretschmer,David"
E ED 567ACT|SUPERVISED FLDWRK|15981|OFFCAM|TBA|TBA|TBA|"Lasken,Susan S, ..."
E ED 575|INTG SS/ARTS C&M|16180|BH304|Tu|07:00pm|09:45pm|"Weissler,Jody S"
E ED 577|LAINSTRUC ELD DEV|15620|ED1125|Th|04:00pm|06:45pm|"Cota,Irene C"
E ED 577|LAINSTRUC ELD DEV|15619|ED1125|Th|07:00pm|09:45pm|"Cota,Irene C"
E ED 578A|STUDENT TEACH 1|15800|OFFCAM|TBA|TBA|TBA|"Lasken,Susan S, ..."
E ED 578D|STUDENT TEACH 2|15896|OFFCAM|TBA|TBA|TBA|"Rowland,Carole J, ..."
E ED 579A|ITEPSTTCH|15972|ED3115|Th|02:00pm|03:40pm|"Scherban-Sierra,Pamela"
E ED 579A|ITEPSTTCH|15973|ED1125|Th|02:00pm|03:40pm|"Holle,Stephen R"
E ED 579D|ST TCHNG SEMINAR|15974|BB1202|Tu|04:00pm|05:40pm|"Scherban-Sierra,Pamela"
E ED 601|C&I REFLECTIVE TCHR|16059|ED2107|Th|04:00pm|06:45pm|"Belgrad,Susan F"
E ED 626|LIT INSTRUCT/K12|16157|ED2121B|Th|07:00pm|09:45pm|"Chong,Sandra B"
E ED 633|SEM EL LANG ARTS|16114|BB1202|Th|04:00pm|06:45pm|"Garcia,Kimberly M"
E ED 633|SEM EL LANG ARTS|16175|ED1127|Mo|04:00pm|06:45pm|"Garcia,Kimberly M"
E ED 643|SEM EL SCH MATH|16182|ED3117|Mo|07:00pm|09:45pm|"Kwon,Minsung"
E ED 672|ESP ENG FOR SPEC|20507|ED1125|Mo|07:00pm|09:45pm|"Batista,Marlene"
E ED 676|MULTICUTURALARTS|20508|ED3117|Mo|04:00pm|06:45pm|"Burstein,Joyce H"
E ED 697|DIR COMP STUDIES|16201|ED2115B|Th|07:00pm|09:45pm|"Burstein,Joyce H"
E ED 698|THES OR GRAD PROJ|15621|OFFCAM|TBA|TBA|TBA|"Burstein,Joyce H, ..."
E ED 699C|INDEPENDENT STUDY|16185|OFFCAM|TBA|TBA|TBA|"Burstein,Joyce H"
