ELPS 203|URBAN EDUC AM SOC|15529|ED1123|Tu|04:00pm|06:45pm|"Raby,Rosalind L"
ELPS 203|URBAN EDUC AM SOC|15530|BB1123|TuTh|12:30pm|01:45pm|"Raby,Rosalind L"
ELPS 203|URBAN EDUC AM SOC|15531|BB1204|MoWe|12:30pm|01:45pm|"Su,Zhixin"
ELPS 417|EQTY DIVRSTY SCH|15533|SH310|Th|04:00pm|06:45pm|"Su,Zhixin"
ELPS 417|EQTY DIVRSTY SCH|15534|ED1127|Mo|07:00pm|09:45pm|"Jain,Dimpal"
ELPS 541A|INTRO TCH URB SCH|15757|TBA|TBA|TBA|TBA|"Parsons,Michele A"
ELPS 541A|INTRO TCH URB SCH|15758|TBA|TBA|TBA|TBA|"Parsons,Michele A"
ELPS 541A|INTRO TCH URB SCH|15759|TBA|TBA|TBA|TBA|"Gudoski,Phyllis J"
ELPS 600|RESEARCH ED LEAD|15711|SH310|We|04:00pm|06:45pm|"Bagwell,Jack L"
ELPS 600|RESEARCH ED LEAD|15712|ED1123|Mo|04:00pm|06:45pm|"Bagwell,Jack L"
ELPS 600|RESEARCH ED LEAD|15713|OFFCAM|Th|04:00pm|06:45pm|"Barshay,Jerry E"
ELPS 600|RESEARCH ED LEAD|15714|OFFCAM|We|04:00pm|06:45pm|"Montante,Petronella K"
ELPS 600|RESEARCH ED LEAD|15715|OFFCAM|Mo|04:00pm|06:45pm|"Edeburn,Ellen K"
ELPS 600HE|RESDES HE|16066|EU134|Tu|07:00pm|09:45pm|"Doyle,Mariane A"
ELPS 601HE|AMERIC H E|16065|EU134|Tu|04:00pm|06:45pm|"Jain,Dimpal"
ELPS 650|CONT ADMIN LDRSHP|15647|ED1123|We|04:00pm|06:45pm|"Sosapavon,Ricardo"
ELPS 663|LEGAL SCHL ADMIN|15650|OFFCAM|Th|07:00pm|09:45pm|"Abraham,Thomas J"
ELPS 663|LEGAL SCHL ADMIN|15603|OFFCAM|We|07:00pm|09:45pm|"Edeburn,Ellen K"
ELPS 663|LEGAL SCHL ADMIN|15678|OFFCAM|Mo|07:00pm|09:45pm|"Edeburn,Ellen K"
ELPS 664|FIN ASPECT SCH AD|15636|SH310|We|07:00pm|09:45pm|"Seegan,Marcee"
ELPS 664|FIN ASPECT SCH AD|15781|ED1123|Mo|07:00pm|09:45pm|"Bennett,Michael B"
ELPS 667HE|ORGADMINCOMCOLED|16086|JR117|We|07:00pm|09:45pm|"Villanueva,Daniel G"
ELPS 673HE|LEDSPMANGREFMHE|16163|SH371|Th|04:00pm|06:45pm|"Einhorn-Martinez,Joshua N"
ELPS 676|SCH COM RELATIONS|15726|ED1123|We|07:00pm|09:45pm|"Sosapavon,Ricardo"
ELPS 690HE|RESANA LYS HE|16085|JR117|We|04:00pm|06:45pm|"Doyle,Mariane A"
ELPS 700|ART OF LEADERSHIP|15792|ED3111|Tu|04:00pm|06:45pm|"Sanchez,Luis"
ELPS 715|CULTURAL COMPTNCE|15922|ED3111|We|07:00pm|09:45pm|"Amah,Ifeoma"
ELPS 740|ENTREPRENEURSHIP|16087|ED3111|Th|04:00pm|06:45pm|"Villanueva,Daniel G"
ELPS 780|QUAL INQUIRY I|16018|ED3111|Tu|07:00pm|09:45pm|"Watford,Tara M"
ELPS 785|QUAL INQUIRY II|15755|ED3111|We|04:00pm|06:45pm|"Durdella,Nathan R"
ELPS 789|DISSERTATION|15741|TBA|TBA|TBA|TBA|"Edeburn,Ellen K"
ELPS 789|DISSERTATION|15785|TBA|TBA|TBA|TBA|"Ceja,Miguel A"
