ENGL  90|EXTEM EXPO WRTNG|13999|OV300K|Tu|04:00pm|06:45pm|"Abramowitz,Karen J"
ENGL  90|EXTEM EXPO WRTNG|14000|TBA|TBA|TBA|TBA|Staff
ENGL 113A|APPR UNIV WRTNG A|14388|JR201|MoWe|12:30pm|01:45pm|"Khadka,Santosh"
ENGL 113A|APPR UNIV WRTNG A|14389|JR304|MoWe|12:30pm|01:45pm|"Jackson,Sandra B"
ENGL 113A|APPR UNIV WRTNG A|14465|JR215|TuTh|11:00am|12:15pm|"Rodrick,Jennifer B"
ENGL 113A|APPR UNIV WRTNG A|14466|ED1127|MoWe|12:30pm|01:45pm|"Kufs,Eric R"
ENGL 113A|APPR UNIV WRTNG A|14467|JR244|TuTh|08:00am|09:15am|"Collins,Glenn Joseph"
ENGL 113A|APPR UNIV WRTNG A|14468|JR215|MoWe|11:00am|12:15pm|"Dawahare,Anna D"
ENGL 113A|APPR UNIV WRTNG A|14469|JR203|MoWe|08:00am|09:15am|"Barnhart,Eric S"
ENGL 113A|APPR UNIV WRTNG A|14470|JR354|MoWe|08:00am|09:15am|"Sever,Kirk A"
ENGL 113A|APPR UNIV WRTNG A|14477|JR201|TuTh|12:30pm|01:45pm|"Rodrick,Jennifer B"
ENGL 113A|APPR UNIV WRTNG A|14483|JR245|MoWe|02:00pm|03:15pm|"Reynolds,Amy L"
ENGL 113B|APPR UNIV WRTNG B|14661|JR201|MoWe|09:30am|10:45am|"Khadka,Santosh"
ENGL 113B|APPR UNIV WRTNG B|14758|JR245|TuTh|09:30am|10:45am|"Rodrick,Jennifer B"
ENGL 113B|APPR UNIV WRTNG B|14761|JR242|MoWe|12:30pm|01:45pm|"Reynolds,Amy L"
ENGL 113B|APPR UNIV WRTNG B|14764|JR201|TuTh|02:00pm|03:15pm|"Havey,Emily A"
ENGL 114A|APPR UNIV WRTNG A|14384|JR203|TuTh|11:00am|12:15pm|"Collins,Glenn Joseph"
ENGL 114A|APPR UNIV WRTNG A|14387|JR245|MoWe|09:30am|10:45am|"Jackson,Sandra B"
ENGL 114A|APPR UNIV WRTNG A|14533|ED1125|MoWe|11:00am|12:15pm|"Kufs,Eric R"
ENGL 114A|APPR UNIV WRTNG A|14534|JR248|TuTh|08:00am|09:15am|"Cross,Janet"
ENGL 114A|APPR UNIV WRTNG A|14535|JR248|TuTh|09:30am|10:45am|"Cross,Janet"
ENGL 114A|APPR UNIV WRTNG A|14536|SH285|TuTh|11:00am|12:15pm|"Havey,Emily A"
ENGL 114A|APPR UNIV WRTNG A|14541|SH285|MoWe|02:00pm|03:15pm|"Jackson,Sandra B"
ENGL 114A|APPR UNIV WRTNG A|14542|BB1234|TuTh|02:00pm|03:15pm|"Alvarez,Jose R"
ENGL 114A|APPR UNIV WRTNG A|14544|JR245|MoWe|08:00am|09:15am|"Kufs,Eric R"
ENGL 114A|APPR UNIV WRTNG A|14547|JR217|MoWe|11:00am|12:15pm|"Boyer,Teresa S"
ENGL 114A|APPR UNIV WRTNG A|14552|JR248|TuTh|12:30pm|01:45pm|"Collins,Glenn Joseph"
ENGL 114A|APPR UNIV WRTNG A|14561|SH302|MoWe|12:30pm|01:45pm|"Gabrielyan,Roza S"
ENGL 114B|APPR UNIV WRTNG B|14662|JR215|MoWe|02:00pm|03:15pm|"Gabrielyan,Roza S"
ENGL 115|APPR UNIV WRITING|14386|JR302|MoWe|09:30am|10:45am|"Koning,Kelan L"
ENGL 115|APPR UNIV WRITING|14511|JR242|TuTh|09:30am|10:45am|"Nard,Kitty"
ENGL 115|APPR UNIV WRITING|14512|JR242|MoWe|11:00am|12:15pm|"Nard,Kitty"
ENGL 115|APPR UNIV WRITING|14513|JR301|MoWe|12:30pm|01:45pm|"Boyer,Teresa S"
ENGL 115|APPR UNIV WRITING|14514|BB1204|TuTh|02:00pm|03:15pm|"Kane,Robert M"
ENGL 115|APPR UNIV WRITING|14516|EU134|MoWe|02:00pm|03:15pm|"Dinsmore,Eric H"
ENGL 115|APPR UNIV WRITING|14518|JR201|MoWe|08:00am|09:15am|"Altman,Dylan B"
ENGL 115|APPR UNIV WRITING|14519|JR354|MoWe|09:30am|10:45am|"Altman,Dylan B"
ENGL 115|APPR UNIV WRITING|14521|ED1127|TuTh|09:30am|10:45am|"Reynolds,Amy L"
ENGL 115|APPR UNIV WRITING|14522|JR217|TuTh|08:00am|09:15am|"Havey,Emily A"
ENGL 115|APPR UNIV WRITING|14523|JR201|MoWe|11:00am|12:15pm|"Brummet,Joyce Caroline"
ENGL 115|APPR UNIV WRITING|14524|EU131|MoWe|12:30pm|01:45pm|"Nunez,Luis"
ENGL 115|APPR UNIV WRITING|14525|JR303|TuTh|12:30pm|01:45pm|"Duncan,Kyle"
ENGL 115|APPR UNIV WRITING|14526|JR242|TuTh|08:00am|09:15am|"Romero,Gabriel A"
ENGL 115|APPR UNIV WRITING|14527|SH391|TuTh|11:00am|12:15pm|"Dawahare,Anna D"
ENGL 115|APPR UNIV WRITING|14528|JR245|MoWe|12:30pm|01:45pm|"Marozzi,Lynnette M"
ENGL 115|APPR UNIV WRITING|14529|JR217|TuTh|12:30pm|01:45pm|"Goli,Samantha Lynne"
ENGL 115|APPR UNIV WRITING|14530|JR245|TuTh|02:00pm|03:15pm|"Dang,Diane Kim"
ENGL 115|APPR UNIV WRITING|14531|JR242|MoWe|08:00am|09:15am|"Rigsby,Marcus"
ENGL 115|APPR UNIV WRITING|14532|SH287|MoWe|09:30am|10:45am|"Dinsmore,Eric H"
ENGL 115|APPR UNIV WRITING|14580|JR218|Th|04:00pm|06:45pm|"Maturo,Arthur M."
ENGL 115|APPR UNIV WRITING|14628|JR303|TuTh|09:30am|10:45am|"Khan,Saad H"
ENGL 115|APPR UNIV WRITING|14651|JR215|Tu|04:00pm|06:45pm|"Villela,Vilma"
ENGL 115|APPR UNIV WRITING|14666|JR248|TuTh|02:00pm|03:15pm|"Chumber,Sonia"
ENGL 115|APPR UNIV WRITING|14682|SH285|TuTh|12:30pm|01:45pm|"Kubler,John A"
ENGL 115|APPR UNIV WRITING|14685|JR215|TuTh|12:30pm|01:45pm|"Robles-Rodriguez,Leonel"
ENGL 115|APPR UNIV WRITING|14797|JR217|MoWe|12:30pm|01:45pm|"Dinsmore,Eric H"
ENGL 115|APPR UNIV WRITING|14798|JR201|MoWe|02:00pm|03:15pm|"Baker,Angel"
ENGL 115|APPR UNIV WRITING|14799|SH285|MoWe|09:30am|10:45am|"Kufs,Eric R"
ENGL 115|APPR UNIV WRITING|14800|SH287|MoWe|03:30pm|04:45pm|"Roman,Kathleen Anne"
ENGL 115|APPR UNIV WRITING|14801|JR218|TuTh|12:30pm|01:45pm|"Cran,Kenneth J"
ENGL 115|APPR UNIV WRITING|14802|EU134|MoWe|08:00am|09:15am|"Beadle,Jon A"
ENGL 115|APPR UNIV WRITING|14981|JR217|MoWe|02:00pm|03:15pm|"Pessin,Sean Edward"
ENGL 115|APPR UNIV WRITING|14982|JR242|Fr|11:00am|01:45pm|"Kane,Robert M"
ENGL 115|APPR UNIV WRITING|14983|SH285|MoWe|12:30pm|01:45pm|"Ditch,Corri C"
ENGL 115|APPR UNIV WRITING|14984|JR304|TuTh|08:00am|09:15am|"Roche,Jason"
ENGL 115|APPR UNIV WRITING|14985|JR304|MoWe|08:00am|09:15am|"Keshishyan,Andzhela"
ENGL 115|APPR UNIV WRITING|14986|ED1123|TuTh|02:00pm|03:15pm|"Young,Kimberly D"
ENGL 115|APPR UNIV WRITING|14987|JR248|MoWe|11:00am|12:15pm|"Hackett,Malinda Kay"
ENGL 115|APPR UNIV WRITING|14988|JR215|TuTh|09:30am|10:45am|"Kausen,Connor Charles"
ENGL 115|APPR UNIV WRITING|14989|JR215|Fr|09:00am|11:45am|"Keshishyan,Andzhela"
ENGL 115|APPR UNIV WRITING|14990|ED1126|TuTh|02:00pm|03:15pm|"Barnhart,Eric S"
ENGL 115|APPR UNIV WRITING|14991|JR302|MoWe|08:00am|09:15am|"Griffith,Mary E"
ENGL 115|APPR UNIV WRITING|14992|ED1126|TuTh|09:30am|10:45am|"Bivian,Jose Pablo"
ENGL 115|APPR UNIV WRITING|14993|JR330|TuTh|12:30pm|01:45pm|"Havey,Emily A"
ENGL 115|APPR UNIV WRITING|14994|JR215|MoWe|03:30pm|04:45pm|"Brady,Kimmerly D"
ENGL 115|APPR UNIV WRITING|14995|JR201|TuTh|08:00am|09:15am|"Rowley,Kelly A"
ENGL 115|APPR UNIV WRITING|15005|JR248|MoWe|09:30am|10:45am|"Hackett,Malinda Kay"
ENGL 115|APPR UNIV WRITING|15006|JR352|TuTh|02:00pm|03:15pm|"Maturo,Arthur M."
ENGL 115|APPR UNIV WRITING|15007|JR217|TuTh|11:00am|12:15pm|"Rowley,Kelly A"
ENGL 115|APPR UNIV WRITING|15099|EU134|MoWe|11:00am|12:15pm|"Marozzi,Lynnette M"
ENGL 115|APPR UNIV WRITING|15100|EU134|MoWe|12:30pm|01:45pm|"Beadle,Jon A"
ENGL 115|APPR UNIV WRITING|15101|JR203|MoWe|02:00pm|03:15pm|"Griffith,Mary E"
ENGL 115|APPR UNIV WRITING|15194|EU134|TuTh|08:00am|09:15am|"Villela,Vilma"
ENGL 115|APPR UNIV WRITING|15195|BB1129|TuTh|09:30am|10:45am|"Rowley,Kelly A"
ENGL 115|APPR UNIV WRITING|15360|SH307|TuTh|03:30pm|04:45pm|"Hawkins,Caitlin Joy"
ENGL 115|APPR UNIV WRITING|15362|JD1609|TuTh|11:00am|12:15pm|"Cran,Kenneth J"
ENGL 115|APPR UNIV WRITING|15363|ED1126|TuTh|12:30pm|01:45pm|"Alvarez,Jose R"
ENGL 115|APPR UNIV WRITING|15364|SH224|TuTh|03:30pm|04:45pm|"Barnhart,Eric S"
ENGL 115|APPR UNIV WRITING|15365|JR354|MoWe|11:00am|12:15pm|"Arellano,Alexia"
ENGL 115|APPR UNIV WRITING|15366|SH321|MoWe|12:30pm|01:45pm|"Keshishyan,Andzhela"
ENGL 115|APPR UNIV WRITING|15369|SH279|TuTh|12:30pm|01:45pm|"Srmabekian,Gina A"
ENGL 115|APPR UNIV WRITING|15370|SG105|TuTh|02:00pm|03:15pm|"Rodrick,Jennifer B"
ENGL 115|APPR UNIV WRITING|15371|JR303|TuTh|02:00pm|03:15pm|"Brady,Kimmerly D"
ENGL 115|APPR UNIV WRITING|15372|JR217|MoWe|09:30am|10:45am|"Filbeck,Melissa E"
ENGL 115|APPR UNIV WRITING|15373|SH371|MoWe|11:00am|12:15pm|"Filbeck,Melissa E"
ENGL 115|APPR UNIV WRITING|15374|JR352|TuTh|08:00am|09:15am|"Lim,Stephanie J"
ENGL 115|APPR UNIV WRITING|15375|JR352|MoWe|08:00am|09:15am|"Solis,Nicole M E"
ENGL 115|APPR UNIV WRITING|15376|SH391|MoWe|02:00pm|03:15pm|"Maturo,Arthur M."
ENGL 115|APPR UNIV WRITING|15377|SH382|MoWe|12:30pm|01:45pm|"Griffith,Mary E"
ENGL 115|APPR UNIV WRITING|15378|ED1123|MoWe|12:30pm|01:45pm|"Kosters,Whitney M"
ENGL 115|APPR UNIV WRITING|15429|JR330|MoWe|02:00pm|03:15pm|"Kosters,Whitney M"
ENGL 115|APPR UNIV WRITING|15430|EU134|MoWe|09:30am|10:45am|"Jaffray,Joseph Hamilton"
ENGL 115|APPR UNIV WRITING|15431|JR201|Fr|09:00am|11:45am|"Kubler,John A"
ENGL 115|APPR UNIV WRITING|15432|JR248|TuTh|11:00am|12:15pm|"Srmabekian,Gina A"
ENGL 115|APPR UNIV WRITING|15433|JR215|MoWe|08:00am|09:15am|"Yorke,Aquil D"
ENGL 115|APPR UNIV WRITING|15451|JR215|MoWe|09:30am|10:45am|"Yorke,Aquil D"
ENGL 115|APPR UNIV WRITING|15452|SH182|MoWe|08:00am|09:15am|"Khadka,Santosh"
ENGL 115|APPR UNIV WRITING|15453|SH371|MoWe|02:00pm|03:15pm|"Kane,Robert M"
ENGL 115|APPR UNIV WRITING|15454|JR215|TuTh|08:00am|09:15am|"Mcginis,Richard W"
ENGL 115|APPR UNIV WRITING|15455|SH224|TuTh|09:30am|10:45am|"Schultz,Maseri Kisa"
ENGL 115|APPR UNIV WRITING|15456|JR201|TuTh|11:00am|12:15pm|"Kubler,John A"
ENGL 115|APPR UNIV WRITING|15457|SH371|TuTh|11:00am|12:15pm|"Alvarez,Jose R"
ENGL 115|APPR UNIV WRITING|15458|BB1210|TuTh|12:30pm|01:45pm|"Kane,Robert M"
ENGL 115|APPR UNIV WRITING|15459|JR248|TuTh|03:30pm|04:45pm|"Alexander,John"
ENGL 115|APPR UNIV WRITING|15460|SH382|MoWe|08:00am|09:15am|"Fuentes-Chung,Mildred S"
ENGL 115|APPR UNIV WRITING|15461|SH268|TuTh|08:00am|09:15am|"Chumber,Sonia"
ENGL 115|APPR UNIV WRITING|21331|JR218|MoWe|12:30pm|01:45pm|"Rodrick,Jennifer B"
ENGL 115HON|UNIVERSITYWRITING|14633|JD1609|TuTh|02:00pm|03:15pm|"Glover,Star"
ENGL 115HON|UNIVERSITYWRITING|14663|JR242|MoWe|09:30am|10:45am|"Gabrielyan,Roza S"
ENGL 115HON|UNIVERSITYWRITING|15098|SH391|MoWe|11:00am|12:15pm|"Spitler-Lawson,Rebecca W"
ENGL 205|BUS COMM RHET CON|14276|ONLINE|TBA|TBA|TBA|"Norwood,Amber L"
ENGL 205|BUS COMM RHET CON|14305|JR202|MoWe|02:00pm|03:15pm|"Brady,Kimmerly D"
ENGL 205|BUS COMM RHET CON|14803|JR354|Fr|09:00am|11:45am|"Cran,Kenneth J"
ENGL 205|BUS COMM RHET CON|14278|JR354|TuTh|09:30am|10:45am|"Shannon,Mary E"
ENGL 205|BUS COMM RHET CON|14280|JR117|MoWe|12:30pm|01:45pm|"Bertacchi-Love,Tina M"
ENGL 205|BUS COMM RHET CON|14281|JR354|TuTh|11:00am|12:15pm|"Shannon,Mary E"
ENGL 205|BUS COMM RHET CON|14282|EU134|TuTh|12:30pm|01:45pm|"Harrison,Amanda M"
ENGL 205|BUS COMM RHET CON|14283|JR303|MoWe|11:00am|12:15pm|"Pandey,Iswari P"
ENGL 205|BUS COMM RHET CON|14284|EU134|TuTh|02:00pm|03:15pm|"Cran,Kenneth J"
ENGL 205|BUS COMM RHET CON|14285|JR303|MoWe|09:30am|10:45am|"Pandey,Iswari P"
ENGL 205|BUS COMM RHET CON|14289|SH384|Mo|04:00pm|06:45pm|"Bertacchi-Love,Tina M"
ENGL 205|BUS COMM RHET CON|14286|JR302|MoWe|12:30pm|01:45pm|"Pandey,Iswari P"
ENGL 205|BUS COMM RHET CON|14587|SH321|TuTh|12:30pm|01:45pm|"Norwood,Amber L"
ENGL 205|BUS COMM RHET CON|14836|JR215|TuTh|02:00pm|03:15pm|"Kubler,John A"
ENGL 205|BUS COMM RHET CON|14837|ONLINE|TBA|TBA|TBA|"Hernandez,Andrea P"
ENGL 205|BUS COMM RHET CON|14845|JR302|TuTh|08:00am|09:15am|"Shannon,Mary E"
ENGL 205|BUS COMM RHET CON|14846|ONLINE|TBA|TBA|TBA|"Schofield,Michael J"
ENGL 205|BUS COMM RHET CON|14933|ONLINE|TBA|TBA|TBA|"Schofield,Michael J"
ENGL 205|BUS COMM RHET CON|14934|ONLINE|TBA|TBA|TBA|"Wells,Kimberly C"
ENGL 205|BUS COMM RHET CON|14935|ONLINE|TBA|TBA|TBA|"Wells,Kimberly C"
ENGL 205|BUS COMM RHET CON|15014|ONLINE|TBA|TBA|TBA|"Martin,Joanne M"
ENGL 205|BUS COMM RHET CON|15019|ONLINE|TBA|TBA|TBA|"Jackson,Sandra B"
ENGL 208|CREATIVE WRITING|14001|JR303|TuTh|11:00am|12:15pm|"Mitchell,Rick"
ENGL 208|CREATIVE WRITING|14002|ED1122|Fr|11:00am|01:45pm|"Caram,Eve H"
ENGL 208|CREATIVE WRITING|14003|JR302|Tu|04:00pm|06:45pm|"Barresi,Dorothy M"
ENGL 208|CREATIVE WRITING|15151|SH287|TuTh|12:30pm|01:45pm|"Venugopal,Shubha"
ENGL 208|CREATIVE WRITING|15174|JR302|TuTh|09:30am|10:45am|"Mitchell,Rick"
ENGL 208|CREATIVE WRITING|15327|JR301|Th|04:00pm|06:45pm|"Barresi,Dorothy M"
ENGL 215|CRIT THINK WRIT|15260|JR302|MoWe|11:00am|12:15pm|"Lee,Jennifer C"
ENGL 215|CRIT THINK WRIT|15261|SH276|MoWe|09:30am|10:45am|"Lee,Jennifer C"
ENGL 215|CRIT THINK WRIT|15324|EU131|TuTh|09:30am|10:45am|"Mcginis,Richard W"
ENGL 215|CRIT THINK WRIT|15402|BB1208|TuTh|02:00pm|03:15pm|"Mcginis,Richard W"
ENGL 215|CRIT THINK WRIT|20525|EU131|MoWe|02:00pm|03:15pm|"Glover,Star"
ENGL 215|CRIT THINK WRIT|21179|SH221|TuTh|11:00am|12:15pm|"Glover,Star"
ENGL 215|CRIT THINK WRIT|21197|JR352|TuTh|12:30pm|01:45pm|"Mcginis,Richard W"
ENGL 255|INTRO TO LIT|14006|ONLINE|TBA|TBA|TBA|"Swenson,Patricia J"
ENGL 255|INTRO TO LIT|14007|ONLINE|TBA|TBA|TBA|"Swenson,Patricia J"
ENGL 255|INTRO TO LIT|15180|JR217|Mo|04:00pm|06:45pm|"Slobod,Cheryl G"
ENGL 258|MAJ ENG WRITERS I|14949|JR242|TuTh|11:00am|12:15pm|"Kleinman,Scott"
ENGL 259|MAJ ENG WRTERS II|14010|JR244|TuTh|12:30pm|01:45pm|"Byler,Lauren L"
ENGL 275|MAJOR AMER WRIT|14011|JR244|TuTh|09:30am|10:45am|"Dawahare,Anna D"
ENGL 275|MAJOR AMER WRIT|14012|JR244|MoWe|12:30pm|01:45pm|"Carroll,Kimberly Teaman"
ENGL 300|CONTEMP LITRATURE|14208|SH209|MoWe|03:30pm|04:45pm|"Boyer,Teresa S"
ENGL 300|CONTEMP LITRATURE|14578|ONLINE|TBA|TBA|TBA|"Hall,Leilani R"
ENGL 300|CONTEMP LITRATURE|14805|ONLINE|TBA|TBA|TBA|"Taylor,Nancy A"
ENGL 300|CONTEMP LITRATURE|14937|ONLINE|TBA|TBA|TBA|"Taylor,Nancy A"
ENGL 301|LANG AND LING|14014|JR204|Mo|07:00pm|09:45pm|"Galasso,Joseph A"
ENGL 301|LANG AND LING|14015|JR304|MoWe|11:00am|12:15pm|"Shi,Enchao"
ENGL 302|INTR MOD GRAMMAR|14017|JR354|TuTh|12:30pm|01:45pm|"Shi,Enchao"
ENGL 302|INTR MOD GRAMMAR|14018|JR352|We|04:00pm|06:45pm|"Mathis,Terrie D"
ENGL 302|INTR MOD GRAMMAR|14019|JR304|MoWe|02:00pm|03:15pm|"Shi,Enchao"
ENGL 302|INTR MOD GRAMMAR|14026|EU134|TuTh|09:30am|10:45am|"Shi,Enchao"
ENGL 302|INTR MOD GRAMMAR|14028|JR244|Fr|11:00am|01:45pm|"Ganjavi,Shadi"
ENGL 302|INTR MOD GRAMMAR|14229|JD1551|Tu|04:00pm|06:45pm|"Ganjavi,Shadi"
ENGL 303|LANG-GRAM-LING|15390|EU131|TuTh|01:00pm|01:50pm|"Mathis,Terrie D"
ENGL 303|LANG-GRAM-LING|20799|BB1238|MoWe|02:00pm|02:50pm|"Galasso,Joseph A"
ENGL 303L|LANGGRAMLINGLAB|15349|EU131|TuTh|02:00pm|02:50pm|"Mathis,Terrie D"
ENGL 303L|LANGGRAMLINGLAB|20800|BB1238|MoWe|03:00pm|03:50pm|"Galasso,Joseph A"
ENGL 305|INT EXPOSTRY WRIT|14199|JR354|MoWe|12:30pm|01:45pm|"Roman,Kathleen Anne"
ENGL 305|INT EXPOSTRY WRIT|14031|JR352|Fr|11:00am|01:45pm|"Glick,Jessica L"
ENGL 305|INT EXPOSTRY WRIT|14451|JR354|TuTh|03:30pm|04:45pm|"Huizar,Loretta Antonia"
ENGL 305|INT EXPOSTRY WRIT|14571|JR245|TuTh|11:00am|12:15pm|"Nard,Kitty"
ENGL 305|INT EXPOSTRY WRIT|14939|ONLINE|TBA|TBA|TBA|"Taylor,Nancy A"
ENGL 305|INT EXPOSTRY WRIT|14966|ONLINE|TBA|TBA|TBA|"Norwood,Amber L"
ENGL 305|INT EXPOSTRY WRIT|15078|ONLINE|TBA|TBA|TBA|"Swenson,Patricia J"
ENGL 305|INT EXPOSTRY WRIT|21196|ONLINE|TBA|TBA|TBA|"Cross,Janet"
ENGL 306|REPORT WRITING|14235|JR304|Fr|11:00am|12:15pm|"Martin,Joanne M"
ENGL 306|REPORT WRITING|14269|JR352|MoWe|09:30am|10:45am|"Reynolds,Amy L"
ENGL 306|REPORT WRITING|14375|EU134|TuTh|11:00am|12:15pm|"Lace,Noreen V"
ENGL 306|REPORT WRITING|14582|JR304|Fr|12:30pm|01:45pm|"Martin,Joanne M"
ENGL 306|REPORT WRITING|14842|ONLINE|TBA|TBA|TBA|"Gides,John C"
ENGL 306|REPORT WRITING|14847|JR352|Tu|04:00pm|06:45pm|"Lace,Noreen V"
ENGL 306|REPORT WRITING|14940|JR304|We|04:00pm|06:45pm|"Gides,John C"
ENGL 306|REPORT WRITING|14980|ONLINE|TBA|TBA|TBA|"Gides,John C"
ENGL 306|REPORT WRITING|15013|SH285|TuTh|09:30am|10:45am|"Huizar,Loretta Antonia"
ENGL 306|REPORT WRITING|15020|JR212|TuTh|12:30pm|01:45pm|"Bieber,Stacey E"
ENGL 306|REPORT WRITING|15104|ONLINE|TBA|TBA|TBA|"Meisel,Jacqueline S"
ENGL 306|REPORT WRITING|15117|JR215|MoWe|12:30pm|01:45pm|"Dawahare,Anna D"
ENGL 306|REPORT WRITING|15120|ONLINE|TBA|TBA|TBA|"Meisel,Jacqueline S"
ENGL 306|REPORT WRITING|15121|ONLINE|TBA|TBA|TBA|"Martin,Joanne M"
ENGL 306|REPORT WRITING|15198|EU134|Fr|09:00am|11:45am|"Rowley,Kelly A"
ENGL 306|REPORT WRITING|15204|ONLINE|TBA|TBA|TBA|"Shamiryan,Diana J"
ENGL 306|REPORT WRITING|15205|JR214|MoWe|02:00pm|03:15pm|"Roman,Kathleen Anne"
ENGL 306|REPORT WRITING|15307|JR354|TuTh|02:00pm|03:15pm|"Bieber,Stacey E"
ENGL 306|REPORT WRITING|21286|ONLINE|TBA|TBA|TBA|"Shamiryan,Diana J"
ENGL 306|REPORT WRITING|21291|ONLINE|TBA|TBA|TBA|"Barnhart,Eric S"
ENGL 306|REPORT WRITING|21320|ONLINE|TBA|TBA|TBA|"Norwood,Amber L"
ENGL 306|REPORT WRITING|21338|ONLINE|TBA|TBA|TBA|"Shamiryan,Diana J"
ENGL 308|NARRATIVE WRITING|14032|JR242|Th|04:00pm|06:45pm|"Young,Kimberly D"
ENGL 308|NARRATIVE WRITING|14033|JR304|MoWe|09:30am|10:45am|"Higgs,Christopher D"
ENGL 308|NARRATIVE WRITING|14265|JR303|MoWe|12:30pm|01:45pm|"Higgs,Christopher D"
ENGL 309|VERSE WRITING|14371|JR348|Th|07:00pm|09:45pm|"Barresi,Dorothy M"
ENGL 310|PLAYWRITING|14730|JR302|TuTh|02:00pm|03:15pm|"Mitchell,Rick"
ENGL 311|HIST AFRO-AM WRIT|14036|JR352|TuTh|11:00am|12:15pm|"Thacker,Audrey B"
ENGL 311|HIST AFRO-AM WRIT|14254|JR244|Mo|07:00pm|09:45pm|"Baker,Jeffrey S"
ENGL 311|HIST AFRO-AM WRIT|15149|JR244|TuTh|02:00pm|03:15pm|"Thacker,Audrey B"
ENGL 312|LITERATURE + FILM|14037|JR319|MoWe|11:00am|12:15pm|"Stanley,Sandra L"
ENGL 313|POPULAR CULTURE|14194|JR348|MoWe|09:30am|10:45am|"Spitler-Lawson,Rebecca W"
ENGL 313|POPULAR CULTURE|14343|ONLINE|TBA|TBA|TBA|"Harrison,Amanda M"
ENGL 313|POPULAR CULTURE|14573|JR244|MoWe|02:00pm|03:15pm|"Spitler-Lawson,Rebecca W"
ENGL 313|POPULAR CULTURE|14809|JR352|TuTh|09:30am|10:45am|"Filbeck,Melissa E"
ENGL 313|POPULAR CULTURE|15405|ONLINE|TBA|TBA|TBA|"Harrison,Amanda M"
ENGL 314|AMER INDIAN LIT|14323|JR302|TuTh|12:30pm|01:45pm|"Andrews,Scott D"
ENGL 315|DIGITAL WRITING|15325|ED2117|MoWe|11:00am|12:15pm|"Khadka,Santosh"
ENGL 316|SHAKESPEARE|14041|SH384|Th|04:00pm|06:45pm|"Schamp,Jutta L"
ENGL 333|COMICS|14734|JR352|MoWe|11:00am|12:15pm|"Solis,Nicole M E"
ENGL 333|COMICS|14941|JR304|TuTh|02:00pm|03:15pm|"Hatfield,Charles W"
ENGL 333|COMICS|15070|JR243|Fr|12:00pm|02:45pm|"Solis,Nicole M E"
ENGL 333|COMICS|15275|ONLINE|TBA|TBA|TBA|"Hattori,Tomo"
ENGL 333|COMICS|15276|JR304|TuTh|11:00am|12:15pm|"Hatfield,Charles W"
ENGL 355|WRITING ABOUT LIT|14044|JR303|Mo|04:00pm|06:45pm|"Carroll,Kimberly Teaman"
ENGL 355|WRITING ABOUT LIT|14232|JR348|TuTh|02:00pm|03:15pm|"Schamp,Jutta L"
ENGL 355|WRITING ABOUT LIT|14045|SH307|Mo|04:00pm|06:45pm|"Payte,Trista R"
ENGL 355|WRITING ABOUT LIT|14046|JR348|We|07:00pm|09:45pm|"Kosters,Whitney M"
ENGL 364|SHORT STORY|14618|ONLINE|TBA|TBA|TBA|"Pousson,Martin"
ENGL 364|SHORT STORY|14647|ONLINE|TBA|TBA|TBA|"Pousson,Martin"
ENGL 364|SHORT STORY|14833|JR304|Th|04:00pm|06:45pm|"Overman,Linda R"
ENGL 364|SHORT STORY|14942|ONLINE|TBA|TBA|TBA|"Harrison,Amanda M"
ENGL 364|SHORT STORY|15274|JR352|MoWe|12:30pm|01:45pm|"Brady,Kimmerly D"
ENGL 369|LESBIAN WRITERS|14943|JR348|TuTh|11:00am|12:15pm|"Hall,Leilani R"
ENGL 406|ADV EXPOSTRY WRIT|14242|JR217|Tu|04:00pm|06:45pm|"Bieber,Stacey E"
ENGL 407|COMP+THE PROFESNS|14372|SH192|We|04:00pm|06:45pm|"Bertacchi-Love,Tina M"
ENGL 408|ADV NARR WRITING|14049|JR302|MoWe|02:00pm|03:15pm|"Haake,Katharine K"
ENGL 408|ADV NARR WRITING|14270|JR303|Tu|04:00pm|06:45pm|"Pousson,Martin"
ENGL 412|LITERARY MAGAZINE|14361|JR302|We|04:00pm|06:45pm|"Pessin,Sean Edward"
ENGL 414|CHAUCER|14337|JR246|Th|04:00pm|06:45pm|"Kleinman,Scott"
ENGL 417|SHAKESPRE SURVEY|14211|SH342|Tu|04:00pm|06:45pm|"Bryson,Michael E"
ENGL 420|MILTON|14454|JR348|Mo|07:00pm|09:45pm|"Bryson,Michael E"
ENGL 421BA|BATMAN CULTURE|15434|JR304|TuTh|09:30am|10:45am|"Hatfield,Charles W"
ENGL 428|CHILD LIT|14052|JR348|TuTh|12:30pm|01:45pm|"Clark,Dorothy G"
ENGL 428|CHILD LIT|14227|JR348|Tu|04:00pm|06:45pm|"Clark,Dorothy G"
ENGL 428|CHILD LIT|14577|JR348|MoWe|02:00pm|03:15pm|"Nard,Kitty"
ENGL 429|LIT ADOLESCENTS|14275|EU131|TuTh|11:00am|12:15pm|"Tripp,Anna M"
ENGL 434|19TH-CEN WMN NOV|14952|BB1129|MoWe|09:30am|10:45am|"Tripp,Colleen M"
ENGL 436|MAJ CRIT THEORIES|14054|JR348|Mo|04:00pm|06:45pm|"Carassai,Mauro"
ENGL 436|MAJ CRIT THEORIES|14056|JR348|MoWe|12:30pm|01:45pm|"Dawahare,Anthony D"
ENGL 456|AGE OF ENLIGHTNMT|14407|SH390|Th|04:00pm|06:45pm|"Keynejad,Nazanin P"
ENGL 463B|CONTEMP POETRY|14458|JR244|Th|04:00pm|06:45pm|"Lace,Noreen V"
ENGL 464|THEORIES OF POETRY|14057|JR302|Tu|07:00pm|09:45pm|"Barresi,Dorothy M"
ENGL 465|THEORIES OF FICTION|14245|JR348|MoWe|11:00am|12:15pm|"Higgs,Christopher D"
ENGL 467|MAJ BRIT NOVEL II|14193|JR244|TuTh|11:00am|12:15pm|"Byler,Lauren L"
ENGL 474|AM LIT 1860-1912|14739|BB1129|MoWe|08:00am|09:15am|"Thacker,Audrey B"
ENGL 475|AM LIT 1912-1945|14259|JR348|We|04:00pm|06:45pm|"Lace,Noreen V"
ENGL 477|MAJ AMER NOVEL I|14344|JR244|MoWe|09:30am|10:45am|"Kosters,Whitney M"
ENGL 478|MAJ AMER NOVEL II|14412|JR304|Mo|04:00pm|06:45pm|"Stanley,Sandra L"
ENGL 490|SR SEM NARR WRTNG|14058|JR304|Tu|07:00pm|09:45pm|"Pousson,Martin"
ENGL 492|SR HONORS TUTORL|14414|JR319|Tu|04:00pm|06:45pm|"Dawahare,Anthony D"
ENGL 494|ENGL INTERN SEM|15084|JR201|Th|04:00pm|04:50pm|"Wells,Kimberly C"
ENGL 494IP|ENGL INTERN PRGM|15085|JR201|Th|05:00pm|07:45pm|"Wells,Kimberly C"
ENGL 495ESM|MULTIGEN LITERACY|14233|JR242|MoWe|02:00pm|03:15pm|"Bertacchi-Love,Tina M"
ENGL 495ESM|MULTIGEN LITERACY|14742|JR248|Tu|07:00pm|09:45pm|"Overman,Linda R"
ENGL 495TK|TOLKIEN LD OF RNG|20532|JR242|TuTh|12:30pm|01:45pm|"Kleinman,Scott"
ENGL 507|GRAD RSRCH&WRTNG|15446|JR302|We|07:00pm|09:45pm|"Hatfield,Charles W"
ENGL 512|WRITING FOR PERF|20533|JR319|Tu|07:00pm|09:45pm|"Mitchell,Rick"
ENGL 525CS|CS METHODS&THEORY|15353|JR319|Fr|10:00am|12:45pm|"Schumacher,Heidi A"
ENGL 525DH|DIGITAL HUMA|15421|JR319|Th|07:00pm|09:45pm|"Carassai,Mauro"
ENGL 525SFE|SF OF EMPIRE|21033|JR246|Tu|07:00pm|09:45pm|"Spratt,Danielle L"
ENGL 600B|COLLCOMP: TH/PED|14427|JR319|We|04:00pm|05:40pm|"Clark,Irene L"
ENGL 600BF|COLL COMP FIELD|14428|JR319|We|06:00pm|06:45pm|"Clark,Irene L"
ENGL 622|SEM ASPECTS POET|14946|JR242|Tu|04:00pm|06:45pm|"Hall,Leilani R"
ENGL 623|SEM PROSE FICTION|14379|JR319|Th|04:00pm|06:45pm|"Byler,Lauren L"
ENGL 638|CRITICL APPR LIT|14060|JR302|Mo|07:00pm|09:45pm|"Hattori,Tomo"
ENGL 651|RHET COMP THEORY|20540|JR201|Tu|04:00pm|06:45pm|"Lee,Jennifer C"
ENGL 652|CRTIV WRTNG STDIS|14464|JR319|Mo|07:00pm|09:45pm|"Higgs,Christopher D"
ENGL 697C|DIR COMP STUDIES|14061|TBA|TBA|TBA|TBA|"Byler,Lauren L"
