EOH 101,18806,JD2520,MoWe,09:30am,10:45am,"McNamara,Katherine A"
EOH 101,19035,JD2520,TuTh,09:30am,10:45am,"Murray,Kenneth S"
EOH 101,19187,JD2520,TuTh,08:00am,09:15am,"Newman,Jennifer N"
EOH 101,19255,ONLINE, ,TBA,TBA,"Bellin,Peter"
EOH 101,19379,ONLINE, ,TBA,TBA,"Bellin,Peter"
EOH 352,18807,JD1551,MoWe,11:00am,12:15pm,"Sabty-Daily,Rania A"
EOH 352,20485,JD1551,TuTh,02:00pm,03:15pm,"McNamara,Katherine A"
EOH 353,18808,JD1551,MoWe,08:00am,09:15am,"Taylor,Paul D"
EOH 353,18809,JD1551,MoWe,12:30pm,01:45pm,"Sullivan,Michael J"
EOH 353,19034,JD1551,TuTh,08:00am,09:15am,"Murray,Kenneth S"
EOH 353,19355,JD1551,TuTh,09:30am,10:45am,"Newman,Jennifer N"
EOH 353,19357,JD1551,TuTh,11:00am,12:15pm,"Hughes,Haifa A"
EOH 353,19381,JD1551,TuTh,12:30pm,01:45pm,"Hughes,Haifa A"
EOH 353,19382,JD1551,We,04:00pm,06:45pm,"Machado,Antonio F"
EOH 353,19390,JD1551,Fr,11:00am,01:45pm,"Kazanchyan,Gevork"
EOH 353,19512,JD1551,Fr,02:00pm,04:45pm,"Kazanchyan,Gevork"
EOH 353,19549,ONLINE, ,TBA,TBA,"Hatfield,Thomas H"
EOH 353,19393,ONLINE, ,TBA,TBA,"Hatfield,Thomas H"
EOH 353,19627,ONLINE, ,TBA,TBA,"Oillataguerre,Maurice M"
EOH 353,19780,ONLINE, ,TBA,TBA,"Oillataguerre,Maurice M"
EOH 353,19781,ONLINE, ,TBA,TBA,"Slechta,Anita M"
EOH 353,19870,ONLINE, ,TBA,TBA,"Oillataguerre,Maurice M"
EOH 356A,18810,JD1551,MoWe,09:30am,10:45am,"Sabty-Daily,Rania A"
EOH 356A,18811,BB1240,MoWe,02:00pm,03:15pm,"Sabty-Daily,Rania A"
EOH 453,18813,JD2528,MoWe,09:30am,10:45am,"Newman,Jennifer N"
EOH 455,18901,JD1552,Mo,07:00pm,09:45pm,"Ellis,Olivia L"
EOH 455L,18902,JD1571,We,04:00pm,06:45pm,"Becerra,Veronica"
EOH 456,18977,JD2524,TuTh,02:00pm,03:15pm,"Machado,Antonio F"
EOH 458,18948,JD2524,TuTh,11:00am,12:15pm,"Machado,Antonio F"
EOH 459,18814,JD1551,We,07:00pm,09:45pm,"Harden,Christopher D"
EOH 465,19383,JD1551,Tu,07:00pm,09:45pm,"Harden,Christopher D"
EOH 466A,18815,JD1551,MoWe,02:00pm,03:15pm,"Bellin,Peter"
EOH 466A,18816,BB1240,MoWe,09:30am,10:45am,"Bellin,Peter"
EOH 466C,18817,JD2524,TuTh,12:30pm,01:45pm,"McNamara,Katherine A"
EOH 467,19974,JD1551,Th,07:00pm,09:45pm,"Alhiyari,Yazeed"
EOH 480,19924,JD1626,Mo,11:00am,11:50am,"Kennedy,Nola J"
EOH 494B,19190,OFFCAM, ,TBA,TBA,"Sullivan,Michael J"
EOH 501A,19881,JD2524,Tu,04:00pm,06:45pm,"Sullivan,Michael J"
EOH 501B,20486,JD1551,Th,04:00pm,06:45pm,"Machado,Antonio F"
EOH 553,18818,JD2524,Mo,07:00pm,09:45pm,"Sullivan,Michael J"
EOH 554MPH,19884,JD2524,We,07:00pm,09:45pm,"Lustig,Rebecca S"
EOH 570,19885,JD1551,Mo,04:00pm,06:45pm,"Brogmus,George E"
EOH 580,19882,JD2524,Th,07:00pm,09:45pm,"Newman,Jennifer N"
EOH 693A,19886,OFFCAM, ,TBA,TBA,"Kennedy,Nola J"
EOH 696A,19887,TBA, ,TBA,TBA,Staff
EOH 697,19165,TBA, ,TBA,TBA,"Sullivan,Michael J"
