EPC 314,15524,JR201,Mo,04:00pm,06:45pm,"Torvinen,Deanne B"
EPC 314,15525,BB1212,TuTh,09:30am,10:45am,"Velasco,German W"
EPC 314,15789,BB1202,TuTh,11:00am,12:15pm,"Scheff,Stephen"
EPC 314,15790,BB1240,TuTh,12:30pm,01:45pm,"Burnam,Bruce C"
EPC 314,16023,ED1122,MoWe,02:00pm,03:15pm,"Scheff,Stephen"
EPC 314,16105,SH314,We,04:00pm,06:45pm,"Torvinen,Deanne B"
EPC 314,16119,ED2121B,TuTh,02:00pm,03:15pm,"Laija-Rodriguez,Wilda"
EPC 315,15646,ED1122,TuTh,09:30am,10:45am,"Mariano,Karen D"
EPC 315,15538,ED1122,TuTh,11:00am,12:15pm,"Burnam,Bruce C"
EPC 315,15540,ED1122,MoWe,11:00am,12:15pm,"Mariano,Karen D"
EPC 315,15542,TBA, ,TBA,TBA,Staff
EPC 315,15673,ED1123,MoWe,02:00pm,03:15pm,"Mariano,Karen D"
EPC 315,16213,SH284,We,04:00pm,06:45pm,"Karamali,Pariza A"
EPC 420,15546,BB1208,MoWe,12:30pm,01:45pm,"Burnam,Bruce C"
EPC 420,15547,ONLINE, ,TBA,TBA,"Ozery,Daphna"
EPC 420,15548,ED1126,Mo,07:00pm,09:45pm,"Ozery,Daphna"
EPC 420,15718,ONLINE, ,TBA,TBA,"Ozery,Daphna"
EPC 420,15769,ONLINE, ,TBA,TBA,"Ozery,Daphna"
EPC 420,15772,ED1117,Mo,07:00pm,09:45pm,"Lubnow,David"
EPC 420,16209,JR304,Tu,04:00pm,06:45pm,"Burnam,Bruce C"
EPC 420,21330,ONLINE, ,TBA,TBA,"Lubnow,David"
EPC 430,15543,BH312,Tu,04:00pm,06:45pm,"Rothstein-Fisch,Carrie S"
EPC 430,16121,BB1238,We,07:00pm,09:45pm,"Busillo-Aguayo,Joannie L"
EPC 430,16122,BB1236,We,04:00pm,06:45pm,"Busillo-Aguayo,Joannie L"
EPC 430,21283,TBA, ,TBA,TBA,Staff
EPC 451,15544,BB1238,We,04:00pm,06:45pm,"Pioli,Donna L"
EPC 451,15545,JR134,Tu,04:00pm,06:45pm,"Lyden,Eric C"
EPC 451,21169,BB1210,Mo,04:00pm,06:45pm,"Pioli,Donna L"
EPC 451,21170,TBA, ,TBA,TBA,Staff
EPC 451,21171,BB1238,Th,04:00pm,06:45pm,"Lyden,Eric C"
EPC 500,15553,ED1122,TuTh,02:00pm,03:15pm,"Stohl,Ellen R"
EPC 500,15556,ED1117,We,07:00pm,09:45pm,"Bowes,Michele F"
EPC 601,15565,ED1129,Mo,07:00pm,09:45pm,"Leung,Kingson C"
EPC 603,16043,ED1125,We,07:00pm,09:45pm,"Buttitta,Deborah J"
EPC 603,16044,ED1125,We,04:00pm,06:45pm,"Buttitta,Deborah J"
EPC 603,16045,ED2119,Th,07:00pm,09:45pm,"Goldschmidt,Pete G"
EPC 603,16152,ED3113,Th,07:00pm,09:45pm,"Ramage,Jean C"
EPC 622,15552,JR134,We,04:00pm,06:45pm,"Manjikian,Sonya A"
EPC 632,15554,BH313,We,04:00pm,06:45pm,"Rothstein-Fisch,Carrie S"
EPC 634,16028,BH313,We,07:00pm,09:45pm,"Rothstein-Fisch,Carrie S"
EPC 642,16098,JR244,Tu,04:00pm,06:45pm,"Leon,Katherine E"
EPC 655,15558,ED1121,Mo,04:00pm,06:45pm,"Charnofsky,Stanley"
EPC 655,15559,JR243,Mo,04:00pm,06:45pm,"Harris,Sue"
EPC 655,15561,JR244,Mo,04:00pm,06:45pm,"Souris,Mark John"
EPC 655,15562,SH108,Mo,04:00pm,06:45pm,"Minton,Shyrea J"
EPC 655,15761,JR218,Tu,04:00pm,06:45pm,"Harris,Sue"
EPC 655,16030,BB1232,Th,04:00pm,06:45pm,"Williams,Madhavi"
EPC 656,16127,BB1234,We,04:00pm,06:45pm,"Pemberton,Jennifer V"
EPC 656,16128,ED1130,We,07:00pm,09:45pm,"Goldberg-Roth,Kim L"
EPC 657B,16108,JR246,Mo,04:00pm,06:45pm,"Cwiak,Serena S"
EPC 657C,16192,BB1123,Tu,04:00pm,06:45pm,"Losey,Diana L"
EPC 658,15564,SH225,Mo,04:00pm,06:45pm,"Rosenkjar,Serina"
EPC 658L,15567,SH225,Mo,03:00pm,03:50pm,"Rosenkjar,Serina"
EPC 659A,15572,ED3113,Mo,01:00pm,03:45pm,"Stevens,Mark A"
EPC 659A,15574,ED3113,Mo,07:00pm,09:45pm,"Lemert,Rebecca"
EPC 659A,15575,BB1204,Mo,07:00pm,09:45pm,"Kaiser,Stacy Y"
EPC 659A,15577,SH310,Mo,07:00pm,09:45pm,"Lethcoe,Tricia L"
EPC 659A,15579,ED1121,MoWe,12:30pm,01:45pm,"Swain,Katherine L"
EPC 659A,15580,ED1121,MoWe,02:00pm,03:15pm,"Sundermeier,Christina Louise"
EPC 659A,15581,BB1238,Mo,07:00pm,09:45pm,"Geary,Patrick"
EPC 659A,15582,SH307,Mo,07:00pm,09:45pm,"Lee,Timmy E"
EPC 659A,15583,BB1210,Tu,07:00pm,09:45pm,"Geisser,Michael S"
EPC 659A,15584,BB1232,Tu,07:00pm,09:45pm,"Bornstein,Suzanne S"
EPC 659A,15585,ED1125,Tu,01:00pm,03:45pm,"Pemberton,Jennifer V"
EPC 659A,15675,SH382,Tu,07:00pm,09:45pm,"Rodriguez,Herman"
EPC 659CC,15804,ED1121,Mo,07:00pm,09:45pm,"Sands,Tovah"
EPC 659CC,15805,ED1130,Mo,07:00pm,09:45pm,"Ventura,Anthony R"
EPC 659CC,15806,ED1117,Tu,07:00pm,09:45pm,"Shain,Roman"
EPC 659CC,15807,BB1232,Mo,07:00pm,09:45pm,"Simon,Merril"
EPC 659CC,15808,BB1212,Mo,07:00pm,09:45pm,"Swain,Katherine L"
EPC 659EC,15576,ED1121,Tu,07:00pm,09:45pm,"Laija-Rodriguez,Wilda"
EPC 659EC,15578,ED3113,Tu,07:00pm,09:45pm,"Ramage,Jean C"
EPC 659GC,15818,ED1121,Th,07:00pm,09:45pm,"Golden,Joan"
EPC 659GC,15819,ED1130,Th,07:00pm,09:45pm,"Geisser,Michael S"
EPC 659JC,15821,ED3113,We,07:00pm,09:45pm,"Simon,Merril"
EPC 659JC,15822,BB1212,We,07:00pm,09:45pm,"Hupp,Jeffrey J"
EPC 659P,16046,ED3115,Tu,01:00pm,03:45pm,"Gehart,Diane R"
EPC 659P,16047,ED2107,Mo,01:00pm,03:45pm,"Caldwell,Angela C"
EPC 659P,16048,BB1240,Mo,07:00pm,09:45pm,"Pettit,Pamela"
EPC 659P,16049,JR115,Mo,07:00pm,09:45pm,"Keenan,Carine M"
EPC 659P,16050,SH371,Mo,07:00pm,09:45pm,"Emblen-Scarpaci,Clovis"
EPC 659P,16051,ED2121A,Tu,01:00pm,03:45pm,"Stone,Dana J"
EPC 659P,16068,BH310,Tu,07:00pm,09:45pm,"Bellamy,Cyndee S"
EPC 663A,15588,ED1121,Th,04:00pm,06:45pm,"Golden,Joan"
EPC 663A,15680,BB1212,Th,04:00pm,06:45pm,"Vogel,Paul J"
EPC 663AL,15590,SH205,Mo,04:00pm,06:45pm,"Saggar,Vedeesh Kumar"
EPC 663AL,15681,SH205,Mo,07:00pm,09:45pm,"Saggar,Vedeesh Kumar"
EPC 664,15591,ED1117,Th,07:00pm,09:45pm,"Flores,Jesse"
EPC 665,15593,ED1127,Tu,04:00pm,06:45pm,"Williams,Madhavi"
EPC 667,15595,BB1234,Tu,04:00pm,06:45pm,"Laija-Rodriguez,Wilda"
EPC 668,15975,OFFCAM,Th,04:00pm,06:45pm,"Fish,Janet E"
EPC 670B,16052,BB1234,Mo,04:00pm,06:45pm,"Gehart,Diane R"
EPC 670B,16053,JR221,Mo,04:00pm,06:45pm,"Kaiser,Stacy Y"
EPC 670B,16054,ED1121,Tu,04:00pm,06:45pm,"Stone,Dana J"
EPC 671,15883,ED1126,We,04:00pm,06:45pm,"Russ,Ian N"
EPC 671,16009,ED1126,We,07:00pm,09:45pm,"Russ,Ian N"
EPC 671,16010,BB1228,Th,04:00pm,06:45pm,"Caldwell,Ben E"
EPC 671,16168,SH106,We,04:00pm,06:45pm,"Sands,Tovah"
EPC 673,15988,JR202,We,04:00pm,06:45pm,"Trujillo Arevalo,Alejandra"
EPC 673,15989,BH312,We,07:00pm,09:45pm,"Trujillo Arevalo,Alejandra"
EPC 673,15990,BB1234,Th,04:00pm,06:45pm,"Pemberton,Jennifer V"
EPC 674,16193,BB1206,Th,07:00pm,09:45pm,"Graham,Tessa J"
EPC 675,15596,SH310,Mo,04:00pm,06:45pm,"Willoughby,Louis D"
EPC 675,15597,BH312,Mo,07:00pm,09:45pm,"Willoughby,Louis D"
EPC 677,15643,BB1208,Mo,04:00pm,06:45pm,"Caldwell,Angela C"
EPC 677,15648,BH310,Mo,07:00pm,09:45pm,"Fields,Adam"
EPC 677,15744,ED1127,Tu,07:00pm,09:45pm,"Fields,Adam"
EPC 678,15586,SH205,We,04:00pm,06:45pm,"Lethcoe,Tricia L"
EPC 678,15644,BH315,We,07:00pm,09:45pm,"Keenan,Carine M"
EPC 678,16100,BB1230,Th,04:00pm,06:45pm,"Souris,Mark John"
EPC 682,16190,BH314,We,07:00pm,09:45pm,"Ventura,Anthony R"
EPC 683,15587,ED1123,Tu,07:00pm,09:45pm,"Busillo-Aguayo,Joannie L"
EPC 684,16191,ED2119,We,07:00pm,09:45pm,"Goldschmidt,Pete G"
EPC 688,15708,BB1204,Mo,04:00pm,06:45pm,"Sands,Tovah"
EPC 689,16169,ED1130,We,04:00pm,06:45pm,"Minton,Shyrea J"
EPC 690C,16060,TBA, ,TBA,TBA,"Gehart,Diane R"
EPC 690C,16061,ED3115,Mo,02:00pm,03:50pm,"Buttitta,Deborah J"
EPC 690C,16070,TBA, ,TBA,TBA,"Buttitta,Deborah J"
EPC 690C,16112,TBA, ,TBA,TBA,"Simon,Merril"
EPC 695S,16150,JD1555,We,04:00pm,06:45pm,"Macis,Lucille L"
EPC 695WC,15881,ED1121,Fr,09:00am,03:00pm,"Losey,Diana L"
EPC 695WC,15882,ED1121,Sa,09:00am,03:00pm,"Losey,Diana L"
EPC 696,15952,ED1130,Tu,07:00pm,09:45pm,"Leon,Katherine E"
EPC 696,15953,TBA, ,TBA,TBA,"Aguilar,Angie"
EPC 696,15954,BH314,Mo,07:00pm,09:45pm,"Geisser,Michael S"
EPC 697,15968,TBA, ,TBA,TBA,"Restori,Alberto F"
EPC 698C,15598,TBA, ,TBA,TBA,"Restori,Alberto F"
