FCS 113|DRAFT INTER DESGN|18915|SQ201|TuTh|08:00am|10:45am|"Berger,Roxane I"
FCS 114|INTRO INTERIOR DS|19432|SQ201|Tu|02:00pm|02:50pm|"King,Kristin"
FCS 114L|INTRO INT DES LAB|19433|SQ201|Th|02:00pm|04:45pm|"King,Kristin"
FCS 150|APPAREL CONST I|19726|SQ241|Fr|08:00am|09:40am|"Lewis-Goldstein,Diane E"
FCS 150L|APPRL CONST I LAB|19727|SQ241|Fr|10:00am|12:45pm|"Lewis-Goldstein,Diane E"
FCS 160|INTRO TEXTILES|18676|SQ102|MoWe|09:30am|10:45am|"Tung,Tracie"
FCS 160|INTRO TEXTILES|18893|SH279|TuTh|09:30am|10:45am|"Tung,Tracie"
FCS 170|CREATIVE EXP FCS|18677|SQ102|Mo|03:30pm|05:10pm|"Tung,Tracie"
FCS 170|CREATIVE EXP FCS|18678|SQ100|TuTh|08:35am|09:15am|"Kim,Jongeun 'JK'"
FCS 170|CREATIVE EXP FCS|19037|SQ100|TuTh|08:35am|09:15am|"Kim,Jongeun 'JK'"
FCS 170|CREATIVE EXP FCS|19411|JD2520|Fr|09:00am|10:40am|"Warren,Shirley T"
FCS 170|CREATIVE EXP FCS|19448|SQ102|We|03:30pm|05:10pm|"Tung,Tracie"
FCS 201|INTROD FOOD SCI|18679|SQ100|Mo|03:30pm|05:10pm|"Garcia-Torres,Rosalia"
FCS 201L|INTRO FOOD SCI L|18680|SQ112|Tu|02:00pm|04:45pm|"Garcia-Torres,Rosalia"
FCS 201L|INTRO FOOD SCI L|18990|SQ112|Th|02:00pm|04:45pm|"Garcia-Torres,Rosalia"
FCS 201L|INTRO FOOD SCI L|19412|SQ112|Fr|08:00am|10:45am|"Garcia-Torres,Rosalia"
FCS 201L|INTRO FOOD SCI L|19513|SQ112|Fr|12:00pm|02:45pm|"Kepes,Nataly"
FCS 207|NUTRITION FR LIFE|18681|SQ100|MoWe|08:00am|09:15am|"Herman,Dena R"
FCS 207|NUTRITION FR LIFE|19191|SQ101|Fr|08:00am|10:45am|"Herman,Dena R"
FCS 211|INTERIOR DESIGN I|18682|SQ215|MoWe|08:00am|10:45am|"King,Kristin"
FCS 213|COMP APP ID|18994|SQ246|Th|12:00pm|12:50pm|"Kohn,Rodica R"
FCS 213L|COMP APP ID LAB|18936|SQ246|Th|12:50pm|05:50pm|"Kohn,Rodica R"
FCS 214|ID MAT STD & SPEC|18992|SQ215|Fr|08:00am|08:50am|"Zhukova,Tatyana"
FCS 214L|ID STD & SPEC LAB|18993|SQ215|Fr|09:00am|12:20pm|"Zhukova,Tatyana"
FCS 232|INDIV + FAM DEV|18683|SQ100|TuTh|02:00pm|03:15pm|"McCollum,Heather R"
FCS 232|INDIV + FAM DEV|19038|SQ100|We|04:00pm|06:45pm|"Oliva,Juan C"
FCS 232|INDIV + FAM DEV|19414|SQ100|Th|04:00pm|06:45pm|"Matthews,Erin M"
FCS 234|CHILD FAM COMM|18684|SQ100|TuTh|11:00am|12:15pm|"Matthews,Erin M"
FCS 234|CHILD FAM COMM|20550|SQ101|MoWe|02:00pm|03:15pm|"Gray,Shelly L"
FCS 255|FASHION INDUSTRY|18685|SQ101|We|03:30pm|06:15pm|"Cho,Hira"
FCS 255|FASHION INDUSTRY|18906|SQ101|Tu|04:00pm|06:45pm|"Cho,Hira"
FCS 271|APPAREL ANALYSIS|18686|SQ241|Tu|10:00am|11:40am|"Warren,Shirley T"
FCS 271L|APPAREL ANYLS LAB|18687|SQ241|Th|10:00am|11:40am|"Warren,Shirley T"
FCS 300|FAM COMM SERVCS|18894|SQ102|We|07:00pm|09:45pm|"Oliva,Juan C"
FCS 301|FOOD SCIENCE TECH|19621|SQ102|Tu|09:30am|10:45am|"Fajardo-Lira,Claudia E"
FCS 302|FD PROD DEV & QA|18689|SQ112|Tu|09:45am|12:50pm|"Garcia-Torres,Rosalia"
FCS 302|FD PROD DEV & QA|19622|SQ112|Th|09:45am|12:50pm|"Garcia-Torres,Rosalia"
FCS 304|FDSV PROD|19021|JD2522|Fr|08:00am|09:40am|"Ellis,Julie L"
FCS 307|ADV NUTR MACRO|18690|SQ109|TuTh|11:00am|12:15pm|"Torabian-Riasati,Setareh"
FCS 307|ADV NUTR MACRO|19597|TBA|TBA|TBA|TBA|Staff
FCS 308|ADV NUTR MICRO|19030|JR117|MoWe|11:00am|12:15pm|"McKay,Ava Lara"
FCS 311|INTERIOR DES II|18941|SQ201|MoWe|08:00am|10:45am|"Kohn,Rodica R"
FCS 314|BLDG CDS SYS DET|18916|SQ201|Mo|11:00am|12:40pm|"Kohn,Rodica R"
FCS 314L|BLD CDS SYS LAB|18917|SQ201|We|11:00am|01:45pm|"Kohn,Rodica R"
FCS 315|ISSUES IN HOUSING|19388|SQ100|MoWe|02:00pm|03:15pm|"Yang,Yali"
FCS 316|PRES TECH ID|18995|SQ246|Fr|09:30am|12:15pm|"Ghamari,Hessam"
FCS 320|FAM RES MGT|18691|SQ100|TuTh|09:30am|10:45am|"Yang,Yali"
FCS 320|FAM RES MGT|18692|SQ100|Fr|11:00am|12:15pm|"Schlesinger,Cynthia E"
FCS 320|FAM RES MGT|19039|ONLINE|TBA|TBA|TBA|"Mimura,Yoko"
FCS 321|CNTP ISS FDS/NUTR|18693|SQ246|Th|08:00am|08:50am|"McKay,Ava Lara"
FCS 321L|CNTP FDS/NUTR LAB|18694|SQ246|Th|09:00am|11:45am|"McKay,Ava Lara"
FCS 321L|CNTP FDS/NUTR LAB|19023|TBA|TBA|TBA|TBA|Staff
FCS 323|FAM IN MONEY MNGT|18695|ONLINE|TBA|TBA|TBA|"Bradley,Linda A"
FCS 323|FAM IN MONEY MNGT|19276|SQ100|Tu|04:00pm|06:45pm|"Bradley,Linda A"
FCS 323|FAM IN MONEY MNGT|19529|SH384|We|04:00pm|06:45pm|"Bradley,Linda A"
FCS 324|CONSUMER RIGHTS|18767|SQ101|TuTh|11:00am|12:15pm|"Lewis-Goldstein,Diane E"
FCS 324|CONSUMER RIGHTS|18768|ONLINE|TBA|TBA|TBA|"Bradley,Linda A"
FCS 330|CHILD GRWTH DEV I|18770|SQ100|MoWe|11:00am|12:15pm|"Keating,Liza V"
FCS 330|CHILD GRWTH DEV I|18771|SQ100|MoWe|12:30pm|01:45pm|"Keating,Liza V"
FCS 330|CHILD GRWTH DEV I|19415|SQ100|Fr|08:00am|10:45am|"Gray,Shelly L"
FCS 335|PRENATAL INF DEV|18772|JR118|MoWe|08:00am|09:15am|"Keating,Liza V"
FCS 340|MARRIAGE FAM REL|18774|SQ104|MoWe|09:30am|10:45am|"Williams,Scott M"
FCS 340|MARRIAGE FAM REL|19277|SQ101|Mo|07:00pm|09:45pm|"Oliva,Juan C"
FCS 340|MARRIAGE FAM REL|19418|JA100|TuTh|09:30am|10:45am|"McCollum,Heather R"
FCS 340|MARRIAGE FAM REL|19419|JA100|TuTh|11:00am|12:15pm|"Jefferson,Sean"
FCS 340|MARRIAGE FAM REL|19542|SQ101|Fr|11:00am|01:45pm|"Gray,Shelly L"
FCS 340|MARRIAGE FAM REL|19544|ONLINE|TBA|TBA|TBA|"Krishnan,Uma Devi"
FCS 340|MARRIAGE FAM REL|19545|ONLINE|TBA|TBA|TBA|"McCollum,Heather R"
FCS 352|HIST TEXT+APPRL|19149|ONLINE|TBA|TBA|TBA|"Cao,Wei"
FCS 353|APPRL + HUMN BEHV|18775|ONLINE|TBA|TBA|TBA|"Kim,Jongeun 'JK'"
FCS 356|ANLYS EVAL AP QUA|18984|SQ241|Th|12:30pm|02:10pm|"Warren,Shirley T"
FCS 356L|EVAL AP QUAL LAB|18985|SQ241|Th|02:15pm|03:55pm|"Warren,Shirley T"
FCS 360|TEXTILES|18776|JD2524|We|04:00pm|05:40pm|"Cao,Wei"
FCS 360L|TEXTILES LAB|18777|SQ230|We|09:30am|12:15pm|"Cao,Wei"
FCS 360L|TEXTILES LAB|18778|SQ230|We|12:45pm|03:30pm|"Cao,Wei"
FCS 380|FCS/FOUND + RES|18779|SQ101|MoWe|11:00am|12:15pm|"Matthews,Erin M"
FCS 380|FCS/FOUND + RES|18780|SQ101|MoWe|12:30pm|01:45pm|"Yang,Yali"
FCS 380|FCS/FOUND + RES|18781|SQ102|TuTh|02:00pm|03:15pm|"Lewis-Goldstein,Diane E"
FCS 380|FCS/FOUND + RES|19040|SQ102|Fr|08:00am|10:45am|"Matthews,Erin M"
FCS 402|MED NUT THPY I|19070|SH342|TuTh|09:30am|10:45am|"Herman,Dena R"
FCS 403|MED NUT THPY II|19134|SQ109|TuTh|09:30am|10:45am|"Torabian-Riasati,Setareh"
FCS 404|FDSVC SYM MGT|19059|SQ109|Fr|11:00am|12:40pm|"Ellis,Julie L"
FCS 404L|FDSVS SYS MGT LAB|19060|SQ109|Fr|01:00pm|03:45pm|"Ellis,Julie L"
FCS 408|COMMUNITY NUTR|19005|SQ101|TuTh|02:00pm|03:15pm|"Duran,Nelida"
FCS 410|HIST INT ARCH II|19534|ONLINE|TBA|TBA|TBA|"Zhukova,Tatyana"
FCS 411|INTERIOR DSN III|18996|SQ215|TuTh|02:00pm|04:45pm|"Berger,Roxane I"
FCS 412|ORG INTR DSGN PRC|18782|SQ102|Th|09:30am|10:45am|"Ghamari,Hessam"
FCS 414|SR COMP ID STUDIO|19027|SQ215|TuTh|08:00am|12:05pm|"King,Kristin"
FCS 424|RESRCE MGMT ELDRY|18783|SQ100|Fr|12:30pm|01:45pm|"Mimura,Yoko"
FCS 426|ISS CONT FUT FAML|18889|SQ102|TuTh|08:00am|09:15am|"Matthews,Erin M"
FCS 428|CORP CONSUMER AFF|18920|SQ109|Mo|04:00pm|06:45pm|"Yang,Yali"
FCS 431|CHLD FAM ASSESSMNT|19025|BH313|Mo|04:00pm|06:45pm|"Keating,Liza V"
FCS 431L|CHLD FAM ASSMT LAB|18784|LS001|TBA|TBA|TBA|"Dunlap,Christa C"
FCS 432|FAMILY THEORIES|19026|SQ102|TuTh|11:00am|12:15pm|"Krishnan,Uma Devi"
FCS 432|FAMILY THEORIES|19422|ONLINE|TBA|TBA|TBA|"Krishnan,Uma Devi"
FCS 436|PARENT DEVELOPMNT|19028|SQ100|Th|07:00pm|09:45pm|"Gray,Shelly L"
FCS 438|ADOL IN FAM CONTEXT|19193|SQ103|TuTh|02:00pm|03:15pm|"Williams,Scott M"
FCS 441|HUMAN SEXUALITY|19537|SQ101|TuTh|09:30am|10:45am|"Williams,Scott M"
FCS 453|FASHION VMD|19428|ONLINE|TBA|TBA|TBA|"Cho,Hira"
FCS 453L|FASHION VMD LAB|19429|SQ241|We|12:30pm|02:10pm|"Cho,Hira"
FCS 455|FASHION MERCH|18938|ONLINE|TBA|TBA|TBA|"Cho,Hira"
FCS 455L|FASHION MRCH LAB|18939|SQ246|Tu|02:00pm|03:40pm|"Cho,Hira"
FCS 460|TEX PRODUCT ANLYS|19194|SQ230|Tu|09:00am|10:40am|"Cao,Wei"
FCS 460L|TEX PRODUCT LAB|19195|SQ230|Tu|10:50am|12:30pm|"Cao,Wei"
FCS 471|APP DES DRAPING|18857|SQ241|Mo|09:00am|10:40am|"Kim,Jongeun 'JK'"
FCS 471L|APP DES DRAP LAB|18858|SQ241|Mo|10:45am|01:30pm|"Kim,Jongeun 'JK'"
FCS 472|APPAREL DSGN: CAD|18918|SQ246|Tu|04:00pm|05:40pm|"Boyadzhyan,Marine"
FCS 472L|APPRL DSN:CAD LAB|18919|SQ246|Tu|06:00pm|08:45pm|"Boyadzhyan,Marine"
FCS 480|HELPING PROFESSNAL|18976|SQ101|Mo|04:00pm|06:45pm|"Williams,Scott M"
FCS 480|HELPING PROFESSNAL|19135|SQ109|Fr|08:00am|10:45am|"Brusasco,Joyce Marie"
FCS 485|FAMILY RESILIENCY|18895|SQ102|Tu|04:00pm|06:45pm|"Brusasco,Joyce Marie"
FCS 491A|FCS PROJECTS|19161|LS001|TBA|TBA|TBA|"Dunlap,Christa C"
FCS 491B|FCS PROJECTS|19162|LS001|TBA|TBA|TBA|"Dunlap,Christa C"
FCS 491C|FCS PROJECTS|19163|LS001|TBA|TBA|TBA|"Dunlap,Christa C"
FCS 494|ACAD INTERNSHIP|19321|SQ134|Tu|02:00pm|03:45pm|"Fajardo-Lira,Claudia E"
FCS 494|ACAD INTERNSHIP|19322|SQ210|Mo|07:00pm|07:50pm|"Lewis-Goldstein,Diane E"
FCS 494|ACAD INTERNSHIP|19323|AK238|We|09:30am|11:10am|"Duran,Nelida"
FCS 494|ACAD INTERNSHIP|19324|SQ210|Fr|12:00pm|01:50pm|"Warren,Shirley T"
FCS 494|ACAD INTERNSHIP|19485|SQ210|Th|12:30pm|01:45pm|"Krishnan,Uma Devi"
FCS 494|ACAD INTERNSHIP|19551|TBA|TBA|TBA|TBA|Staff
FCS 494I|ACAD INTERNSHIACT|19326|OFFCAM|TBA|TBA|TBA|"Fajardo-Lira,Claudia E"
FCS 494I|ACAD INTERNSHIACT|19327|OFFCAM|TBA|TBA|TBA|"Lewis-Goldstein,Diane E"
FCS 494I|ACAD INTERNSHIACT|19328|OFFCAM|TBA|TBA|TBA|"Duran,Nelida"
FCS 494I|ACAD INTERNSHIACT|19329|OFFCAM|TBA|TBA|TBA|"Warren,Shirley T"
FCS 494I|ACAD INTERNSHIACT|19486|OFFCAM|TBA|TBA|TBA|"Krishnan,Uma Devi"
FCS 494I|ACAD INTERNSHIACT|19552|TBA|TBA|TBA|TBA|Staff
FCS 505|NUTR + DRUG INTER|19024|SH302|Tu|07:00pm|09:45pm|"Pouldar,Roya R"
FCS 542|THEORIES FAM DEV|18865|ONLINE|TBA|TBA|TBA|"Brusasco,Joyce Marie"
FCS 570|PRACT NUTR THER|19734|OFFCAM|TBA|TBA|TBA|"Ovsepyan,Karmen"
FCS 571|PRAC FDSERV SYS MGT|19735|OFFCAM|TBA|TBA|TBA|"Ovsepyan,Karmen"
FCS 572|PRAC COMM DIETET|19736|OFFCAM|TBA|TBA|TBA|"Besnilian,Annette A"
FCS 573|SEM DIET INTERNS|19080|SQ112|MoWe|08:00am|09:15am|"Ovsepyan,Karmen"
FCS 606|VIT & MIN METAB|19006|ONLINE|TBA|TBA|TBA|"Sussman,Elizabeth"
FCS 608|SPORTS NUTR|19007|TBA|TBA|TBA|TBA|Staff
FCS 609|NTR GENES|19972|SQ109|Th|06:00pm|08:45pm|"Duran,Nelida"
FCS 681|RESEARCH METHODS|18866|SQ112|We|07:00pm|09:45pm|"Jefferson,Sean"
FCS 690J|FAM REL|19389|ONLINE|TBA|TBA|TBA|"Hatkoff,Terry S"
FCS 696C|DIR GRAD RESEARCH|18869|TBA|TBA|TBA|TBA|"Cho,Hira"
FCS 696C|DIR GRAD RESEARCH|18870|TBA|TBA|TBA|TBA|"Duran,Nelida"
FCS 696C|DIR GRAD RESEARCH|18871|TBA|TBA|TBA|TBA|"Kim,Jongeun 'JK'"
FCS 696C|DIR GRAD RESEARCH|18872|TBA|TBA|TBA|TBA|"Besnilian,Annette A"
FCS 696C|DIR GRAD RESEARCH|18873|TBA|TBA|TBA|TBA|"Mimura,Yoko"
FCS 696C|DIR GRAD RESEARCH|18874|TBA|TBA|TBA|TBA|"Herman,Dena R"
FCS 697C|DIR COMP STUDIES|19217|TBA|TBA|TBA|TBA|"Mimura,Yoko"
FCS 698C|THESIS|18879|TBA|TBA|TBA|TBA|"Cho,Hira"
FCS 698C|THESIS|18880|TBA|TBA|TBA|TBA|"Duran,Nelida"
FCS 698C|THESIS|18881|TBA|TBA|TBA|TBA|"Herman,Dena R"
FCS 698C|THESIS|18882|TBA|TBA|TBA|TBA|"Cao,Wei"
FCS 698C|THESIS|18883|TBA|TBA|TBA|TBA|"Tung,Tracie"
