FIN 102|FINANCIAL LITER|13805|BB1119|We|11:00am|12:15pm|"Game,Shannah"
FIN 102|FINANCIAL LITER|13806|BB1117|Tu|03:30pm|04:45pm|"Game,Shannah"
FIN 302|PERSONAL FINANCE|13569|ONLINE|TBA|TBA|TBA|"Phillips,Michael"
FIN 302|PERSONAL FINANCE|13694|ONLINE|TBA|TBA|TBA|"Phillips,Michael"
FIN 302|PERSONAL FINANCE|13782|ONLINE|TBA|TBA|TBA|"Game,Shannah"
FIN 302|PERSONAL FINANCE|13797|BB1119|Mo|03:30pm|06:15pm|"Russell,David T"
FIN 302|PERSONAL FINANCE|13835|BB1228|MoWe|11:00am|12:15pm|"Wei,Siqi"
FIN 302|PERSONAL FINANCE|13837|NA101|Tu|07:00pm|09:45pm|"Gurtovoy,Jason Mark"
FIN 303|FINANCIAL MGMT|13403|JA100|Fr|02:00pm|04:45pm|"Voleti,Srinivasan"
FIN 303|FINANCIAL MGMT|13494|NA101|Tu|11:00am|12:15pm|"Dow,James P"
FIN 303|FINANCIAL MGMT|13501|NA101|Fr|11:00am|01:45pm|"Covrig,Vicentiu M"
FIN 303|FINANCIAL MGMT|13512|NA101|Th|11:00am|12:15pm|"Chiu,Hsin-Hui"
FIN 303|FINANCIAL MGMT|13513|ONLINE|TBA|TBA|TBA|"Beck,Kristine L"
FIN 303|FINANCIAL MGMT|13759|ONLINE|TBA|TBA|TBA|"Beck,Kristine L"
FIN 303|FINANCIAL MGMT|13767|NA101|We|04:00pm|06:45pm|"Avery,Wesley H"
FIN 303BH|FINANCIAL MGMT|13802|BB1228|TuTh|11:00am|12:15pm|"Yun,Jiyeon"
FIN 336|PRIN OF INSURANCE|13404|JA100|Mo|07:00pm|09:45pm|"Russell,David T"
FIN 336|PRIN OF INSURANCE|13966|BB1228|We|12:30pm|01:45pm|"Chang,Mu-Sheng"
FIN 336|PRIN OF INSURANCE|20402|BB1228|Fr|11:00am|12:15pm|"Chang,Mu-Sheng"
FIN 352|INVESTMENT MGT|13406|BB1238|TuTh|02:00pm|03:15pm|"Chong,James T"
FIN 352|INVESTMENT MGT|13407|BB2228|Fr|11:00am|01:45pm|"Dow,James P"
FIN 352|INVESTMENT MGT|13473|BB2228|We|02:00pm|03:15pm|"Ross,Ryan J"
FIN 352|INVESTMENT MGT|13529|BB1133|Mo|05:00pm|06:15pm|"Bush Jr,Charles Edward"
FIN 352|INVESTMENT MGT|13760|BB1206|Tu|05:30pm|08:15pm|"Chong,James T"
FIN 355|CORP FINANCE|13409|BB2228|MoWe|12:30pm|01:45pm|"Wei,Siqi"
FIN 355|CORP FINANCE|13410|BB1117|Mo|03:30pm|06:15pm|"Ross,Ryan J"
FIN 355|CORP FINANCE|13411|BB1129|Fr|11:00am|01:45pm|"Chiu,Hsin-Hui"
FIN 355|CORP FINANCE|13412|BB1131|We|07:00pm|09:45pm|"Milligan,Michael George"
FIN 359|QUANT FINANCE|13799|BB2228|TuTh|12:30pm|01:45pm|"Chong,James T"
FIN 359|QUANT FINANCE|13924|BB2228|Mo|07:00pm|09:45pm|"Bush Jr,Charles Edward"
FIN 430|INTERNTL FIN MGMT|13526|BB2228|Fr|06:00pm|08:45pm|"Voleti,Srinivasan"
FIN 431|RISK MANAGEMENT|13570|BB1119|TuTh|02:00pm|03:15pm|"Yun,Jiyeon"
FIN 434|LIFE & HEALTH INS|13762|BB2228|Fr|02:00pm|04:45pm|"Chang,Mu-Sheng"
FIN 436|FUTURES + OPTIONS|13630|BB1212|Tu|07:00pm|09:45pm|"Rosenthal,Richard A"
FIN 438|MGMT FIN INSTITUT|13530|BB1131|Th|07:00pm|09:45pm|"Rosenthal,Richard A"
FIN 440|RETIRE & BENEFITS|13812|BB2228|Th|07:00pm|09:45pm|"Castle,Misty H"
FIN 442|FIN PLANNING|13544|BB2228|We|07:00pm|09:45pm|"Castle,Misty H"
FIN 446|TAX & ESTATE PLAN|13917|BB1133|Mo|07:00pm|09:45pm|"Newhouse,Scott"
FIN 452|INVESTMENT ANLY|13800|BB2228|TuTh|11:00am|12:15pm|"Beck,Kristine L"
FIN 455|BUSINESS VAL|13763|BB1228|Mo|07:00pm|09:45pm|"Ross,Ryan J"
FIN 462|FIXED INCOME|13840|BB2228|TuTh|02:00pm|03:15pm|"Rosenthal,Richard A"
FIN 491ABH|SEMINAR FIN ANLY|13935|BB2228|Tu|05:30pm|08:15pm|"Phillips,Michael"
FIN 491BBH|SEMINAR FIN ANLY|13940|TBA|TBA|TBA|TBA|Staff
FIN 495A|SEMINAR INSURANCE|13936|BB1206|We|03:30pm|06:15pm|"Russell,David T"
FIN 635|CORPORATE FINANCE|13413|BB1228|We|07:00pm|09:45pm|"Rosenthal,Richard A"
FIN 638|MBA PORTFOLIO MGT|13695|BB1206|We|07:00pm|09:45pm|"Covrig,Vicentiu M"
FIN 699|INDEPENDENT STUDY|13505|TBA|TBA|TBA|TBA|"Zhou,Zhong-Guo"
