GEOG 101|THE PHYSCL ENVIRN|12191|NH113|MoWe|08:00am|09:15am|"Laity,Julie E"
GEOG 101|THE PHYSCL ENVIRN|12995|SH120|TuTh|12:30pm|01:45pm|"Graves,Steven M"
GEOG 101|THE PHYSCL ENVIRN|13108|TBA|TBA|TBA|TBA|Staff
GEOG 101A|PHYSICAL ENVIRON|21162|SH160|TuTh|03:30pm|04:20pm|"Giraldo,Mario A"
GEOG 101AL|PHYSICAL ENVIRON|21163|SH170|Tu|04:30pm|06:10pm|"Seguerra,Jamie Christine"
GEOG 102|PHYSICAL GEOG LAB|13050|SH170|We|11:00am|12:40pm|"Tejeda,Jonathan I"
GEOG 102|PHYSICAL GEOG LAB|13053|SH170|Mo|02:00pm|03:40pm|"Seguerra,Jamie Christine"
GEOG 102|PHYSICAL GEOG LAB|13073|TBA|TBA|TBA|TBA|Staff
GEOG 102|PHYSICAL GEOG LAB|13074|SH170|Th|02:00pm|03:40pm|"DeVera III,Luis G"
GEOG 103|WEATHER|12322|TBA|TBA|TBA|TBA|Staff
GEOG 103|WEATHER|20405|SH120|TuTh|09:30am|10:45am|"Giraldo,Mario A"
GEOG 103A|WEATHER|21164|TBA|TBA|TBA|TBA|Staff
GEOG 103AL|WEATHER LAB|21165|TBA|TBA|TBA|TBA|Staff
GEOG 105|WEATHER LAB|13054|SH170|We|03:30pm|05:10pm|"Notto,Christopher A"
GEOG 105|WEATHER LAB|13055|TBA|TBA|TBA|TBA|Staff
GEOG 105|WEATHER LAB|20419|SH170|Th|11:00am|12:40pm|"Vasquez,Vanessa Crystal"
GEOG 107|INTRO HUMAN GEOG|12303|SQ104|TuTh|11:00am|12:15pm|"Graves,Steven M"
GEOG 107|INTRO HUMAN GEOG|12614|SH120|Fr|11:00am|01:45pm|"Sonksen,Karen D"
GEOG 107|INTRO HUMAN GEOG|20560|SH120|MoWe|09:30am|10:45am|"Sonksen,Karen D"
GEOG 150|WORLD GEOGRAPHY|12192|LO1219|TuTh|09:30am|10:45am|"Adhikari,Sanchayeeta"
GEOG 150|WORLD GEOGRAPHY|12193|SH120|MoWe|03:30pm|04:45pm|"Davidson,Ronald A"
GEOG 150|WORLD GEOGRAPHY|12687|SH120|Fr|08:00am|10:45am|"Adhikari,Sanchayeeta"
GEOG 150|WORLD GEOGRAPHY|13110|ONLINE|TBA|TBA|TBA|"Sun,Yifei"
GEOG 170|WATER RESOURCE CA|13080|SH166|MoWe|09:30am|10:45am|"Orme,Amalie J"
GEOG 206|INTRO GIS|12283|SH107|MoWe|09:30am|10:20am|"Drake,Luke P"
GEOG 206|INTRO GIS|12495|SH107|Th|05:00pm|06:40pm|"Maas,Regan M"
GEOG 206L|INTRO GIS LAB|13057|SH107|MoWe|10:20am|11:10am|"Gerlich,Gina Michelle"
GEOG 206L|INTRO GIS LAB|13058|SH107|Th|06:40pm|08:20pm|"Munoz Jr,Alejandro"
GEOG 300|THE GEOG CRAFT|12502|SH166|MoWe|11:00am|12:15pm|"Drake,Luke P"
GEOG 301|CULTURAL GEOG|12599|SH106|TuTh|03:30pm|04:45pm|"Davidson,Ronald A"
GEOG 305|MAPS AND GRAPHICS|12676|SH103|Mo|05:00pm|06:40pm|"Deis,David A"
GEOG 305L|MAPS + GRAPHCS LB|12677|SH103|Mo|06:40pm|08:20pm|"Deis,David A"
GEOG 306|INTERMEDIATE GIS|12288|TBA|TBA|TBA|TBA|Staff
GEOG 306|INTERMEDIATE GIS|13262|SH103|MoWe|11:00am|11:50am|"Boroushaki,Soheil"
GEOG 306|INTERMEDIATE GIS|20408|SH107|Tu|05:00pm|06:40pm|"Woods,Donald"
GEOG 306L|INTERMED GIS LAB|12289|TBA|TBA|TBA|TBA|Staff
GEOG 306L|INTERMED GIS LAB|13263|SH103|MoWe|11:50am|12:40pm|"Boroushaki,Soheil"
GEOG 306L|INTERMED GIS LAB|20409|SH107|Tu|06:40pm|08:20pm|"Woods,Donald"
GEOG 316|ENVIRON GEOG|12915|SH160|TuTh|11:00am|12:15pm|"Adhikari,Sanchayeeta"
GEOG 318|EUROPE|12916|ONLINE|TBA|TBA|TBA|"Vallade,Martine"
GEOG 321|UNITED STATES|12680|ONLINE|TBA|TBA|TBA|"Craine,James W"
GEOG 322|LATIN AMERICA|13067|ONLINE|TBA|TBA|TBA|"Baughn,Melissa L"
GEOG 324|CHINA|12681|SH160|TuTh|09:30am|10:45am|"Sun,Yifei"
GEOG 330|CALIFORNIA|12305|SH120|Fr|02:00pm|04:45pm|"Sonksen,Karen D"
GEOG 330|CALIFORNIA|20466|SH106|MoWe|09:30am|10:45am|"Davidson,Ronald A"
GEOG 334|GEOG OCEANIA|13114|SH106|TuTh|11:00am|12:15pm|"Drake,Luke P"
GEOG 340|ECON GEOG|12917|SH107|TuTh|09:30am|10:45am|"Graves,Steven M"
GEOG 364|GEOG ECOSYSTEMS|20515|TBA|TBA|TBA|TBA|Staff
GEOG 364L|GEOG ECOSYSTEMS|20516|TBA|TBA|TBA|TBA|Staff
GEOG 365|GEOMORPHOLOGY|12323|SH166|MoWe|08:00am|09:15am|"Orme,Amalie J"
GEOG 365L|GEOMORPHOL LAB|12324|SH170|Fr|08:00am|09:40am|"Orme,Amalie J"
GEOG 366|ENVIRON HAZARDS|13112|SH160|MoWe|09:30am|10:45am|"Laity,Julie E"
GEOG 366L|ENVIN HAZARDS LAB|13113|SH170|Mo|11:00am|12:40pm|"Hurst,Tracy A"
GEOG 370|WATER SOC ENV|20410|SH166|TuTh|02:00pm|03:15pm|"Giraldo,Mario A"
GEOG 404TC|FLD STD URBAN|20465|SH166|Fr|09:00am|02:00pm|"Giraldo,Mario A"
GEOG 406|ADVANCED GIS|12678|SH103|MoWe|02:00pm|02:50pm|"Boroushaki,Soheil"
GEOG 406L|ADVANCED GIS LAB|12679|SH103|MoWe|02:50pm|03:40pm|"Boroushaki,Soheil"
GEOG 408C|GIS PROJ MGMT|20414|TBA|TBA|TBA|TBA|Staff
GEOG 408CL|GIS PROJ MGMT LAB|20415|TBA|TBA|TBA|TBA|Staff
GEOG 460|SPATIAL ANALYSIS|12552|SH107|MoWe|12:30pm|01:20pm|"Sun,Yifei"
GEOG 460L|SPATL ANLYS LAB|12553|SH107|MoWe|01:20pm|02:10pm|"Sun,Yifei"
GEOG 467|ARID LDS GEOMORPH|20416|SH160|MoWe|11:00am|11:50am|"Laity,Julie E"
GEOG 467L|ARID LDS GEO LAB|20417|SH160|MoWe|11:50am|12:40pm|"Laity,Julie E"
GEOG 486|MEDICAL GEOG|13267|TBA|TBA|TBA|TBA|Staff
GEOG 490|SENIOR PROJECT|12195|SH166|Tu|03:30pm|06:00pm|"Maas,Regan M"
GEOG 494|INTERNSHIP|12260|SH130A|Fr|11:00am|01:45pm|"Laity,Julie E"
GEOG 497C|SENIOR SEMINAR|12988|TBA|TBA|TBA|TBA|Staff
GEOG 499A|INDEPENDENT STUDY|21168|TBA|TBA|TBA|TBA|"Adhikari,Sanchayeeta"
GEOG 499C|INDEPENDENT STUDY|12199|TBA|TBA|TBA|TBA|"Drake,Luke P"
GEOG 499C|INDEPENDENT STUDY|12209|TBA|TBA|TBA|TBA|Staff
GEOG 600|GEOG THOUGHT|12196|SH166|Tu|06:00pm|08:45pm|"Craine,James W"
GEOG 630C|SPECIAL TOPICS|20463|SH166|Sa|08:00am|10:45am|"Orme,Amalie J"
GEOG 630E|HUMAN IMPACT ENV|20418|SH130A|Th|05:00pm|07:45pm|"Adhikari,Sanchayeeta"
GEOG 650A|SPECIAL TOPICS|21349|TBA|TBA|TBA|TBA|"Davidson,Ronald A"
GEOG 690J|FOUND GIS|13121|SH103|We|06:00pm|08:45pm|"Boroushaki,Soheil"
GEOG 696|RESEARCH DESIGN|12539|SH103|Tu|06:00pm|08:45pm|"Sun,Yifei"
GEOG 698|THESIS|12203|TBA|TBA|TBA|TBA|"Maas,Regan M"
GEOG 698|THESIS|12237|TBA|TBA|TBA|TBA|Staff
GEOG 698|THESIS|12238|TBA|TBA|TBA|TBA|Staff
GEOG 699A|INDEPENDENT STUDY|21351|TBA|TBA|TBA|TBA|"Boroushaki,Soheil"
GEOG 699C|INDEPENDENT STUDY|12213|TBA|TBA|TBA|TBA|Staff
GEOG 699C|INDEPENDENT STUDY|12214|TBA|TBA|TBA|TBA|Staff
