GEOL 101,17306,ONLINE, ,TBA,TBA,"Savage,Karen L"
GEOL 101,17307,LO1231,MoWe,09:30am,10:45am,"Ganguli,Priya M."
GEOL 101,17309,LO1231,MoWe,11:00am,12:15pm,"Weeraratne,Dayanthie S"
GEOL 101,17308,CR5125,MoWe,03:30pm,04:45pm,"McBurnett,Paul L"
GEOL 101,17955,CR5122,TuTh,08:00am,09:15am,"Cecil,Mary R"
GEOL 102,17311,EH2221,Mo,08:00am,10:45am,"Dietel,Matthew C"
GEOL 102,17431,EH2221,Mo,11:00am,01:45pm,"Stone,David"
GEOL 102,17432,EH2221,Mo,02:00pm,04:45pm,"Schmitt,Erin"
GEOL 102,17453,EH2221,Mo,05:00pm,07:45pm,"Trammell,Cali"
GEOL 102,17454,EH2221,Tu,11:00am,01:45pm,"Trammell,Cali"
GEOL 102,17574,EH2221,Tu,02:00pm,04:45pm,"Franco,Alison Marie"
GEOL 102,17575,EH2221,Tu,05:00pm,07:45pm,"Page,Brandon"
GEOL 102,17576,EH2221,We,08:00am,10:45am,"Schmitt,Erin"
GEOL 102,17577,EH2221,We,11:00am,01:45pm,"Greenberg,Gillian"
GEOL 102,18042,EH2221,We,02:00pm,04:45pm,"Franco,Alison Marie"
GEOL 102,18043,EH2221,We,05:00pm,07:45pm,"Dietel,Matthew C"
GEOL 102,18219,EH2221,Th,11:00am,01:45pm,"Page,Brandon"
GEOL 102,18272,EH2221,Th,02:00pm,04:45pm,"Greenberg,Gillian"
GEOL 102,18273,EH2221,Th,05:00pm,07:45pm,"Stone,David"
GEOL 106LRS,17434,ONLINE, ,TBA,TBA,"Pavia,Jennifer A"
GEOL 106LRS,18086,ONLINE, ,TBA,TBA,"Pavia,Jennifer A"
GEOL 107,20491,ONLINE, ,TBA,TBA,"Lozos,Julian C"
GEOL 107,20493,ONLINE, ,TBA,TBA,"Lozos,Julian C"
GEOL 107,20495,ONLINE, ,TBA,TBA,"Lozos,Julian C"
GEOL 107,20497,ONLINE, ,TBA,TBA,"Lozos,Julian C"
GEOL 107L,20492,ONLINE, ,TBA,TBA,"Tavitian,Massis Agop"
GEOL 107L,20494,ONLINE, ,TBA,TBA,"Ghosh,Adit"
GEOL 107L,20496,ONLINE, ,TBA,TBA,"Ghosh,Adit"
GEOL 107L,20498,ONLINE, ,TBA,TBA,"Tavitian,Massis Agop"
GEOL 110,17313,LO1231,TuTh,12:30pm,01:45pm,"Huerta,Brittany E"
GEOL 112,17314,LO1205,Tu,02:00pm,04:45pm,"Jesmok,Gregory"
GEOL 112,17433,LO1205,Th,08:00am,10:45am,"Jesmok,Gregory"
GEOL 113,21051,LO1205,TuTh,11:00am,11:50am,"Huerta,Brittany E"
GEOL 122,18365,LO1219,TuTh,11:00am,12:15pm,"Savage,Karen L"
GEOL 122,20674,LO1219,TuTh,12:30pm,01:45pm,"Savage,Karen L"
GEOL 123,18366,LO1205,Tu,08:00am,10:45am,"Pardo,Justin"
GEOL 123,20675,LO1205,Th,02:00pm,04:45pm,"Pardo,Justin"
GEOL 300,17315,ONLINE, ,TBA,TBA,"Hauswirth,Scott"
GEOL 300,18156,LO1219,MoWe,09:30am,10:45am,"Hauswirth,Scott"
GEOL 300,18220,LO1219,MoWe,11:00am,12:15pm,"Hauswirth,Scott"
GEOL 300,20584,LO1219,TuTh,08:00am,09:15am,"Savage,Karen L"
GEOL 301,17317,ONLINE, ,TBA,TBA,"Hohn,Rachel A"
GEOL 301,18221,ONLINE, ,TBA,TBA,"Chong,Jeng Hann"
GEOL 301,21223,ONLINE, ,TBA,TBA,"Hohn,Rachel A"
GEOL 307,20487,LO1210,TuTh,11:00am,12:15pm,"Schwartz,Joshua J"
GEOL 307L,20488,LO1210,Th,02:00pm,04:45pm,"Schwartz,Joshua J"
GEOL 309,20489,LO1205,MoWe,12:30pm,01:45pm,"Weeraratne,Dayanthie S"
GEOL 309L,20490,LO1205,We,02:00pm,04:45pm,"Weeraratne,Dayanthie S"
GEOL 314,18270,LO1205,MoWe,11:00am,12:15pm,"Cotton,Jennifer M"
GEOL 314L,18271,LO1205,Mo,02:00pm,04:45pm,"Cotton,Jennifer M"
GEOL 406LRS,17435,LO1227,Mo,04:00pm,06:45pm,"Sloan,Hanah"
GEOL 406LRS,18199,LO1227,We,04:00pm,06:45pm,"Sloan,Hanah"
GEOL 490,18364,LO1212,We,05:00pm,07:45pm,"Hauswirth,Scott"
GEOL 497,17731,LO1221,We,02:00pm,02:50pm,"Cecil,Mary R"
GEOL 498,17369,TBA, ,TBA,TBA,"Cotton,Jennifer M"
GEOL 499A,17480,TBA, ,TBA,TBA,"Weeraratne,Dayanthie S"
GEOL 499A,17481,TBA, ,TBA,TBA,"Evans,Eileen L"
GEOL 536,20564,LO1210,TuTh,09:30am,10:45am,"Schwartz,Joshua J"
GEOL 536L,20565,LO1210,Tu,02:00pm,04:45pm,"Schwartz,Joshua J"
GEOL 590,17754,LO1221,We,01:00pm,01:50pm,"Cecil,Mary R"
GEOL 595GC,20680,LO1221,Th,02:00pm,04:45pm,"Cecil,Mary R"
GEOL 595U,20561,LO1212,MoWe,11:00am,12:15pm,"Ganguli,Priya M."
GEOL 595V,21228,LO1212,Mo,02:00pm,04:45pm,"Lozos,Julian C"
GEOL 694,17755,TBA, ,TBA,TBA,"Cecil,Mary R"
GEOL 696C,17444,TBA, ,TBA,TBA,"Cotton,Jennifer M"
GEOL 696C,17484,TBA, ,TBA,TBA,"Ganguli,Priya M."
GEOL 696C,17499,TBA, ,TBA,TBA,"Heermance,Richard V"
GEOL 698C,17485,TBA, ,TBA,TBA,"Cotton,Jennifer M"
GEOL 698C,17486,TBA, ,TBA,TBA,"Heermance,Richard V"
GEOL 699A,17440,TBA, ,TBA,TBA,"Cotton,Jennifer M"
GEOL 699A,17487,TBA, ,TBA,TBA,"Schwartz,Joshua J"
GEOL 699B,17490,TBA, ,TBA,TBA,"Marsaglia,Kathleen M"
GEOL 699C,17494,TBA, ,TBA,TBA,"Hauswirth,Scott"
