GEOL 101|GEOL PLANET EARTH|17306|ONLINE|TBA|TBA|TBA|"Savage,Karen L"
GEOL 101|GEOL PLANET EARTH|17307|LO1231|MoWe|09:30am|10:45am|"Ganguli,Priya M."
GEOL 101|GEOL PLANET EARTH|17309|LO1231|MoWe|11:00am|12:15pm|"Weeraratne,Dayanthie S"
GEOL 101|GEOL PLANET EARTH|17308|CR5125|MoWe|03:30pm|04:45pm|"McBurnett,Paul L"
GEOL 101|GEOL PLANET EARTH|17955|CR5122|TuTh|08:00am|09:15am|"Cecil,Mary R"
GEOL 102|GEOL PLNT ERTH L|17311|EH2221|Mo|08:00am|10:45am|"Dietel,Matthew C"
GEOL 102|GEOL PLNT ERTH L|17431|EH2221|Mo|11:00am|01:45pm|"Stone,David"
GEOL 102|GEOL PLNT ERTH L|17432|EH2221|Mo|02:00pm|04:45pm|"Schmitt,Erin"
GEOL 102|GEOL PLNT ERTH L|17453|EH2221|Mo|05:00pm|07:45pm|"Trammell,Cali"
GEOL 102|GEOL PLNT ERTH L|17454|EH2221|Tu|11:00am|01:45pm|"Trammell,Cali"
GEOL 102|GEOL PLNT ERTH L|17574|EH2221|Tu|02:00pm|04:45pm|"Franco,Alison Marie"
GEOL 102|GEOL PLNT ERTH L|17575|EH2221|Tu|05:00pm|07:45pm|"Page,Brandon"
GEOL 102|GEOL PLNT ERTH L|17576|EH2221|We|08:00am|10:45am|"Schmitt,Erin"
GEOL 102|GEOL PLNT ERTH L|17577|EH2221|We|11:00am|01:45pm|"Greenberg,Gillian"
GEOL 102|GEOL PLNT ERTH L|18042|EH2221|We|02:00pm|04:45pm|"Franco,Alison Marie"
GEOL 102|GEOL PLNT ERTH L|18043|EH2221|We|05:00pm|07:45pm|"Dietel,Matthew C"
GEOL 102|GEOL PLNT ERTH L|18219|EH2221|Th|11:00am|01:45pm|"Page,Brandon"
GEOL 102|GEOL PLNT ERTH L|18272|EH2221|Th|02:00pm|04:45pm|"Greenberg,Gillian"
GEOL 102|GEOL PLNT ERTH L|18273|EH2221|Th|05:00pm|07:45pm|"Stone,David"
GEOL 106LRS|EARTH SPACE SCI|17434|ONLINE|TBA|TBA|TBA|"Pavia,Jennifer A"
GEOL 106LRS|EARTH SPACE SCI|18086|ONLINE|TBA|TBA|TBA|"Pavia,Jennifer A"
GEOL 107|GEO HOLLYWOOD|20491|ONLINE|TBA|TBA|TBA|"Lozos,Julian C"
GEOL 107|GEO HOLLYWOOD|20493|ONLINE|TBA|TBA|TBA|"Lozos,Julian C"
GEOL 107|GEO HOLLYWOOD|20495|ONLINE|TBA|TBA|TBA|"Lozos,Julian C"
GEOL 107|GEO HOLLYWOOD|20497|ONLINE|TBA|TBA|TBA|"Lozos,Julian C"
GEOL 107L|GEO HOLLYWOOD LAB|20492|ONLINE|TBA|TBA|TBA|"Tavitian,Massis Agop"
GEOL 107L|GEO HOLLYWOOD LAB|20494|ONLINE|TBA|TBA|TBA|"Ghosh,Adit"
GEOL 107L|GEO HOLLYWOOD LAB|20496|ONLINE|TBA|TBA|TBA|"Ghosh,Adit"
GEOL 107L|GEO HOLLYWOOD LAB|20498|ONLINE|TBA|TBA|TBA|"Tavitian,Massis Agop"
GEOL 110|THE FOSSIL RECORD|17313|LO1231|TuTh|12:30pm|01:45pm|"Huerta,Brittany E"
GEOL 112|LIFE THR TIME LAB|17314|LO1205|Tu|02:00pm|04:45pm|"Jesmok,Gregory"
GEOL 112|LIFE THR TIME LAB|17433|LO1205|Th|08:00am|10:45am|"Jesmok,Gregory"
GEOL 113|LIFE THROUGH TIME|21051|LO1205|TuTh|11:00am|11:50am|"Huerta,Brittany E"
GEOL 122|THE WORLD OCEAN|18365|LO1219|TuTh|11:00am|12:15pm|"Savage,Karen L"
GEOL 122|THE WORLD OCEAN|20674|LO1219|TuTh|12:30pm|01:45pm|"Savage,Karen L"
GEOL 123|WORLD OCEAN LAB|18366|LO1205|Tu|08:00am|10:45am|"Pardo,Justin"
GEOL 123|WORLD OCEAN LAB|20675|LO1205|Th|02:00pm|04:45pm|"Pardo,Justin"
GEOL 300|ENVIRON GEOLOGY|17315|ONLINE|TBA|TBA|TBA|"Hauswirth,Scott"
GEOL 300|ENVIRON GEOLOGY|18156|LO1219|MoWe|09:30am|10:45am|"Hauswirth,Scott"
GEOL 300|ENVIRON GEOLOGY|18220|LO1219|MoWe|11:00am|12:15pm|"Hauswirth,Scott"
GEOL 300|ENVIRON GEOLOGY|20584|LO1219|TuTh|08:00am|09:15am|"Savage,Karen L"
GEOL 301|ENVIRON GEOL LAB|17317|ONLINE|TBA|TBA|TBA|"Hohn,Rachel A"
GEOL 301|ENVIRON GEOL LAB|18221|ONLINE|TBA|TBA|TBA|"Chong,Jeng Hann"
GEOL 301|ENVIRON GEOL LAB|21223|ONLINE|TBA|TBA|TBA|"Hohn,Rachel A"
GEOL 307|PETROLOGY|20487|LO1210|TuTh|11:00am|12:15pm|"Schwartz,Joshua J"
GEOL 307L|PETROLOGY LAB|20488|LO1210|Th|02:00pm|04:45pm|"Schwartz,Joshua J"
GEOL 309|TECTONICS|20489|LO1205|MoWe|12:30pm|01:45pm|"Weeraratne,Dayanthie S"
GEOL 309L|TECTONICS LAB|20490|LO1205|We|02:00pm|04:45pm|"Weeraratne,Dayanthie S"
GEOL 314|EARTH SYSTEMS|18270|LO1205|MoWe|11:00am|12:15pm|"Cotton,Jennifer M"
GEOL 314L|EARTH SYSTEMS LAB|18271|LO1205|Mo|02:00pm|04:45pm|"Cotton,Jennifer M"
GEOL 406LRS|SCI EXP CAPSTONE|17435|LO1227|Mo|04:00pm|06:45pm|"Sloan,Hanah"
GEOL 406LRS|SCI EXP CAPSTONE|18199|LO1227|We|04:00pm|06:45pm|"Sloan,Hanah"
GEOL 490|SENIOR CAPSTONE|18364|LO1212|We|05:00pm|07:45pm|"Hauswirth,Scott"
GEOL 497|RESEARCH DESIGN|17731|LO1221|We|02:00pm|02:50pm|"Cecil,Mary R"
GEOL 498|SENIOR THESIS|17369|TBA|TBA|TBA|TBA|"Cotton,Jennifer M"
GEOL 499A|INDEPENDENT STUDY|17480|TBA|TBA|TBA|TBA|"Weeraratne,Dayanthie S"
GEOL 499A|INDEPENDENT STUDY|17481|TBA|TBA|TBA|TBA|"Evans,Eileen L"
GEOL 536|IGNEOUS PETROLOGY|20564|LO1210|TuTh|09:30am|10:45am|"Schwartz,Joshua J"
GEOL 536L|IGNEOUS PETRO LAB|20565|LO1210|Tu|02:00pm|04:45pm|"Schwartz,Joshua J"
GEOL 590|LIT SEMINAR|17754|LO1221|We|01:00pm|01:50pm|"Cecil,Mary R"
GEOL 595GC|GEOCHRONOLOGY|20680|LO1221|Th|02:00pm|04:45pm|"Cecil,Mary R"
GEOL 595U|HYDROGEOCHEMISTRY|20561|LO1212|MoWe|11:00am|12:15pm|"Ganguli,Priya M."
GEOL 595V|GEOL EVOLUT CALIF|21228|LO1212|Mo|02:00pm|04:45pm|"Lozos,Julian C"
GEOL 694|GRAD RES DESIGN|17755|TBA|TBA|TBA|TBA|"Cecil,Mary R"
GEOL 696C|DIR GRAD RESEARCH|17444|TBA|TBA|TBA|TBA|"Cotton,Jennifer M"
GEOL 696C|DIR GRAD RESEARCH|17484|TBA|TBA|TBA|TBA|"Ganguli,Priya M."
GEOL 696C|DIR GRAD RESEARCH|17499|TBA|TBA|TBA|TBA|"Heermance,Richard V"
GEOL 698C|THESIS/GRAD PROJ|17485|TBA|TBA|TBA|TBA|"Cotton,Jennifer M"
GEOL 698C|THESIS/GRAD PROJ|17486|TBA|TBA|TBA|TBA|"Heermance,Richard V"
GEOL 699A|INDEPENDENT STUDY|17440|TBA|TBA|TBA|TBA|"Cotton,Jennifer M"
GEOL 699A|INDEPENDENT STUDY|17487|TBA|TBA|TBA|TBA|"Schwartz,Joshua J"
GEOL 699B|INDEPENDENT STUDY|17490|TBA|TBA|TBA|TBA|"Marsaglia,Kathleen M"
GEOL 699C|INDEPENDENT STUDY|17494|TBA|TBA|TBA|TBA|"Hauswirth,Scott"
