GWS 100|INTRO WOM STUDIES|14312|SH321|MoWe|08:00am|09:15am|"Basarudin,Azzarina"
GWS 100|INTRO WOM STUDIES|14313|JR134|MoWe|09:30am|10:45am|"Basarudin,Azzarina"
GWS 100|INTRO WOM STUDIES|14314|SH321|MoWe|02:00pm|03:15pm|"Basarudin,Azzarina"
GWS 100|INTRO WOM STUDIES|14315|SH321|Fr|11:00am|01:45pm|"Klein,Melanie C"
GWS 100|INTRO WOM STUDIES|14783|ONLINE|Th|04:00pm|06:45pm|"Cartier,Marie A"
GWS 100|INTRO WOM STUDIES|14858|JR134|Fr|08:00am|10:45am|"Klein,Melanie C"
GWS 100|INTRO WOM STUDIES|14957|SH265|TuTh|12:30pm|01:45pm|"Beyene,Tina"
GWS 100|INTRO WOM STUDIES|15015|JR134|TuTh|02:00pm|03:15pm|"Sindhoor,Aparna"
GWS 100|INTRO WOM STUDIES|15211|ONLINE|Mo|04:00pm|06:45pm|"Klein,Melanie C"
GWS 110|WOMENWORK&FAMILY|14316|JR134|Tu|09:30am|10:45am|"Berry,Jennifer L"
GWS 110|WOMENWORK&FAMILY|14436|JR134|Th|09:30am|10:45am|"Berry,Jennifer L"
GWS 110|WOMENWORK&FAMILY|14437|SH384|TuTh|12:30pm|01:45pm|"Kouri,Kristyan M"
GWS 110|WOMENWORK&FAMILY|14438|JR221|Fr|11:00am|01:45pm|"Singh,Gitanjali"
GWS 110|WOMENWORK&FAMILY|14696|ONLINE|MoWe|11:00am|12:15pm|"Singh,Gitanjali"
GWS 110|WOMENWORK&FAMILY|15096|JR302|TuTh|11:00am|12:15pm|"Kouri,Kristyan M"
GWS 110|WOMENWORK&FAMILY|15143|SH321|MoWe|09:30am|10:45am|"Singh,Gitanjali"
GWS 220|MEN & MASCULINITY|20586|JR330|MoWe|12:30pm|01:45pm|"Brown,Shira J"
GWS 300|WOM/AGNTS OF CHNG|14310|SH321|Th|02:00pm|03:15pm|"Philipose,Elizabeth"
GWS 300|WOM/AGNTS OF CHNG|14318|SH321|Tu|02:00pm|03:15pm|"Cartier,Marie A"
GWS 300|WOM/AGNTS OF CHNG|14319|ONLINE|Th|04:00pm|06:45pm|"Philipose,Elizabeth"
GWS 300|WOM/AGNTS OF CHNG|14320|SH102|MoWe|11:00am|12:15pm|"Sharif,Rana Adib"
GWS 300|WOM/AGNTS OF CHNG|14859|ONLINE|Mo|07:00pm|09:45pm|"Cartier,Marie A"
GWS 300|WOM/AGNTS OF CHNG|14860|ONLINE|We|04:00pm|06:45pm|"Tohidi,Nayereh E"
GWS 300|WOM/AGNTS OF CHNG|14960|SH384|TuTh|09:30am|10:45am|"Sharif,Rana Adib"
GWS 300|WOM/AGNTS OF CHNG|15262|ONLINE|We|07:00pm|09:45pm|"Klein,Melanie C"
GWS 300|WOM/AGNTS OF CHNG|21303|ONLINE|TuTh|12:30pm|01:45pm|"Philipose,Elizabeth"
GWS 301|FEMINIST THEORIES|15382|JR221|Th|04:00pm|06:45pm|"Beyene,Tina"
GWS 305|GWS CS SEMINAR|14444|JR221|We|04:00pm|04:50pm|"Lopez-Garza,Marta C"
GWS 305CS|WOMEN ST COM SERV|14439|JR221|We|05:00pm|06:45pm|"Lopez-Garza,Marta C"
GWS 340|WOMEN & GLOBAL DEV|20403|JR221|Tu|04:00pm|06:45pm|"Kyomugisha,Florence G"
GWS 351|GEN RACE CLAS SEX|15316|JR134|MoWe|02:00pm|03:15pm|"Bartlow,R Dianne"
GWS 351|GEN RACE CLAS SEX|15317|ONLINE|Mo|04:00pm|06:45pm|"Bartlow,R Dianne"
GWS 351|GEN RACE CLAS SEX|15318|ONLINE|We|04:00pm|06:45pm|"Bartlow,R Dianne"
GWS 351|GEN RACE CLAS SEX|15319|BB1234|Tu|12:30pm|01:45pm|"Cartier,Marie A"
GWS 351|GEN RACE CLAS SEX|15320|BB1234|Th|12:30pm|01:45pm|"Johnson,Briauna A"
GWS 370|WOMENANDVIOLENCE|15384|JR221|MoWe|11:00am|12:15pm|"Bartlow,R Dianne"
GWS 370|WOMENANDVIOLENCE|15466|SH314|TuTh|12:30pm|01:45pm|"Sharif,Rana Adib"
