HUM 101,15217,MZ112,Tu,11:00am,12:15pm,"Swenson,Patricia J"
HUM 101,15218,SH382,Th,11:00am,12:15pm,"Swenson,Patricia J"
HUM 101,15219,ONLINE, ,TBA,TBA,"Taylor,Nancy A"
HUM 101,15220,SH365,TuTh,03:30pm,04:45pm,"Boyer,Teresa S"
HUM 101,15221,ONLINE, ,TBA,TBA,"Beadle,Jon A"
HUM 101,15223,BB1230,TuTh,02:00pm,03:15pm,"Srmabekian,Gina A"
HUM 101,15224,SH108,TuTh,09:30am,10:45am,"Taylor,Nancy A"
HUM 101,15240,SH382,TuTh,12:30pm,01:45pm,"Boyer,Teresa S"
HUM 101,15283,EU133,MoWe,09:30am,10:45am,"Polk,Patrick A"
HUM 101,15284,JR243,MoWe,11:00am,12:15pm,"Barnhart,Eric S"
HUM 101,15285,JR202,MoWe,12:30pm,01:45pm,"Polk,Patrick A"
HUM 101,15286,EU133,MoWe,02:00pm,03:15pm,"Ditch,Corri C"
HUM 105,15226,EU133,TuTh,02:00pm,03:15pm,"Forman,Kurt R"
HUM 391,15228,JR214,Mo,04:00pm,06:45pm,"Walsh,Philip W"
HUM 391,15229,BB1232,TuTh,02:00pm,03:15pm,"Pessin,Sean Edward"
HUM 491,20621,JR217,We,04:00pm,06:45pm,"Howard,Krystal Jo"
