IS 212|IS FOR BIZ USERS|13979|LA181|Mo|07:00pm|08:15pm|"Eslami,Seyed Pouyan"
IS 212|IS FOR BIZ USERS|13983|BB1131|We|04:00pm|05:15pm|"Savin,Jerald M"
IS 212|IS FOR BIZ USERS|20524|NA101|Fr|02:00pm|03:15pm|"Liu,David"
IS 212|IS FOR BIZ USERS|20735|JR315|Mo|11:00am|12:15pm|"Miller,David W"
IS 212|IS FOR BIZ USERS|21258|BB1131|Mo|03:30pm|04:45pm|"Miller,David W"
IS 312|SYS&TECH FOR MGRS|13619|BB2212|MoWe|05:00pm|06:15pm|"Hu,Tao"
IS 312|SYS&TECH FOR MGRS|13620|BB2125|TuTh|11:00am|12:15pm|"Zhang,Yue"
IS 312|SYS&TECH FOR MGRS|13621|BB2212|TuTh|02:00pm|03:15pm|"Sharbaf,Mehrdad"
IS 312|SYS&TECH FOR MGRS|13622|JD1600|Fr|11:00am|01:45pm|"Primes,David M"
IS 312|SYS&TECH FOR MGRS|13623|BB2212|MoWe|02:00pm|03:15pm|"Zhang,Yue"
IS 312|SYS&TECH FOR MGRS|13624|BB2125|We|07:00pm|09:45pm|"Nguyen,Dat Dao"
IS 312|SYS&TECH FOR MGRS|13626|BB2212|Tu|07:00pm|09:45pm|"Hu,Tao"
IS 312|SYS&TECH FOR MGRS|13627|BB2212|Mo|07:00pm|09:45pm|"Hu,Tao"
IS 335|BLDG ENT. ARCHITECT|13533|TBA|TBA|TBA|TBA|Staff
IS 431|SYS ANALY & DESGN|13488|BB1117|TuTh|11:00am|12:15pm|"Nguyen,Dat Dao"
IS 431|SYS ANALY & DESGN|13907|BB1119|Th|07:00pm|09:45pm|"Nguyen,Dat Dao"
IS 431|SYS ANALY & DESGN|13958|JD1600|Mo|07:00pm|09:45pm|"Garlington,Christopher"
IS 435|BUS DATA COMMUN|13489|SG100|TuTh|09:30am|10:45am|"Ye,Richard"
IS 435|BUS DATA COMMUN|13906|BB1210|We|07:00pm|09:45pm|"Ye,Richard"
IS 441|DATABASE MGMT SYS|13490|BB1119|Mo|07:00pm|09:45pm|"Zhang,Yue"
IS 441|DATABASE MGMT SYS|13905|BB2125|TuTh|04:00pm|05:15pm|"Davoudian,Alen"
IS 451|ENT. SYS & PROJ MGMT|13523|BB1119|We|07:00pm|09:45pm|"Savin,Jerald M"
IS 457|ADV TELECOM NETWK|13635|BB1117|Th|07:00pm|09:45pm|"Ye,Richard"
IS 497B|INFO SEC &  ASSUR|13879|BB1117|Tu|07:00pm|09:45pm|"Sharbaf,Mehrdad"
IS 498B|FIELD ASSN+REPORTS-IS|13742|TBA|TBA|TBA|TBA|"Vedd,Rishma R"
IS 498C|FIELD ASSN+REPORTS-IS|13743|BB2204|Sa|09:45am|12:30pm|"Vedd,Rishma R"
IS 499A|INDEPENDENT STUDY|13744|TBA|TBA|TBA|TBA|"Vedd,Rishma R"
IS 499B|INDEPENDENT STUDY|13745|TBA|TBA|TBA|TBA|"Vedd,Rishma R"
IS 499C|INDEPENDENT STUDY|13746|TBA|TBA|TBA|TBA|"Liu,David"
IS 530|ACCT INFO SYSTEMS|13765|BB2125|Sa|09:00am|02:45pm|"Primes,David M"
IS 699C|INDEPENDENT STUDY|13475|TBA|TBA|TBA|TBA|"Vedd,Rishma R"
