JAPN 101|ELEM JAPN I|14072|EU132|MoWe|11:00am|12:40pm|"Takemori,Kanzo"
JAPN 101|ELEM JAPN I|14365|BB1206|TuTh|11:00am|12:40pm|"Huang,Junliang"
JAPN 101|ELEM JAPN I|14238|EU135|MoWe|01:00pm|02:40pm|"Takemori,Kanzo"
JAPN 101|ELEM JAPN I|15034|EU135|TuTh|09:00am|10:40am|"Langford,Drake"
JAPN 101|ELEM JAPN I|15089|EU135|TuTh|01:00pm|02:40pm|"Snyder,Wendy K"
JAPN 102|ELEM JAPN II|14790|JR316|TuTh|11:00am|12:40pm|"Langford,Drake"
JAPN 201|INTERMEDJAPN I|14359|EU135|TuTh|11:00am|12:40pm|"Snyder,Wendy K"
JAPN 300|ADV JAPN CONV|21136|JR316|MoWe|11:00am|12:15pm|"Langford,Drake"
