KIN 115A|ADAP THERA EX|18637|BC156|MoWe|11:00am|11:50am|"Brolsma,Donald J"
KIN 115A|ADAP THERA EX|18638|BC156|MoWe|01:00pm|01:50pm|"Parsons,Daniel P"
KIN 115A|ADAP THERA EX|18641|BC156|TuTh|10:00am|10:50am|"Hurtado,Ileana M"
KIN 115A|ADAP THERA EX|18642|BC156|TuTh|11:00am|11:50am|"Garcia,Liz"
KIN 115A|ADAP THERA EX|18659|BC156|TuTh|01:00pm|01:50pm|"Jung,Taeyou"
KIN 117|ADAP AQU EXERCISE|18720|BC126|MoWe|10:00am|10:50am|"Jara,Mai N"
KIN 117|ADAP AQU EXERCISE|18723|BC126|MoWe|05:30pm|06:20pm|"Parsons,Daniel P"
KIN 117|ADAP AQU EXERCISE|18724|BC126|TuTh|10:00am|10:50am|"Lim,Jae C"
KIN 117|ADAP AQU EXERCISE|18726|BC126|TuTh|01:00pm|01:50pm|"Acuna,Stephan Manuel"
KIN 117|ADAP AQU EXERCISE|18997|BC126|TuTh|05:30pm|06:20pm|"Brolsma,Donald J"
KIN 123A|ARCHERY|21042|NF0000|Fr|09:00am|10:40am|"Conner,Jason"
KIN 123A|ARCHERY|21043|NF0000|Fr|01:00pm|02:40pm|"Conner,Jason"
KIN 124A|BASKETBALL I|18643|RE160|MoWe|09:30am|10:20am|"Danbeli,Shaine K"
KIN 124A|BASKETBALL I|18644|RE160|MoWe|11:00am|11:50am|"Danbeli,Shaine K"
KIN 124A|BASKETBALL I|19042|RE160|TuTh|09:00am|09:50am|"Danbeli,Shaine K"
KIN 124A|BASKETBALL I|19475|RE160|Fr|11:00am|12:40pm|"Danbeli,Shaine K"
KIN 124A|BASKETBALL I|19982|RE160|TuTh|08:00am|08:50am|"Danbeli,Shaine K"
KIN 125A|FITNESS FOR LIFE|18645|FT0000|MoWe|09:30am|10:20am|"Vardanyan,Artur"
KIN 125A|FITNESS FOR LIFE|19291|FT0000|MoWe|11:00am|11:50am|"Vardanyan,Artur"
KIN 125A|FITNESS FOR LIFE|19315|FT0000|TuTh|08:30am|09:20am|"Holt,Jacob Lee"
KIN 125A|FITNESS FOR LIFE|19487|FT0000|TuTh|09:30am|10:20am|"Holt,Jacob Lee"
KIN 126A|STRENGTH TRAINING|18646|RE200|MoWe|07:30am|08:20am|"Morales I,Bryan A"
KIN 126A|STRENGTH TRAINING|18891|RE200|MoWe|08:30am|09:20am|"Morales I,Bryan A"
KIN 126A|STRENGTH TRAINING|18928|RE200|MoWe|09:30am|10:20am|"Morales I,Bryan A"
KIN 126A|STRENGTH TRAINING|19147|RE200|MoWe|11:00am|11:50am|"Lee,Christopher"
KIN 126A|STRENGTH TRAINING|19350|RE200|MoWe|12:00pm|12:50pm|"Martinez,Vincent Gregory Falcon"
KIN 128|FITNESS WALKING|19142|FT0000|TuTh|11:00am|11:50am|"Lopez Garcia,Gonzalo"
KIN 128|FITNESS WALKING|19292|FT0000|Fr|12:00pm|01:40pm|"Stoehr,Nicole Marcia"
KIN 128|FITNESS WALKING|19983|FT0000|MoWe|12:30pm|01:20pm|"Stoehr,Nicole Marcia"
KIN 128|FITNESS WALKING|19984|FT0000|TuTh|12:30pm|01:20pm|"Lopez Garcia,Gonzalo"
KIN 129A|RUNNING CONDION I|18647|FT0000|MoWe|08:00am|08:50am|"Park,Min S"
KIN 129A|RUNNING CONDION I|18648|FT0000|TuTh|07:30am|08:20am|"Lopez Garcia,Gonzalo"
KIN 129A|RUNNING CONDION I|19647|FT0000|Fr|08:00am|09:40am|"Raef,Jennifer M"
KIN 130A|KARATE I|18649|RE B1|MoWe|11:00am|11:50am|"Fujishima,Hiroyasu"
KIN 130A|KARATE I|18650|RE B1|We|04:00pm|05:40pm|"Fujishima,Hiroyasu"
KIN 131A|TAEKWONDO|18651|RE B1|MoWe|10:00am|10:50am|"Fujishima,Hiroyasu"
KIN 131A|TAEKWONDO|18652|RE B1|TuTh|11:00am|11:50am|"Fujishima,Hiroyasu"
KIN 132A|AIKIDO|18653|RE251|MoWe|12:00pm|12:50pm|"Komori,Timothy J"
KIN 132A|AIKIDO|18654|RE251|Fr|11:00am|12:40pm|"Komori,Timothy J"
KIN 133A|TAI CHI CH'UAN|18988|RE B1|Th|12:00pm|01:40pm|"Snyder,Susan D"
KIN 133A|TAI CHI CH'UAN|19488|RE B1|Fr|01:00pm|02:40pm|"Snyder,Susan D"
KIN 135A|AEROBIC DANCE I|18656|RE230|MoWe|11:00am|11:50am|"Burke,Erica Mina Roper"
KIN 135A|AEROBIC DANCE I|18657|RE230|TuTh|11:00am|11:50am|"Burke,Erica Mina Roper"
KIN 135A|AEROBIC DANCE I|18658|TBA|TBA|TBA|TBA|Staff
KIN 137A|DANCE BALLRM I|18661|RE230|Mo|07:00pm|08:40pm|"Eusanio,Jacqueline C"
KIN 137A|DANCE BALLRM I|18922|RE230|TuTh|08:00am|08:50am|"Eusanio,Jacqueline C"
KIN 137A|DANCE BALLRM I|19650|RE230|TuTh|09:00am|09:50am|"Eusanio,Jacqueline C"
KIN 139A|BALLET I|18662|RE292|Th|02:00pm|03:40pm|"DiVito,Joanne M"
KIN 139A|BALLET I|18663|RE292|Tu|02:00pm|03:40pm|"DiVito,Joanne M"
KIN 139B|BALLET II|18929|RE292|Fr|01:00pm|02:40pm|"Rosenthal,Bethana A"
KIN 141A|JAZZ DANCE I|18930|RE230|Tu|04:00pm|05:40pm|"Rosenthal,Bethana A"
KIN 141A|JAZZ DANCE I|18937|RE292|We|02:00pm|03:40pm|"Rosenthal,Bethana A"
KIN 141B|JAZZ DANCE II|19069|RE230|Th|02:00pm|03:40pm|"Rosenthal,Bethana A"
KIN 142A|DANCE LAT AM I|18989|RE292|Tu|06:00pm|07:40pm|"Rosenthal,Bethana A"
KIN 142A|DANCE LAT AM I|19794|RE292|MoWe|08:00am|08:50am|"Rosenthal,Bethana A"
KIN 142A|DANCE LAT AM I|19795|RE230|MoWe|09:00am|09:50am|"Eusanio,Jacqueline C"
KIN 142B|LATIN DANCE II|19237|RE292|MoWe|01:00pm|01:50pm|"Rosenthal,Bethana A"
KIN 143|URBAN STREET DANC|19001|RE230|Mo|04:00pm|05:40pm|"De Guzman,Liezel M"
KIN 143|URBAN STREET DANC|19002|RE230|Tu|02:00pm|03:40pm|"De Guzman,Liezel M"
KIN 143B|URBAN STREET DANCE II|20690|RE230|We|04:00pm|05:40pm|"De Guzman,Liezel M"
KIN 144A|DANCE MODERN I|18664|RE292|Mo|04:00pm|05:40pm|"Rosenthal,Bethana A"
KIN 144A|DANCE MODERN I|19796|RE230|MoWe|10:00am|10:50am|"De Guzman,Liezel M"
KIN 144A|DANCE MODERN I|19797|RE230|TuTh|10:00am|10:50am|"De Guzman,Liezel M"
KIN 147|PILATES|19143|RE B1|Fr|03:00pm|04:40pm|"Burke,Erica Mina Roper"
KIN 147|PILATES|19238|RE B1|Fr|11:00am|12:40pm|"Burke,Erica Mina Roper"
KIN 147|PILATES|19239|RE251|Fr|01:00pm|02:40pm|"Burke,Erica Mina Roper"
KIN 148|DANCE COND & SOM|19032|RE251|MoWe|10:00am|10:50am|"Hassenpflug,Wendy E"
KIN 149|YOGA|19043|RE B1|Mo|12:00pm|01:40pm|"Chua,Mary M"
KIN 149|YOGA|18766|RE B1|Mo|02:00pm|03:40pm|"Stoehr,Nicole Marcia"
KIN 149|YOGA|18862|RE B1|Mo|04:00pm|05:40pm|"LaMonica,Christine T"
KIN 149|YOGA|18863|RE B1|Tu|01:00pm|02:40pm|"Chua,Mary M"
KIN 149|YOGA|18864|RE251|Tu|03:00pm|04:40pm|"LaMonica,Christine T"
KIN 149|YOGA|18892|RE B1|We|12:00pm|01:40pm|"Hassenpflug,Wendy E"
KIN 149|YOGA|18907|RE B1|We|02:00pm|03:40pm|"Hassenpflug,Wendy E"
KIN 149|YOGA|18931|RE B1|Th|07:00pm|08:40pm|"Chua,Mary M"
KIN 149|YOGA|18908|RE B1|Th|03:00pm|04:40pm|"Chua,Mary M"
KIN 149|YOGA|18932|RE B1|Fr|09:00am|10:40am|"Hassenpflug,Wendy E"
KIN 149|YOGA|18933|TBA|TBA|TBA|TBA|Staff
KIN 149|YOGA|18934|RE B1|We|06:00pm|07:40pm|"Stoehr,Nicole Marcia"
KIN 149|YOGA|19499|RE251|Th|01:00pm|02:40pm|"Burke,Erica Mina Roper"
KIN 149|YOGA|19985|RE B1|Mo|06:00pm|07:40pm|"LaMonica,Christine T"
KIN 151A|PERSONAL DEFENSE|18666|RE B1|TuTh|09:30am|10:20am|"Fujishima,Hiroyasu"
KIN 151A|PERSONAL DEFENSE|18935|RE B1|Th|05:00pm|06:40pm|"Fujishima,Hiroyasu"
KIN 152A|SOCCER I|18667|NF0000|MoWe|11:00am|11:50am|"Hurtado,Ileana M"
KIN 152A|SOCCER I|19449|NF0000|MoWe|09:30am|10:20am|"Hurtado,Ileana M"
KIN 153|SEXUALASSAULTDEFW|19144|RE251|Mo|04:00pm|05:40pm|"Hassenpflug,Wendy E"
KIN 153|SEXUALASSAULTDEFW|19925|RE180|Mo|02:00pm|03:40pm|"Hassenpflug,Wendy E"
KIN 177A|SWIM NONSWIMMERS|18697|RESMPOOL|MoWe|09:30am|10:20am|"Berkel,Teri H"
KIN 178A|SWIMMING I|18700|RESMPOOL|TuTh|11:00am|11:50am|"Berkel,Teri H"
KIN 178A|SWIMMING I|18702|RESMPOOL|TuTh|12:30pm|01:20pm|"Berkel,Teri H"
KIN 178A|SWIMMING I|19489|RESMPOOL|MoWe|11:00am|11:50am|"Berkel,Teri H"
KIN 178A|SWIMMING I|19986|RESMPOOL|TuTh|01:30pm|02:20pm|"Berkel,Teri H"
KIN 179A|SWIMMING-CONDITON|18710|RELGPOOL|MoWe|12:30pm|01:20pm|"Francisco,Michael Ryan K"
KIN 179A|SWIMMING-CONDITON|19011|RELGPOOL|TuTh|09:30am|10:20am|"Francisco,Michael Ryan K"
KIN 179A|SWIMMING-CONDITON|19987|RELGPOOL|MoWe|08:00am|08:50am|"Berkel,Teri H"
KIN 185A|TENNIS I|18717|TN0000|MoWe|09:30am|10:20am|"De La Cruz,Robert D."
KIN 185A|TENNIS I|18718|TN0000|MoWe|11:00am|11:50am|"De La Cruz,Robert D."
KIN 185A|TENNIS I|19012|TN0000|TuTh|09:30am|10:20am|"De La Cruz,Robert D."
KIN 185A|TENNIS I|19450|TN0000|TuTh|11:00am|11:50am|"De La Cruz,Robert D."
KIN 185A|TENNIS I|19652|TN0000|Fr|09:00am|10:40am|"De La Cruz,Robert D."
KIN 185A|TENNIS I|19653|TN0000|Fr|11:00am|12:40pm|"De La Cruz,Robert D."
KIN 195A|VOLLEYBALL I|18719|RE160|Fr|09:00am|10:40am|"Khanlian,Tennie"
KIN 195A|VOLLEYBALL I|19476|RE160|TuTh|01:00pm|01:50pm|"Parasiliti,Shabnam Islam"
KIN 200|FOUND KINESIOLOGY|19044|SG109|Fr|11:00am|01:45pm|"Hassenpflug,Wendy E"
KIN 200|FOUND KINESIOLOGY|18968|RE159|TuTh|11:00am|12:15pm|"Loy,Steven F"
KIN 200|FOUND KINESIOLOGY|19184|SG109|Fr|08:00am|10:45am|"Weinstein,Aaron J"
KIN 200|FOUND KINESIOLOGY|19250|RE159|Fr|02:00pm|04:45pm|"Garcia,Liz"
KIN 200|FOUND KINESIOLOGY|19359|RE159|MoWe|11:00am|12:15pm|"Loy,Steven F"
KIN 236|INTRO CHOREOGRAPH|18728|RE292|Mo|11:00am|12:40pm|"Rosenblatt,Evan R"
KIN 236L|INT CHOREOGRAPH L|18729|RE292|We|11:00am|12:40pm|"Rosenblatt,Evan R"
KIN 242|MV FORM BSC DANCE|18730|RE230|MoWe|08:00am|08:50am|"Eusanio,Jacqueline C"
KIN 273|ALYAPP GAMES|19311|RE160|Tu|10:00am|11:40am|"Stillwell,Belinda E"
KIN 273L|GAMESPTLAB|19312|RE160|Th|10:00am|11:45am|"Stillwell,Belinda E"
KIN 300|FD ANALYSIS HMVMT|19340|RE155|Fr|08:00am|10:45am|"Hope,Allen S"
KIN 300|FD ANALYSIS HMVMT|19341|RE157|We|04:00pm|06:45pm|"Hope,Allen S"
KIN 300|FD ANALYSIS HMVMT|19342|RE157|TuTh|09:30am|10:45am|"Jalilvand Tehrani,Farzad"
KIN 300|FD ANALYSIS HMVMT|19343|JD1553|TuTh|11:00am|12:15pm|"Khachatryan,Nvard"
KIN 300|FD ANALYSIS HMVMT|19344|RE157|TuTh|12:30pm|01:45pm|"Jalilvand Tehrani,Farzad"
KIN 300|FD ANALYSIS HMVMT|19367|RE157|MoWe|08:00am|09:15am|"Khachatryan,Nvard"
KIN 300|FD ANALYSIS HMVMT|19559|RE159|MoWe|09:30am|10:45am|"Mcclain,Christopher S"
KIN 303|SPORTMGT|20691|ONLINE|TBA|TBA|TBA|"Hatcher,Kevin"
KIN 304|DANCE AND CHILD|19926|RE251|We|01:00pm|03:45pm|"Sweeting,Terry L"
KIN 305|HIST PHIL KIN|18732|SQ104|We|04:00pm|06:45pm|"Linden,Andrew"
KIN 305|HIST PHIL KIN|19003|RE157|TuTh|11:00am|12:15pm|"Kioussis,George N"
KIN 305|HIST PHIL KIN|19453|ONLINE|TBA|TBA|TBA|"Jonsrud,Jarrod"
KIN 305|HIST PHIL KIN|19454|SQ109|TuTh|12:30pm|01:45pm|"Kioussis,George N"
KIN 305|HIST PHIL KIN|19455|ONLINE|TBA|TBA|TBA|"McLaughlin,Douglas W"
KIN 305|HIST PHIL KIN|19474|ONLINE|TBA|TBA|TBA|"Jonsrud,Jarrod"
KIN 306|SOC PSY PHYS ACT|18733|SQ104|Fr|08:00am|10:45am|"Samson,Ashley A"
KIN 306|SOC PSY PHYS ACT|19313|RE155|Fr|11:00am|01:45pm|"Jenson,Jacob"
KIN 306|SOC PSY PHYS ACT|19456|RE157|MoWe|12:30pm|01:45pm|"Weinstein,Aaron J"
KIN 306|SOC PSY PHYS ACT|19490|RE104|MoWe|11:00am|12:15pm|"Weinstein,Aaron J"
KIN 306|SOC PSY PHYS ACT|19591|ONLINE|TBA|TBA|TBA|"Jenson,Jacob"
KIN 310|VISUALZTN + SPORT|18900|ONLINE|TBA|TBA|TBA|"Galli,Nick A"
KIN 310|VISUALZTN + SPORT|19654|ONLINE|TBA|TBA|TBA|"Galli,Nick A"
KIN 311|ADP TH EX PR APP|18735|BC140|MoWe|09:00am|09:50am|"Jara,Mai N"
KIN 311|ADP TH EX PR APP|18736|BC140|TuTh|08:00am|08:50am|"Lim,Jae C"
KIN 311|ADP TH EX PR APP|18982|BC140|TuTh|12:00pm|12:50pm|"Jung,Taeyou"
KIN 311|ADP TH EX PR APP|19457|BC140|TuTh|03:00pm|03:50pm|"Garcia,Liz"
KIN 311|ADP TH EX PR APP|19560|BC140|MoWe|03:00pm|03:50pm|"Hurtado,Ileana M"
KIN 311|ADP TH EX PR APP|19843|BC126|MoWe|12:00pm|12:50pm|"Jung,Taeyou"
KIN 311L|ADP TH EX P A LAB|18737|TBA|TBA|TBA|TBA|"Jara,Mai N"
KIN 311L|ADP TH EX P A LAB|18738|TBA|TBA|TBA|TBA|"Lim,Jae C"
KIN 311L|ADP TH EX P A LAB|18983|TBA|TBA|TBA|TBA|"Jung,Taeyou"
KIN 311L|ADP TH EX P A LAB|19458|TBA|TBA|TBA|TBA|"Todd,Teri A"
KIN 311L|ADP TH EX P A LAB|19561|TBA|TBA|TBA|TBA|"Garcia,Liz"
KIN 311L|ADP TH EX P A LAB|19844|TBA|TBA|TBA|TBA|"Jung,Taeyou"
KIN 313|ADA/THER AQUATICS|19295|BC140|MoWe|12:00pm|12:50pm|"Todd,Teri A"
KIN 313|ADA/THER AQUATICS|18750|BC140|TuTh|09:00am|09:50am|"Lim,Jae C"
KIN 313|ADA/THER AQUATICS|19061|BC140|MoWe|08:00am|08:50am|"Jara,Mai N"
KIN 313|ADA/THER AQUATICS|19459|BC126|MoWe|03:30pm|04:20pm|"Parsons,Daniel P"
KIN 313|ADA/THER AQUATICS|19562|BC126|TuTh|03:30pm|04:20pm|"Hurtado,Ileana M"
KIN 313|ADA/THER AQUATICS|19684|BC126|MoWe|04:30pm|05:20pm|"Jara,Mai N"
KIN 313L|ADA/THER AQUA LAB|19296|TBA|TBA|TBA|TBA|"Parsons,Daniel P"
KIN 313L|ADA/THER AQUA LAB|19152|TBA|TBA|TBA|TBA|"Lim,Jae C"
KIN 313L|ADA/THER AQUA LAB|19153|TBA|TBA|TBA|TBA|"Hurtado,Ileana M"
KIN 313L|ADA/THER AQUA LAB|19460|TBA|TBA|TBA|TBA|"Parsons,Daniel P"
KIN 313L|ADA/THER AQUA LAB|19563|TBA|TBA|TBA|TBA|"Garcia,Liz"
KIN 313L|ADA/THER AQUA LAB|19685|TBA|TBA|TBA|TBA|"Jara,Mai N"
KIN 314|CREAT DANCE CHILD|18739|RE B1|Tu|04:00pm|05:40pm|"Rosenblatt,Evan R"
KIN 314|CREAT DANCE CHILD|19229|RE230|Th|04:00pm|05:40pm|"Sweeting,Terry L"
KIN 314L|CREAT DANC CHLD L|19230|RE230|Tu|06:00pm|06:50pm|"Rosenblatt,Evan R"
KIN 314L|CREAT DANC CHLD L|18859|RE230|Th|06:00pm|06:50pm|"Sweeting,Terry L"
KIN 316|CHOREOGRAPH FORMS|19015|RE292|Tu|12:00pm|01:40pm|"Thomson,Paula Susan"
KIN 316L|CHOREO FORMS LAB|19016|RE292|Th|12:00pm|01:40pm|"Thomson,Paula Susan"
KIN 317|AA DANCE FM-BL&MD|19464|RE292|We|04:00pm|06:45pm|"Rosenblatt,Evan R"
KIN 319|MODERN DANCE INT|19062|RE292|Fr|11:00am|12:40pm|"Thomson,Paula Susan"
KIN 333|INJURY PREV CR|19182|RE172|Fr|08:00am|09:40am|"Parke,Elizabeth A"
KIN 335|HR FITNESS K12 PE|18970|RE180|Mo|12:00pm|01:40pm|"Stillwell,Belinda E"
KIN 335L|HR FIT K12 PE L|18971|RE180|We|12:00pm|01:45pm|"Stillwell,Belinda E"
KIN 336|APP FITNESS TRNG|19564|RE155|MoWe|04:00pm|04:50pm|"Parasiliti,Shabnam Islam"
KIN 336|APP FITNESS TRNG|19656|RE157|TuTh|03:00pm|03:50pm|"Parasiliti,Shabnam Islam"
KIN 336|APP FITNESS TRNG|19657|SG101|Fr|12:00pm|01:40pm|"Guillory,Ivan K"
KIN 336|APP FITNESS TRNG|19988|RE200|TuTh|09:30am|10:20am|"Curtis,Emily Catherine"
KIN 336L|APP FITNESS LAB|19565|RE155|MoWe|05:30pm|06:20pm|"Parasiliti,Shabnam Islam"
KIN 336L|APP FITNESS LAB|19566|TBA|TBA|TBA|TBA|Staff
KIN 336L|APP FITNESS LAB|19658|RE200|MoWe|05:30pm|06:20pm|"Watkins,Travis B"
KIN 336L|APP FITNESS LAB|19659|RE200|TuTh|05:30pm|06:20pm|"Parasiliti,Shabnam Islam"
KIN 336L|APP FITNESS LAB|19660|RE200|Fr|10:00am|11:40am|"Guillory,Ivan K"
KIN 336L|APP FITNESS LAB|19661|RE200|Fr|02:00pm|03:40pm|"Curtis,Emily Catherine"
KIN 336L|APP FITNESS LAB|19990|RE200|Tu|07:30am|09:10am|"Park,Min S"
KIN 336L|APP FITNESS LAB|19991|RE200|Th|07:30am|09:10am|"Park,Min S"
KIN 337|PREV CARE ATH INJ|19136|RE155|TuTh|08:00am|09:15am|"Stecyk,Shane D"
KIN 337|PREV CARE ATH INJ|19567|RE155|MoWe|08:00am|09:15am|"Stecyk,Shane D"
KIN 337|PREV CARE ATH INJ|19662|ONLINE|TBA|TBA|TBA|"West-Sell,Sharon A"
KIN 337|PREV CARE ATH INJ|19927|ONLINE|TBA|TBA|TBA|"West-Sell,Sharon A"
KIN 337L|P&C ATH INJ LAB|18923|RE172|Mo|08:00am|09:40am|"Coudray,Claire Sandrine Estelle Gui"
KIN 337L|P&C ATH INJ LAB|18924|RE172|We|08:00am|09:40am|"Rodriguez,Michelle"
KIN 337L|P&C ATH INJ LAB|19568|RE172|Mo|10:00am|11:40am|"Coudray,Claire Sandrine Estelle Gui"
KIN 337L|P&C ATH INJ LAB|19569|RE172|We|10:00am|11:40am|"Rodriguez,Michelle"
KIN 337L|P&C ATH INJ LAB|19663|RE172|Mo|12:00pm|01:40pm|"Coudray,Claire Sandrine Estelle Gui"
KIN 337L|P&C ATH INJ LAB|19664|RE172|We|12:00pm|01:40pm|"Rodriguez,Michelle"
KIN 337L|P&C ATH INJ LAB|19935|RE172|Mo|04:00pm|05:40pm|"Curtis,Emily Catherine"
KIN 337L|P&C ATH INJ LAB|19936|RE172|We|04:00pm|05:40pm|"Rodriguez,Michelle"
KIN 338|L E EVAL TECH|19063|RE172|TuTh|08:00am|08:50am|"Parke,Elizabeth A"
KIN 338L|L E EVAL TECH LAB|19064|RE172|TuTh|09:00am|10:15am|"Parke,Elizabeth A"
KIN 341|PREV EVAL CLIN EX|19157|RE172|Fr|10:00am|12:45pm|"Parke,Elizabeth A"
KIN 341|PREV EVAL CLIN EX|19181|TBA|TBA|TBA|TBA|"Parke,Elizabeth A"
KIN 345|BIOMECHANICS|18744|RE159|TuTh|12:30pm|01:45pm|"Andrews,Richard A"
KIN 345|BIOMECHANICS|18745|RE157|Fr|11:00am|01:45pm|"Mcclain,Christopher S"
KIN 345|BIOMECHANICS|19298|RE157|Mo|04:00pm|06:45pm|"Flanagan,Sean P"
KIN 345|BIOMECHANICS|19361|RE157|MoWe|11:00am|12:15pm|"Mcclain,Christopher S"
KIN 345|BIOMECHANICS|19570|RE153|Tu|04:00pm|06:45pm|"Marchetti,Paulo H"
KIN 345|BIOMECHANICS|19602|RE157|Fr|08:00am|10:45am|"Khachatryan,Nvard"
KIN 345L|BIOMECH LAB|19137|RE279|Tu|02:00pm|03:40pm|"Reyes,Kathy E"
KIN 345L|BIOMECH LAB|19138|RE279|Th|02:00pm|03:40pm|"Reyes,Kathy E"
KIN 345L|BIOMECH LAB|19139|RE279|Fr|09:00am|10:40am|"Lachica,Isaiah Jacob"
KIN 345L|BIOMECH LAB|19140|RE279|Fr|02:00pm|03:40pm|"Khachatryan,Nvard"
KIN 345L|BIOMECH LAB|19300|RE279|We|04:00pm|05:40pm|"Martinez,Vincent Gregory Falcon"
KIN 345L|BIOMECH LAB|19301|RE279|Mo|07:00pm|08:40pm|"Lang,Abdy Gene"
KIN 345L|BIOMECH LAB|19362|RE279|Mo|02:00pm|03:40pm|"Lang,Abdy Gene"
KIN 345L|BIOMECH LAB|19363|RE279|We|02:00pm|03:40pm|"Drantch,Ryan"
KIN 345L|BIOMECH LAB|19461|RE279|Tu|07:00pm|08:40pm|"Lachica,Isaiah Jacob"
KIN 345L|BIOMECH LAB|19462|RE279|Th|04:00pm|05:40pm|"Lang,Abdy Gene"
KIN 345L|BIOMECH LAB|19600|SQ103|Th|07:00pm|08:40pm|"Lachica,Isaiah Jacob"
KIN 345L|BIOMECH LAB|19601|RE279|Tu|04:00pm|05:40pm|"Lachica,Isaiah Jacob"
KIN 346|PHYSIO OF EXERCIS|18746|RE157|MoWe|09:30am|10:45am|"Fleck,Eve S"
KIN 346|PHYSIO OF EXERCIS|18747|RE159|MoWe|12:30pm|01:45pm|"Fleck,Eve S"
KIN 346|PHYSIO OF EXERCIS|18927|RE155|TuTh|09:30am|10:45am|"Fleck,Eve S"
KIN 346|PHYSIO OF EXERCIS|19299|RE155|TuTh|11:00am|12:15pm|"Fleck,Eve S"
KIN 346|PHYSIO OF EXERCIS|19364|RE155|Th|04:00pm|06:45pm|"Nicoll,Justin"
KIN 346|PHYSIO OF EXERCIS|19571|RE104|Fr|02:00pm|04:45pm|"Andrews,Richard A"
KIN 346|PHYSIO OF EXERCIS|19594|ED1129|Fr|08:00am|10:45am|"Fleck,Eve S"
KIN 346L|PHYSIO OF EXER LB|18748|RE159|Mo|07:30am|09:10am|"Werner,Frances"
KIN 346L|PHYSIO OF EXER LB|18986|RE279|Mo|12:00pm|01:40pm|"Totino,Michael Loren"
KIN 346L|PHYSIO OF EXER LB|18987|RE279|Mo|10:00am|11:40am|"Totino,Michael Loren"
KIN 346L|PHYSIO OF EXER LB|19020|RE151|Mo|02:00pm|03:40pm|"Lee,Christopher"
KIN 346L|PHYSIO OF EXER LB|19033|RE104|Tu|05:00pm|06:40pm|"Werner,Frances"
KIN 346L|PHYSIO OF EXER LB|19148|RE104|Th|05:00pm|06:40pm|"Mentzer,Luka Russell"
KIN 346L|PHYSIO OF EXER LB|19302|RE104|Tu|07:00pm|08:40pm|"Werner,Frances"
KIN 346L|PHYSIO OF EXER LB|19314|RE104|Mo|04:00pm|05:40pm|"Lee,Christopher"
KIN 346L|PHYSIO OF EXER LB|19365|RE104|Th|07:00pm|08:40pm|"Mentzer,Luka Russell"
KIN 346L|PHYSIO OF EXER LB|19366|RE104|We|05:00pm|06:40pm|"Totino,Michael Loren"
KIN 346L|PHYSIO OF EXER LB|19572|RE104|Fr|05:00pm|06:40pm|"Khanlian,Tennie"
KIN 346L|PHYSIO OF EXER LB|19573|RE104|Mo|06:00pm|07:40pm|"Price,Jonathan Edward"
KIN 346L|PHYSIO OF EXER LB|19595|JD1552|Fr|02:00pm|03:45pm|"Khanlian,Tennie"
KIN 347|INTRO ADAPTED PE|18749|RE278|Fr|08:00am|10:45am|"Fischer,Jay R"
KIN 347|INTRO ADAPTED PE|20010|RE278|Fr|11:00am|01:45pm|"Fischer,Jay R"
KIN 349|GENERAL MEDICAL|19151|RE159|TuTh|09:30am|10:45am|"Rogers,Sean M"
KIN 371|PHYSEDCONTENTDEV|19810|RE180|Tu|12:00pm|01:40pm|"Sweeting,Terry L"
KIN 371L|PHYSEDCONTDEVLAB|19811|RE180|Th|12:00pm|01:40pm|"Sweeting,Terry L"
KIN 377|MOTOR LRN CRTL|18742|RE155|Tu|04:00pm|06:45pm|"Angulo-Barroso,Rosa M"
KIN 377|MOTOR LRN CRTL|18743|RE155|MoWe|12:30pm|01:45pm|"LaMonica,Christine T"
KIN 377|MOTOR LRN CRTL|19356|RE155|TuTh|12:30pm|01:45pm|"Angulo-Barroso,Rosa M"
KIN 377|MOTOR LRN CRTL|19368|RE155|MoWe|02:00pm|03:15pm|"LaMonica,Christine T"
KIN 377|MOTOR LRN CRTL|19463|ONLINE|TBA|TBA|TBA|"Furtado Jr,Ovande"
KIN 377|MOTOR LRN CRTL|19838|ONLINE|TBA|TBA|TBA|"Furtado Jr,Ovande"
KIN 385|WOMEN IN SPORT|19232|ONLINE|TBA|TBA|TBA|"Bolsmann,Chris"
KIN 385|WOMEN IN SPORT|19994|ONLINE|TBA|TBA|TBA|"Bolsmann,Chris"
KIN 405|ETHICS AND KINES|19996|ONLINE|TBA|TBA|TBA|"McLaughlin,Douglas W"
KIN 405|ETHICS AND KINES|20673|RE278|TuTh|11:00am|11:50am|"McLaughlin,Douglas W"
KIN 407|SPORTS/CULT/SOCTY|19666|BB1125|Fr|11:00am|01:45pm|"Weinstein,Aaron J"
KIN 407|SPORTS/CULT/SOCTY|19964|ONLINE|TBA|TBA|TBA|"Bolsmann,Chris"
KIN 408|THE OLYMPIC GAMES|18751|RE155|Fr|02:00pm|04:45pm|"Kioussis,George N"
KIN 409|ADV SPORT PSYCH|19303|RE157|Th|04:00pm|06:45pm|"Jenson,Jacob"
KIN 409|ADV SPORT PSYCH|19962|ONLINE|TBA|TBA|TBA|"Jenson,Jacob"
KIN 417|RESISTANCE TRAIN|19233|JD2524|TuTh|09:30am|10:20am|"Marchetti,Paulo H"
KIN 417|RESISTANCE TRAIN|19667|RE104|TuTh|12:30pm|01:20pm|"Farr,John W"
KIN 417|RESISTANCE TRAIN|19668|SG110|Fr|10:00am|11:40am|"Marchetti,Paulo H"
KIN 417L|RESIST TRAIN LAB|19234|RE200|Tu|10:30am|12:10pm|"Marchetti,Paulo H"
KIN 417L|RESIST TRAIN LAB|19574|TBA|TBA|TBA|TBA|Staff
KIN 417L|RESIST TRAIN LAB|19669|RE200|Tu|01:30pm|03:10pm|"Farr,John W"
KIN 417L|RESIST TRAIN LAB|19670|RE200|Th|01:30pm|03:10pm|"Farr,John W"
KIN 417L|RESIST TRAIN LAB|19671|RE200|Fr|08:00am|09:40am|"Marchetti,Paulo H"
KIN 417L|RESIST TRAIN LAB|19672|RE200|Fr|12:00pm|01:40pm|"Marchetti,Paulo H"
KIN 418|ADVANCED BALLET|19066|RE292|MoWeFr|09:00am|10:40am|"Rosenthal,Bethana A"
KIN 420|COACH COMP SPORTS|18752|ONLINE|TBA|TBA|TBA|"Jonsrud,Jarrod"
KIN 421|ADV CONTEMP DANCE|20000|RE292|MoTh|06:00pm|08:45pm|"Rosenblatt,Evan R"
KIN 426|CHOREOGRAPHY|19235|RE292|TuTh|04:00pm|05:15pm|"Thomson,Paula Susan"
KIN 428|AESTH HUM MVT|19231|RE157|Tu|04:00pm|06:40pm|"McLaughlin,Douglas W"
KIN 436|APPL EX SPTS PHYS|19067|RE104|TuTh|11:00am|12:15pm|"Yaspelkis III,Ben B"
KIN 436|APPL EX SPTS PHYS|19575|RE104|TuTh|09:30am|10:45am|"Yaspelkis III,Ben B"
KIN 436|APPL EX SPTS PHYS|19942|BB1127|Fr|11:00am|01:45pm|"Jalilvand Tehrani,Farzad"
KIN 437|AT ADMINISTRATION|18925|ONLINE|TBA|TBA|TBA|"Rogers,Sean M"
KIN 441|ADMIN TX CLIN EX|19158|RE159|Fr|10:00am|12:45pm|"Rogers,Sean M"
KIN 441|ADMIN TX CLIN EX|19183|TBA|TBA|TBA|TBA|"Rogers,Sean M"
KIN 443|ADV ACT CR|18926|RE159|Fr|08:00am|09:40am|"Rogers,Sean M"
KIN 445|ADVANCED BIOMECH|18753|RE276|TuTh|09:30am|10:45am|"Jarvis,Danielle N"
KIN 445|ADVANCED BIOMECH|19576|RE276|MoWe|09:30am|10:45am|"Flanagan,Sean P"
KIN 445|ADVANCED BIOMECH|19577|RE276|MoWe|11:00am|12:15pm|"Flanagan,Sean P"
KIN 445|ADVANCED BIOMECH|19675|RE276|TuTh|11:00am|12:15pm|"Jarvis,Danielle N"
KIN 446|RESRCH EXER PHYSO|19074|RE104|Mo|09:00am|10:40am|"Nicoll,Justin"
KIN 446|RESRCH EXER PHYSO|19075|RE278|Mo|12:00pm|01:40pm|"Nicoll,Justin"
KIN 446|RESRCH EXER PHYSO|19498|RE104|Mo|02:00pm|03:40pm|"Nicoll,Justin"
KIN 446|RESRCH EXER PHYSO|19578|RE153|Mo|02:00pm|03:40pm|"Andrews,Richard A"
KIN 446|RESRCH EXER PHYSO|19800|RE153|Mo|04:00pm|05:40pm|"Andrews,Richard A"
KIN 446L|RSCH EXER PHY LAB|19076|RE104|We|02:00pm|04:45pm|"Raef,Jennifer M"
KIN 446L|RSCH EXER PHY LAB|19077|RE279|Th|08:00am|10:45am|"Raef,Jennifer M"
KIN 446L|RSCH EXER PHY LAB|19078|RE279|Tu|11:00am|01:45pm|"Raef,Jennifer M"
KIN 446L|RSCH EXER PHY LAB|19079|RE279|Tu|08:00am|10:45am|"Raef,Jennifer M"
KIN 446L|RSCH EXER PHY LAB|19500|RE104|We|08:00am|10:45am|"Khanlian,Tennie"
KIN 446L|RSCH EXER PHY LAB|19501|RE279|We|11:00am|01:45pm|"Raef,Jennifer M"
KIN 446L|RSCH EXER PHY LAB|19579|RE104|Tu|02:00pm|04:45pm|"Andrews,Richard A"
KIN 446L|RSCH EXER PHY LAB|19580|RE104|Th|02:00pm|04:45pm|"Andrews,Richard A"
KIN 446L|RSCH EXER PHY LAB|19802|RE104|Fr|11:00am|01:45pm|"Raef,Jennifer M"
KIN 446L|RSCH EXER PHY LAB|19803|RE279|Th|11:00am|01:45pm|"Stoehr,Nicole Marcia"
KIN 452|APA FOR CHILDREN|19812|SG101|MoWe|03:30pm|04:20pm|"Todd,Teri A"
KIN 452L|APA FOR CHILD LAB|19813|TBA|TBA|TBA|TBA|"Todd,Teri A"
KIN 456|EX PROGRAM DESIGN|19465|RE157|Fr|02:00pm|04:45pm|"Guillory,Ivan K"
KIN 456|EX PROGRAM DESIGN|19581|RE157|MoWe|02:00pm|03:15pm|"Guillory,Ivan K"
KIN 456|EX PROGRAM DESIGN|19592|RE153|MoWe|11:00am|12:15pm|"Guillory,Ivan K"
KIN 467|THER EX|18973|RE172|TuTh|11:00am|11:50am|"Flanagan,Sean P"
KIN 467L|THER EX LAB|18974|RE172|TuTh|12:00pm|01:15pm|"Flanagan,Sean P"
KIN 470|PE FOR CHILDREN|18754|RE159|Mo|04:00pm|05:40pm|"Mena,Derek"
KIN 470|PE FOR CHILDREN|18756|RE159|Tu|04:00pm|05:40pm|"Clemmensen III,James H"
KIN 470|PE FOR CHILDREN|18757|RE159|Tu|07:00pm|08:40pm|"Clemmensen III,James H"
KIN 470L|PE FOR CHILD LAB|18758|RE180|Mo|06:00pm|06:50pm|"Mena,Derek"
KIN 470L|PE FOR CHILD LAB|18760|RE180|Tu|06:00pm|06:50pm|"Clemmensen III,James H"
KIN 470L|PE FOR CHILD LAB|18761|RE180|Tu|09:00pm|09:50pm|"Clemmensen III,James H"
KIN 476|MUS BIOMECH INJ|19806|RE251|TuTh|09:30am|10:45am|"Farr,John W"
KIN 476|MUS BIOMECH INJ|19949|ONLINE|TBA|TBA|TBA|"Farr,John W"
KIN 477|MOTOR DEVELOPMENT|18740|BB1230|MoWe|09:30am|10:45am|"Pena,Rebecca A"
KIN 477|MOTOR DEVELOPMENT|18741|RE155|MoWe|11:00am|12:15pm|"Pena,Rebecca A"
KIN 477|MOTOR DEVELOPMENT|19447|JD3504|MoWe|12:30pm|01:45pm|"Hinkel-Lipsker,Jacob W"
KIN 477|MOTOR DEVELOPMENT|19682|ONLINE|TBA|TBA|TBA|"Furtado Jr,Ovande"
KIN 477|MOTOR DEVELOPMENT|19939|SG100|TuTh|12:30pm|01:45pm|"Pena,Rebecca A"
KIN 477|MOTOR DEVELOPMENT|19941|SQ103|Fr|02:00pm|04:45pm|"Pena,Rebecca A"
KIN 478|APPL MOT BEH PRIN|19466|RE160|Tu|04:00pm|05:40pm|"Todd,Teri A"
KIN 478|APPL MOT BEH PRIN|19467|RE155|TuTh|02:00pm|02:50pm|"Perez Cuevas,Lino de Jesus"
KIN 478|APPL MOT BEH PRIN|19468|RE279|We|09:00am|10:40am|"Perez Cuevas,Lino de Jesus"
KIN 478|APPL MOT BEH PRIN|19469|RE178|We|12:30pm|02:10pm|"Pena,Rebecca A"
KIN 478|APPL MOT BEH PRIN|19470|RE153|Mo|09:00am|10:40am|"Perez Cuevas,Lino de Jesus"
KIN 478|APPL MOT BEH PRIN|19471|RE153|We|04:00pm|05:40pm|"Lim,Jae C"
KIN 478|APPL MOT BEH PRIN|19677|RE178|Th|09:00am|10:40am|"Perez Cuevas,Lino de Jesus"
KIN 478|APPL MOT BEH PRIN|19678|RE178|Th|12:30pm|02:10pm|"Plotke,Robert J"
KIN 478|APPL MOT BEH PRIN|19679|RE178|Tu|09:00am|10:40am|"Perez Cuevas,Lino de Jesus"
KIN 478|APPL MOT BEH PRIN|19680|ED1125|Tu|09:00am|10:40am|"Plotke,Robert J"
KIN 478|APPL MOT BEH PRIN|19701|RE104|Fr|09:00am|10:40am|"Perez Cuevas,Lino de Jesus"
KIN 478|APPL MOT BEH PRIN|19703|RE178|Fr|09:00am|10:40am|"Plotke,Robert J"
KIN 479|PERCEPT AND MVMT|19695|SQ103|Th|04:00pm|06:45pm|"Hinkel-Lipsker,Jacob W"
KIN 479|PERCEPT AND MVMT|19931|ONLINE|TBA|TBA|TBA|"Hinkel-Lipsker,Jacob W"
KIN 481|SOC HIS SPORT|20005|SG108|Tu|04:00pm|06:40pm|"Linden,Andrew"
KIN 494A|ACAD INTERNSHIP|19159|RE159|Fr|07:00am|07:50am|"Kioussis,George N"
KIN 494A|ACAD INTERNSHIP|19998|RE157|Fr|07:00am|07:50am|"Marchetti,Paulo H"
KIN 494B|ACAD INTERNSHIP|19160|ONLINE|TBA|TBA|TBA|"Stecyk,Shane D"
KIN 494B|ACAD INTERNSHIP|19999|ONLINE|TBA|TBA|TBA|"Angulo-Barroso,Rosa M"
KIN 494I|ACAD INTERN EVAL|19472|ONLINE|TBA|TBA|TBA|"Stecyk,Shane D"
KIN 498WC|CONCERT DANCE MDS|20671|RE230|We|07:00pm|10:00pm|"Thomson,Paula Susan"
KIN 513|ADP THR EX AS DSN|19351|RE151|MoWe|06:00pm|06:50pm|"Jara,Mai N"
KIN 513L|ADP TH EX AD LAB|19352|TBA|TBA|TBA|TBA|"Jara,Mai N"
KIN 526|TEACH EFFECT KIN|18903|RE278|Tu|04:00pm|05:50pm|"Sweeting,Terry L"
KIN 526L|TEACH EFFECT KIN LAB|18904|RE278|Tu|06:00pm|06:50pm|"Sweeting,Terry L"
KIN 575|BIOMECH ANALYSIS|20006|TBA|TBA|TBA|TBA|Staff
KIN 575L|BIO ANALYSIS LAB|20007|TBA|TBA|TBA|TBA|Staff
KIN 595PE|APPL METH PE|18785|RE278|Th|04:00pm|05:40pm|"Mena,Derek"
KIN 595PE|APPL METH PE|19817|RE278|Th|04:00pm|05:40pm|"Mena,Derek"
KIN 601|ADV EVID PRAC KIN|19932|RE276|We|04:00pm|06:45pm|"Jarvis,Danielle N"
KIN 602|SEM KINESIOLOGY|19933|RE157|Mo|07:00pm|09:45pm|"Furtado Jr,Ovande"
KIN 605|RES METH + DESIGN|18762|RE276|Mo|04:00pm|06:45pm|"Jaque,Victoria"
KIN 606|SEM/SOC PSY SPORT|19808|TBA|TBA|TBA|TBA|Staff
KIN 610|QUANT ANLY/RES PE|18763|TBA|TBA|TBA|TBA|Staff
KIN 643|DANCE PERF ANALYS|19823|TBA|TBA|TBA|TBA|Staff
KIN 646|SEM EXER PHYSIO|19068|TBA|TBA|TBA|TBA|Staff
KIN 679|SEM MOTOR BEHAV|20661|RE178|Th|04:00pm|06:45pm|"Angulo-Barroso,Rosa M"
KIN 696A|DIR GRAD STUDY|19809|TBA|TBA|TBA|TBA|"Loy,Steven F, ..."
KIN 696C|DIR GRAD RES|18764|TBA|TBA|TBA|TBA|"Stillwell,Belinda E, ..."
KIN 698C|THESIS/GRAD PROJ|18765|TBA|TBA|TBA|TBA|"Loy,Steven F, ..."
