LING 113A|APPR UNIV WRTNG A|15242|ED3113|TuTh|12:30pm|01:45pm|"Ganjavi,Shadi"
LING 113A|APPR UNIV WRTNG A|15243|SH371|MoWe|09:30am|10:45am|"Choi,Jung Yun"
LING 113A|APPR UNIV WRTNG A|15244|JR218|TuTh|11:00am|12:15pm|"Ganjavi,Shadi"
LING 113A|APPR UNIV WRTNG A|15245|SH234|TuTh|12:30pm|01:45pm|"Crawford,Anne C"
LING 113B|APPR UNIV WRTNG B|15248|SH302|TuTh|12:30pm|01:45pm|"Gides,John C"
LING 113B|APPR UNIV WRTNG B|15249|ED1125|MoWe|12:30pm|01:45pm|"Mathis,Terrie D"
LING 200|HOW LANG MATTERS|14376|EU131|MoWe|09:30am|10:45am|"Medeiros,David J"
LING 200|HOW LANG MATTERS|14839|JR246|TuTh|09:30am|10:45am|"Joaquin,Anna Dina L"
LING 200|HOW LANG MATTERS|15144|JR214|TuTh|11:00am|12:15pm|"Joaquin,Anna Dina L"
LING 250|LANG IN CALIF|14924|BB1212|MoWe|12:30pm|01:45pm|"Galasso,Joseph A"
LING 300|LING ANALYSIS|14770|EU136|TuTh|02:00pm|03:15pm|"Ruth-Hirrel,Laura"
LING 310|LANGUAGE & LAW|14616|JR246|MoWe|11:00am|12:15pm|"Scholten,Christina G"
LING 310|LANGUAGE & LAW|15476|EU130|TuTh|11:00am|12:15pm|"Ruth-Hirrel,Laura"
LING 310|LANGUAGE & LAW|20553|JR246|MoWe|02:00pm|03:15pm|"Mathis,Terrie D"
LING 325|LANG & GENDER|14749|ONLINE|TBA|TBA|TBA|"Kim,Stephanie Hyeri"
LING 325|LANG & GENDER|15042|EU130|TuTh|02:00pm|03:15pm|"Sanchez-Munoz,Ana"
LING 330|FUNDAMENTALS TESL|15241|EU130|TuTh|12:30pm|01:45pm|"Yoon,Hyung-Jo"
LING 403|MORPHOLOGY|14926|JR246|Th|07:00pm|09:45pm|"Medeiros,David J"
LING 408|SEMS/PRAGS|14751|SH267|We|04:00pm|06:45pm|"Ruth-Hirrel,Laura"
LING 411|HISTORICAL LING|15389|JR316|We|07:00pm|09:45pm|"Luna,Kenneth V"
LING 417|LANG DEV / ACQUISTN|14108|SH390|Fr|02:00pm|04:45pm|"Galasso,Joseph A"
LING 417|LANG DEV / ACQUISTN|14782|JR214|MoWe|11:00am|12:15pm|"Yoon,Hyung-Jo"
LING 417|LANG DEV / ACQUISTN|14109|JR134|TuTh|11:00am|12:15pm|"Medeiros,David J"
LING 501|SEMINAR IN PHNLGY|15045|JR247|Th|04:00pm|06:45pm|"Scholten,Christina G"
LING 502|SEMSCND LANG ACQ|15044|SH207|Mo|04:00pm|06:45pm|"Joaquin,Anna Dina L"
LING 510|FND CONCEPTS LING|15188|SH160|Mo|04:00pm|06:45pm|"Scholten,Christina G"
LING 517|FND LANG DEV/ACQ|15189|SH108|Tu|07:00pm|09:45pm|"Snyder,Wendy K"
LING 521|TESL: ORAL SKLS|15046|JR218|Mo|07:00pm|09:45pm|"Kim,Stephanie Hyeri"
LING 530|INTRO TO TESL|14754|SH312|Tu|04:00pm|06:45pm|"Yoon,Hyung-Jo"
LING 555|TESL CLASSRM PRAC|15388|JR247|We|07:00pm|09:45pm|"Kim,Stephanie Hyeri"
LING 568|TESL ASSESSMENT|14929|JR245|We|04:00pm|06:45pm|"Yoon,Hyung-Jo"
LING 610|SEM SYN|14755|JR218|Tu|07:00pm|09:45pm|"Medeiros,David J"
LING 697|DIR COMP STUDIES|14113|TBA|TBA|TBA|TBA|"Luna,Kenneth V"
LING 698D|GRAD PROJECT|15342|JR301|Tu|04:00pm|06:45pm|"Scholten,Christina G"
