LR S 100|LIB STUD FR SEMNR|14201|MZ122|Fr|09:00am|09:50am|"Grote,Kandice Soraya"
LR S 100F|LIB STUD FR SEMNR F|14207|MZ122|Fr|10:00am|11:40am|"Knotts,Gregory D"
LR S 200|LEARNING ELEM SCI|20448|LO1227|TuTh|09:30am|10:45am|"d'Alessio,Matthew A"
LR S 200L|LEARNING SCI LAB|14220|LO1227|TuTh|10:45am|12:10pm|"d'Alessio,Matthew A"
LR S 300|LIB ST GATEWAY|14382|JR214|TuTh|12:30pm|01:45pm|"Carassai,Mauro"
LR S 300|LIB ST GATEWAY|14381|JR214|TuTh|02:00pm|03:15pm|"Carassai,Mauro"
LR S 333|PERSPECTIVESLIT|14350|JR330|We|04:00pm|06:45pm|"Klein,Sharon M"
LR S 433|PRACTICUM IN LIT|14352|TBA|Mo|01:00pm|02:40pm|"Sears,Sue"
LR S 433F|PRACTICUM IN LIT|14351|TBA|Mo|03:00pm|03:40pm|"Sears,Sue"
