MATH  91B|GE MATH SUPPORT|18592|CR5209|MoWe|08:30am|09:20am|"Nusierat,Ola"
MATH  91B|GE MATH SUPPORT|18595|SH182|MoWe|10:00am|10:50am|"Kim,Choomee"
MATH  91B|GE MATH SUPPORT|18600|SH106|MoWe|02:30pm|03:20pm|"Kelkar,Asawari"
MATH  91B|GE MATH SUPPORT|18603|BH316|MoWe|04:00pm|04:50pm|"Jaime,Theodora B A"
MATH  91B|GE MATH SUPPORT|18604|BH304|TuTh|08:30am|09:20am|"Kim,Choomee"
MATH  91B|GE MATH SUPPORT|18606|SH102|MoWe|01:00pm|01:50pm|"Asatryan,John"
MATH  91B|GE MATH SUPPORT|18608|LO1325|TuTh|02:30pm|03:20pm|"Asatryan,John"
MATH  91B|GE MATH SUPPORT|18612|JR117|TuTh|10:00am|10:50am|"Paz,Melida"
MATH  91B|GE MATH SUPPORT|18614|SH234|TuTh|11:30am|12:20pm|"Jaime,Theodora B A"
MATH  91B|GE MATH SUPPORT|18617|SQ102|TuTh|01:00pm|01:50pm|"Atniel,Helen"
MATH 102|PRE-CALC I|17940|SQ101|MoWe|09:30am|10:45am|"Nusierat,Ola"
MATH 102|PRE-CALC I|17622|SH265|MoWe|09:30am|10:45am|"Ciuca,Razvan A"
MATH 102|PRE-CALC I|17653|BH316|MoWe|11:00am|12:15pm|"Musulyan,Marine"
MATH 102|PRE-CALC I|17942|SH120|MoWe|11:00am|12:15pm|"Salehi,Arash"
MATH 102|PRE-CALC I|17580|BH316|MoWe|12:30pm|01:45pm|"Carbonell,Jesus V"
MATH 102|PRE-CALC I|17943|LO1328|MoWe|03:30pm|04:45pm|"Kelkar,Asawari"
MATH 102|PRE-CALC I|17799|LO1117|MoWe|03:30pm|04:45pm|"Musulyan,Marine"
MATH 102|PRE-CALC I|17944|BH304|MoWe|05:00pm|06:15pm|"Perillo,Cord Aaron"
MATH 102|PRE-CALC I|17329|BH316|MoWe|05:00pm|06:15pm|"Jaime,Theodora B A"
MATH 102|PRE-CALC I|17945|BH304|TuTh|09:30am|10:45am|"Atniel,Helen"
MATH 102|PRE-CALC I|17363|BH316|TuTh|09:30am|10:45am|"Ciuca,Razvan A"
MATH 102|PRE-CALC I|17946|MZ130|MoWe|02:00pm|03:15pm|"Castro,James D"
MATH 102|PRE-CALC I|17947|EH2132|TuTh|03:30pm|04:45pm|"Reyes,Claudia H"
MATH 102|PRE-CALC I|18565|BH304|TuTh|11:00am|12:15pm|"Green,Leeta A"
MATH 102|PRE-CALC I|18566|SH203|TuTh|11:00am|12:15pm|"Grigoryan,Siranush"
MATH 102|PRE-CALC I|18567|BH304|TuTh|12:30pm|01:45pm|"Jaime,Theodora B A"
MATH 102|PRE-CALC I|18568|SQ100|TuTh|12:30pm|01:45pm|"Riasati,Mohamadreza"
MATH 102|PRE-CALC I|18569|LO1125|TuTh|02:00pm|03:15pm|"Nusierat,Ola"
MATH 102|PRE-CALC I|18570|LO1328|TuTh|02:00pm|03:15pm|"Atniel,Helen"
MATH 102|PRE-CALC I|18571|LO1125|TuTh|08:00am|09:15am|"Paz,Melida"
MATH 102L|PRE-CALC I LAB|17981|SH268|TuTh|09:30am|10:20am|"Sarian,Daniel"
MATH 102L|PRE-CALC I LAB|17982|LO1317|TuTh|09:30am|10:20am|"Villatoro,Cristian"
MATH 102L|PRE-CALC I LAB|17983|SH371|TuTh|09:30am|10:20am|"Kampe,Jennifer Noelle"
MATH 102L|PRE-CALC I LAB|17984|JD1555|TuTh|09:30am|10:20am|"Arutyunyan,Erik"
MATH 102L|PRE-CALC I LAB|17987|BB1210|TuTh|11:00am|11:50am|"Sarian,Daniel"
MATH 102L|PRE-CALC I LAB|17988|BB1230|TuTh|11:00am|11:50am|"Pacheco,Kyle M"
MATH 102L|PRE-CALC I LAB|17989|BB1232|TuTh|11:00am|11:50am|"Kampe,Jennifer Noelle"
MATH 102L|PRE-CALC I LAB|17990|BB1238|TuTh|11:00am|11:50am|"Haemaelaeinen,Rimma Aliisa"
MATH 102L|PRE-CALC I LAB|17991|SH160|TuTh|12:30pm|01:20pm|"Haemaelaeinen,Rimma Aliisa"
MATH 102L|PRE-CALC I LAB|17992|SH182|TuTh|12:30pm|01:20pm|"Morales,Edward"
MATH 102L|PRE-CALC I LAB|17997|BH314|TuTh|03:30pm|04:20pm|"Levy,Matthew H"
MATH 102L|PRE-CALC I LAB|17998|BH315|TuTh|03:30pm|04:20pm|"Pacheco,Kyle M"
MATH 102L|PRE-CALC I LAB|17999|LO1124|TuTh|03:30pm|04:20pm|"Asaad,Saif"
MATH 102L|PRE-CALC I LAB|18000|LO1127|TuTh|03:30pm|04:20pm|"Arutyunyan,Erik"
MATH 102L|PRE-CALC I LAB|18001|BH304|TuTh|05:00pm|05:50pm|"Levy,Matthew H"
MATH 102L|PRE-CALC I LAB|18002|BH315|TuTh|05:00pm|05:50pm|"Pacheco,Kyle M"
MATH 102L|PRE-CALC I LAB|18003|LO1317|TuTh|05:00pm|05:50pm|"EshaghiNasrabadi,Masoud"
MATH 102L|PRE-CALC I LAB|18004|CR5118|TuTh|05:00pm|05:50pm|"Corpeno,Julian Ernesto"
MATH 102L|PRE-CALC I LAB|18005|BH312|WeFr|09:30am|10:20am|"Mamtaz,Farhana"
MATH 102L|PRE-CALC I LAB|18006|BH313|WeFr|09:30am|10:20am|"Britton,Aida Arakelians"
MATH 102L|PRE-CALC I LAB|18007|SH279|WeFr|09:30am|10:20am|"Nguyen,Phuc B"
MATH 102L|PRE-CALC I LAB|18008|SH382|WeFr|09:30am|10:20am|"Ramirez,Miriam E"
MATH 102L|PRE-CALC I LAB|18011|SH276|TuTh|01:00pm|01:50pm|"Qazi,Shafaq"
MATH 102L|PRE-CALC I LAB|18012|SH267|TuTh|01:00pm|01:50pm|"Kim,Joshua"
MATH 102L|PRE-CALC I LAB|18013|BH304|TuTh|02:00pm|02:50pm|"Qazi,Shafaq"
MATH 102L|PRE-CALC I LAB|18014|BH315|TuTh|02:00pm|02:50pm|"Kim,Joshua"
MATH 102L|PRE-CALC I LAB|18015|BH313|WeFr|02:30pm|03:20pm|"Grandilli,Amy Ann"
MATH 102L|PRE-CALC I LAB|18016|BB1202|WeFr|02:30pm|03:20pm|"Hadi,Isnayni Ilhamia"
MATH 102L|PRE-CALC I LAB|18017|BH310|WeFr|03:30pm|04:20pm|"Grandilli,Amy Ann"
MATH 102L|PRE-CALC I LAB|18018|BH315|WeFr|03:30pm|04:20pm|"Lonner,Christopher"
MATH 102L|PRE-CALC I LAB|18572|BH312|WeFr|11:00am|11:50am|"Mamtaz,Farhana"
MATH 102L|PRE-CALC I LAB|18573|BH313|WeFr|11:00am|11:50am|"Britton,Aida Arakelians"
MATH 102L|PRE-CALC I LAB|18574|BB1240|WeFr|11:00am|11:50am|"Joha,Emily Marie"
MATH 102L|PRE-CALC I LAB|18575|JD2528|WeFr|11:00am|11:50am|"Ramirez,Miriam E"
MATH 102L|PRE-CALC I LAB|18576|BH312|WeFr|12:30pm|01:20pm|"Khoo,Jeremy Keat-Wah"
MATH 102L|PRE-CALC I LAB|18577|BB1206|WeFr|12:30pm|01:20pm|"Janjani,Reza"
MATH 102L|PRE-CALC I LAB|18578|BB1210|WeFr|12:30pm|01:20pm|"Lim,Mei Choo"
MATH 102L|PRE-CALC I LAB|18579|BB1230|WeFr|12:30pm|01:20pm|"Hadi,Isnayni Ilhamia"
MATH 102L|PRE-CALC I LAB|18580|BH312|WeFr|02:00pm|02:50pm|"Khoo,Jeremy Keat-Wah"
MATH 102L|PRE-CALC I LAB|18581|BH315|WeFr|02:00pm|02:50pm|"Mujica,Eduardo"
MATH 102L|PRE-CALC I LAB|18582|SH286|WeFr|02:00pm|02:50pm|"Kirabo,Angella Nanteza"
MATH 102L|PRE-CALC I LAB|18583|CR5209|WeFr|02:00pm|02:50pm|"Lonner,Christopher"
MATH 102L|PRE-CALC I LAB|18584|LO1326|WeFr|08:00am|08:50am|"Horowitz,Justin R"
MATH 102L|PRE-CALC I LAB|18585|BH315|WeFr|08:00am|08:50am|"Villatoro,Cristian"
MATH 103|MATH METHODS BUS|17620|CR5123|MoWe|09:30am|10:45am|"Salehi,Arash"
MATH 103|MATH METHODS BUS|17878|CR5123|MoWe|12:30pm|01:45pm|"Nalbandyan,Zorayr"
MATH 103|MATH METHODS BUS|17885|LO1328|MoWe|09:30am|10:45am|"Shapiro,Bruce E"
MATH 103|MATH METHODS BUS|17470|LO1328|MoWe|11:00am|12:15pm|"Gunderson,Beverly Hernandez"
MATH 103|MATH METHODS BUS|17886|LO1328|MoWe|12:30pm|01:45pm|"Shapiro,Bruce E"
MATH 103|MATH METHODS BUS|17676|LO1328|MoWe|02:00pm|03:15pm|"Aladadyan,Yelena"
MATH 103|MATH METHODS BUS|17887|BH316|MoWe|02:00pm|03:15pm|"Salehi,Arash"
MATH 103|MATH METHODS BUS|17582|LO1328|MoWe|05:00pm|06:15pm|"Ciuca,Razvan A"
MATH 103|MATH METHODS BUS|17888|LO1328|MoWe|06:30pm|07:45pm|"Makaryan,Mariya"
MATH 103|MATH METHODS BUS|17677|LO1125|TuTh|09:30am|10:45am|"Shamash,Ellis R"
MATH 103|MATH METHODS BUS|17889|LO1125|TuTh|11:00am|12:15pm|"Reyes,Claudia H"
MATH 103|MATH METHODS BUS|17678|LO1124|TuTh|11:00am|12:15pm|"Perillo,Cord Aaron"
MATH 103|MATH METHODS BUS|17890|SQ101|TuTh|12:30pm|01:45pm|"Crosswhite,Michael S"
MATH 103|MATH METHODS BUS|17802|LO1328|TuTh|03:30pm|04:45pm|"Candel,Alberto"
MATH 103|MATH METHODS BUS|17891|BH316|TuTh|03:30pm|04:45pm|"Jaime,Theodora B A"
MATH 103|MATH METHODS BUS|17679|LO1328|FrSa|09:00am|10:15am|"Nalbandyan,Zorayr"
MATH 103|MATH METHODS BUS|17892|EH2132|MoWe|03:30pm|04:45pm|"Petrosians,Sevana"
MATH 103|MATH METHODS BUS|17680|MZ130|TuTh|02:00pm|03:15pm|"Makaryan,Mariya"
MATH 103|MATH METHODS BUS|17893|CR5122|TuTh|05:00pm|06:15pm|"Berkowitz,David"
MATH 103L|MATH BUS APPL LAB|17583|CR5123|WeFr|08:30am|09:20am|"Estrada,Paul Portillo"
MATH 103L|MATH BUS APPL LAB|17584|SQ102|WeFr|11:00am|11:50am|"Mujica,Eduardo"
MATH 103L|MATH BUS APPL LAB|17611|CR5117|WeFr|08:30am|09:20am|"Janjani,Reza"
MATH 103L|MATH BUS APPL LAB|17612|CR5118|WeFr|08:30am|09:20am|"Joha,Emily Marie"
MATH 103L|MATH BUS APPL LAB|17614|LO1117|WeFr|09:30am|10:20am|"Horowitz,Justin R"
MATH 103L|MATH BUS APPL LAB|17617|MZ112|WeFr|09:30am|10:20am|"Joha,Emily Marie"
MATH 103L|MATH BUS APPL LAB|17618|BB1210|WeFr|11:00am|11:50am|"Grandilli,Amy Ann"
MATH 103L|MATH BUS APPL LAB|17619|BB1234|WeFr|11:00am|11:50am|"Nguyen,Phuc B"
MATH 103L|MATH BUS APPL LAB|17623|SH225|WeFr|12:30pm|01:20pm|"Mujica,Eduardo"
MATH 103L|MATH BUS APPL LAB|17691|BB1236|WeFr|12:30pm|01:20pm|"Estrada,Paul Portillo"
MATH 103L|MATH BUS APPL LAB|17692|SH279|WeFr|12:30pm|01:20pm|"Castro Jr,Jose Adan"
MATH 103L|MATH BUS APPL LAB|17693|SH234|WeFr|12:30pm|01:20pm|"Jannati,Kiarash"
MATH 103L|MATH BUS APPL LAB|17694|CR5118|MoWe|04:00pm|04:50pm|"Farahani,Shahdad"
MATH 103L|MATH BUS APPL LAB|17710|LO1317|MoWe|04:00pm|04:50pm|"Badikyan,Minas"
MATH 103L|MATH BUS APPL LAB|17711|LO1317|MoWe|08:00pm|08:50pm|"Badikyan,Minas"
MATH 103L|MATH BUS APPL LAB|17894|LO1325|MoWe|08:00pm|08:50pm|"Farahani,Shahdad"
MATH 103L|MATH BUS APPL LAB|17895|BH313|TuFr|08:30am|09:20am|"Khachatryan,Nushik"
MATH 103L|MATH BUS APPL LAB|17896|CR5209|TuFr|08:30am|09:20am|"Morales,Edward"
MATH 103L|MATH BUS APPL LAB|17897|BH314|TuFr|09:30am|10:20am|"Khachatryan,Nushik"
MATH 103L|MATH BUS APPL LAB|17898|BH315|TuFr|09:30am|10:20am|"van der Linden,Courtney M"
MATH 103L|MATH BUS APPL LAB|17899|CR5209|TuFr|09:30am|10:20am|"Morales,Edward"
MATH 103L|MATH BUS APPL LAB|17900|BB1238|TuFr|09:30am|10:20am|"Desilva,Suresha S"
MATH 103L|MATH BUS APPL LAB|17901|BH314|TuFr|11:00am|11:50am|"van der Linden,Courtney M"
MATH 103L|MATH BUS APPL LAB|17902|LO1325|TuFr|11:00am|11:50am|"Desilva,Suresha S"
MATH 103L|MATH BUS APPL LAB|17903|BH314|TuFr|02:00pm|02:50pm|"Schmidt,Krysten"
MATH 103L|MATH BUS APPL LAB|17904|CR5118|TuFr|02:00pm|02:50pm|"EshaghiNasrabadi,Masoud"
MATH 103L|MATH BUS APPL LAB|17905|LO1127|TuFr|02:00pm|02:50pm|"Nguyen,Phuc B"
MATH 103L|MATH BUS APPL LAB|17906|LO1231|TuFr|02:00pm|02:50pm|"Terzyan,Arman"
MATH 103L|MATH BUS APPL LAB|17907|JR301|FrSa|10:30am|11:20am|"Janjani,Reza"
MATH 103L|MATH BUS APPL LAB|17908|LO1317|FrSa|10:30am|11:20am|"Lim,Mei Choo"
MATH 103L|MATH BUS APPL LAB|17911|SH108|WeFr|02:00pm|02:50pm|"Castro Jr,Jose Adan"
MATH 103L|MATH BUS APPL LAB|17912|SH225|WeFr|02:00pm|02:50pm|"Lim,Mei Choo"
MATH 103L|MATH BUS APPL LAB|17913|SH234|WeFr|02:00pm|02:50pm|"Jannati,Kiarash"
MATH 103L|MATH BUS APPL LAB|17914|MZ111|WeFr|02:00pm|02:50pm|"Kokado,Kimberly"
MATH 103L|MATH BUS APPL LAB|17915|BH314|TuFr|12:30pm|01:20pm|"Levy,Matthew H"
MATH 103L|MATH BUS APPL LAB|17916|BH315|TuFr|12:30pm|01:20pm|"Raffel,Gialuka"
MATH 103L|MATH BUS APPL LAB|17917|BB1202|TuFr|12:30pm|01:20pm|"Julhakyan,Zhora"
MATH 103L|MATH BUS APPL LAB|17918|BB1228|TuFr|12:30pm|01:20pm|"Terzyan,Arman"
MATH 103L|MATH BUS APPL LAB|17919|LO1117|TuTh|04:00pm|04:50pm|"Kokado,Kimberly"
MATH 103L|MATH BUS APPL LAB|17920|SH284|TuTh|04:00pm|04:50pm|"EshaghiNasrabadi,Masoud"
MATH 103L|MATH BUS APPL LAB|17921|SH221|TuTh|04:00pm|04:50pm|"Julhakyan,Zhora"
MATH 103L|MATH BUS APPL LAB|17922|SH205|TuTh|04:00pm|04:50pm|"Schmidt,Krysten"
MATH 105|PRE-CALC II|17204|CR5114|MoTuWeTh|08:00am|09:05am|"Ciuca,Razvan A"
MATH 105|PRE-CALC II|17929|CR5114|MoTuWeTh|09:30am|10:35am|"Green,Leeta A"
MATH 105|PRE-CALC II|17931|CR5124|MoTuWeTh|11:00am|12:05pm|"Riasati,Mohamadreza"
MATH 105|PRE-CALC II|17932|SH382|MoWeFr|11:00am|12:25pm|"Grigoryan,Siranush"
MATH 105|PRE-CALC II|18386|LO1125|MoTuWeTh|12:30pm|01:35pm|"Perillo,Cord Aaron"
MATH 105|PRE-CALC II|18387|LO1127|MoWeFr|12:30pm|01:55pm|"Bojkov,Alexander"
MATH 105|PRE-CALC II|18390|LO1125|MoWeFr|02:00pm|03:25pm|"Kim,Choomee"
MATH 105|PRE-CALC II|18391|CR5127|Th|03:30pm|04:55pm|"Rowe,Tony S"
MATH 105|PRE-CALC II|18393|LO1125|MoTuTh|05:00pm|06:25pm|"Aladadyan,Yelena"
MATH 105L|PRE-CALC II LAB|18023|CR5114|Fr|08:00am|09:15am|"Kirabo,Angella Nanteza"
MATH 105L|PRE-CALC II LAB|18027|CR5114|Fr|09:30am|10:45am|"Schmidt,Krysten"
MATH 105L|PRE-CALC II LAB|18397|CR5124|Fr|11:00am|12:15pm|"Sripimonwan,Brandon"
MATH 105L|PRE-CALC II LAB|18399|LO1326|Fr|12:30pm|01:45pm|"Schmidt,Krysten"
MATH 105L|PRE-CALC II LAB|18401|LO1125|Fr|12:30pm|01:45pm|"Kirabo,Angella Nanteza"
MATH 105L|PRE-CALC II LAB|18403|CR5208|Fr|02:00pm|03:15pm|"Woolsey,Nicholas William"
MATH 105L|PRE-CALC II LAB|18404|LO1326|Fr|02:00pm|03:15pm|"Pacheco,Kyle M"
MATH 105L|PRE-CALC II LAB|18409|LO1219|We|03:30pm|04:45pm|"Kirabo,Angella Nanteza"
MATH 105L|PRE-CALC II LAB|18410|LO1325|Fr|12:30pm|01:45pm|"Pacheco,Kyle M"
MATH 105L|PRE-CALC II LAB|18411|JR245|Tu|03:30pm|04:45pm|"Desilva,Suresha S"
MATH 105L|PRE-CALC II LAB|18412|BH313|Tu|03:30pm|04:45pm|"Woolsey,Nicholas William"
MATH 105L|PRE-CALC II LAB|18415|LO1125|We|05:00pm|06:15pm|"Sripimonwan,Brandon"
MATH 106|MATH NONCALC PHYS|20731|EH2228|MoWeFr|09:30am|10:55am|"Barbullushi,Ingrid"
MATH 106|MATH NONCALC PHYS|20732|SH268|MoWeTh|12:30pm|01:55pm|"Nusierat,Ola"
MATH 106|MATH NONCALC PHYS|20733|CR5118|MoWeTh|02:00pm|03:25pm|"Rowe,Tony S"
MATH 131|MATH IDEAS|17205|LO1317|MoWe|08:00am|09:15am|"Lee,Yeonjoo"
MATH 131|MATH IDEAS|21263|SH268|MoWe|09:30am|10:45am|"Hadi,Isnayni Ilhamia"
MATH 131|MATH IDEAS|17207|CR5118|MoWe|09:30am|10:45am|"Lee,Chulhee"
MATH 131|MATH IDEAS|17208|LO1325|MoWe|11:00am|12:15pm|"Estrada,Paul Portillo"
MATH 131|MATH IDEAS|17210|CR5209|MoWe|11:00am|12:15pm|"Lonner,Christopher"
MATH 131|MATH IDEAS|17211|SQ103|MoWe|12:30pm|01:45pm|"Sripimonwan,Brandon"
MATH 131|MATH IDEAS|20802|SH342|MoWe|02:00pm|03:15pm|"Badikyan,Minas"
MATH 131|MATH IDEAS|17597|LO1325|MoWe|02:00pm|03:15pm|"Britton,Aida Arakelians"
MATH 131|MATH IDEAS|17212|LO1325|MoWe|03:30pm|04:45pm|"Jannati,Kiarash"
MATH 131|MATH IDEAS|17213|CR5117|MoWe|03:30pm|04:45pm|"Castro Jr,Jose Adan"
MATH 131|MATH IDEAS|17787|LO1317|TuTh|08:00am|09:15am|"Arutyunyan,Erik"
MATH 131|MATH IDEAS|17682|LO1325|TuTh|08:00am|09:15am|"Haemaelaeinen,Rimma Aliisa"
MATH 131|MATH IDEAS|17803|CR5119|TuTh|09:30am|10:45am|"Qazi,Shafaq"
MATH 131|MATH IDEAS|21302|JR348|TuTh|09:30am|10:45am|"Corpeno,Julian Ernesto"
MATH 131|MATH IDEAS|17876|CR5119|TuTh|11:00am|12:15pm|"Terzyan,Arman"
MATH 131|MATH IDEAS|18624|CR5118|TuTh|11:00am|12:15pm|"Raffel,Gialuka"
MATH 131|MATH IDEAS|18626|LO1317|TuTh|11:00am|12:15pm|"Craig,Clayton James"
MATH 131|MATH IDEAS|18203|CR5209|TuTh|12:30pm|01:45pm|"Barakezyan,Armenuhi"
MATH 131|MATH IDEAS|18205|CR5117|TuTh|02:00pm|03:15pm|"van der Linden,Courtney M"
MATH 131|MATH IDEAS|21264|CR5208|TuTh|02:00pm|03:15pm|"Julhakyan,Zhora"
MATH 131|MATH IDEAS|21301|BB1236|TuTh|02:00pm|03:15pm|"Kokado,Kimberly"
MATH 131|MATH IDEAS|18251|LO1325|TuTh|03:30pm|04:45pm|"Kampe,Jennifer Noelle"
MATH 131|MATH IDEAS|18376|LO1325|FrSa|09:30am|10:45am|"Khoo,Jeremy Keat-Wah"
MATH 131|MATH IDEAS|18280|LO1326|FrSa|11:00am|12:15pm|"Horowitz,Justin R"
MATH 131HON|MATH IDEAS|18589|LO1325|TuTh|09:30am|10:45am|"Fernandez,Silvia"
MATH 140|INTRO STATISTICS|17394|LO1125|MoWe|08:00am|09:40am|"Button,Michael A"
MATH 140|INTRO STATISTICS|18201|LO1127|MoWe|08:00am|09:40am|"Chen,Debao"
MATH 140|INTRO STATISTICS|17214|CR5127|MoWe|08:00am|09:40am|"Agassi,Nathan"
MATH 140|INTRO STATISTICS|17215|LO1127|MoWe|10:00am|11:40am|"Watkins,Ann E"
MATH 140|INTRO STATISTICS|17216|JD3520|MoWe|10:00am|11:40am|"Bojkov,Alexander"
MATH 140|INTRO STATISTICS|18377|LO1125|MoWe|10:00am|11:40am|"Agassi,Nathan"
MATH 140|INTRO STATISTICS|17805|CR5127|MoWeFr|11:00am|12:10pm|"Vakilian,Ramin"
MATH 140|INTRO STATISTICS|20804|JD3520|MoWe|12:00pm|01:40pm|"Al-Sharadqah,Ali"
MATH 140|INTRO STATISTICS|17806|CR5127|MoWeFr|12:30pm|01:40pm|"Vakilian,Ramin"
MATH 140|INTRO STATISTICS|17683|LO1231|MoWe|02:00pm|03:40pm|"Graves,Lee Paul"
MATH 140|INTRO STATISTICS|17217|CR5122|MoWeFr|03:30pm|04:40pm|"Mkrtchyan,Tigran"
MATH 140|INTRO STATISTICS|21287|SH386|MoWe|04:00pm|05:40pm|"Shapiro,Bruce E"
MATH 140|INTRO STATISTICS|18276|CR5122|MoWe|05:00pm|06:40pm|"Lopez,Eloy A"
MATH 140|INTRO STATISTICS|18486|LO1231|MoWe|05:00pm|06:40pm|"Azzaz,Larbi"
MATH 140|INTRO STATISTICS|17624|LO1219|MoWe|06:30pm|08:10pm|"Chen,Debao"
MATH 140|INTRO STATISTICS|17395|LO1231|TuTh|08:00am|09:40am|"Craig,Clayton James"
MATH 140|INTRO STATISTICS|18357|CR5123|TuTh|08:00am|09:40am|"Button,Michael A"
MATH 140|INTRO STATISTICS|17218|LO1328|TuTh|08:00am|09:40am|"Agassi,Nathan"
MATH 140|INTRO STATISTICS|17219|CR5123|TuTh|10:00am|11:40am|"Crosswhite,Michael S"
MATH 140|INTRO STATISTICS|17599|LO1328|TuTh|10:00am|11:40am|"Asaad,Saif"
MATH 140|INTRO STATISTICS|18305|LO1328|TuTh|12:00pm|01:40pm|"Nalbandyan,Zorayr"
MATH 140|INTRO STATISTICS|18300|CR5123|TuTh|12:00pm|01:40pm|"Shamash,Ellis R"
MATH 140|INTRO STATISTICS|18487|SH386|TuTh|02:00pm|03:40pm|"Azzaz,Larbi"
MATH 140|INTRO STATISTICS|17220|NA101|TuTh|02:00pm|03:40pm|"Graves,Lee Paul"
MATH 140|INTRO STATISTICS|17221|LA181|TuTh|04:00pm|05:40pm|"Crosswhite,Michael S"
MATH 140|INTRO STATISTICS|17807|LO1328|TuTh|05:00pm|06:40pm|"Asaad,Saif"
MATH 140|INTRO STATISTICS|18489|CR5127|TuTh|06:30pm|08:10pm|"Azzaz,Larbi"
MATH 140|INTRO STATISTICS|17326|LO1125|TuTh|06:30pm|08:10pm|"Berkowitz,David"
MATH 140|INTRO STATISTICS|17684|LO1124|MoWe|01:00pm|01:50pm|"Lopez,Eloy A"
MATH 140|INTRO STATISTICS|18301|LO1127|MoWe|02:00pm|02:50pm|"Bojkov,Alexander"
MATH 140|INTRO STATISTICS|18277|ONLINE|TBA|TBA|TBA|"Dye,John M"
MATH 150A|CALCULUS I|17222|CR5124|MoTuWeTh|08:00am|09:05am|"Sarkssian,Henrik"
MATH 150A|CALCULUS I|17923|CR5124|MoTuWeTh|09:30am|10:35am|"Abrego,Bernardo M"
MATH 150A|CALCULUS I|17223|SH209|MoTuWeTh|09:30am|10:35am|"Sarkssian,Henrik"
MATH 150A|CALCULUS I|18040|CR5117|MoTuWeTh|11:00am|12:05pm|"Onzol,Bozena I"
MATH 150A|CALCULUS I|18059|CR5114|MoWeTh|11:00am|12:25pm|"Han,Xiaolong"
MATH 150A|CALCULUS I|17360|CR5124|MoTuWeTh|12:30pm|01:35pm|"Kerobyan,Khanik Mark"
MATH 150A|CALCULUS I|18060|LO1219|MoWeFr|12:30pm|01:55pm|"Shen,Yannan"
MATH 150A|CALCULUS I|17224|CR5114|MoWeFr|12:30pm|01:55pm|"Alekseenko,Alexander M"
MATH 150A|CALCULUS I|18061|LO1326|MoTuTh|02:00pm|03:25pm|"Candel,Alberto"
MATH 150A|CALCULUS I|17688|CR5117|MoWeFr|02:00pm|03:25pm|"Daly,Douraid"
MATH 150A|CALCULUS I|18062|LO1326|MoTuTh|03:30pm|04:55pm|"Polewczak,Jacek M"
MATH 150A|CALCULUS I|18378|CR5208|MoTuTh|03:30pm|04:55pm|"Jankins,Mark"
MATH 150A|CALCULUS I|18435|CR5124|MoWeTh|05:00pm|06:25pm|"Jankins,Mark"
MATH 150AL|CALCULUS I LAB|17863|CR5124|Fr|08:00am|09:15am|"Barakezyan,Armenuhi"
MATH 150AL|CALCULUS I LAB|17924|CR5124|Fr|09:30am|10:45am|"Barakezyan,Armenuhi"
MATH 150AL|CALCULUS I LAB|17864|LO1325|Th|11:00am|12:15pm|"Mejia,Stephanie"
MATH 150AL|CALCULUS I LAB|18063|CR5117|Fr|11:00am|12:15pm|"Farahani,Shahdad"
MATH 150AL|CALCULUS I LAB|18064|CR5114|Tu|11:00am|12:15pm|"Khachatryan,Nushik"
MATH 150AL|CALCULUS I LAB|17866|CR5124|Fr|12:30pm|01:45pm|"Farahani,Shahdad"
MATH 150AL|CALCULUS I LAB|18065|LO1325|Fr|02:00pm|03:15pm|"Lee,Yeonjoo"
MATH 150AL|CALCULUS I LAB|17867|CR5114|Fr|11:00am|12:15pm|"Lee,Yeonjoo"
MATH 150AL|CALCULUS I LAB|18066|LO1326|We|02:00pm|03:15pm|"Mamtaz,Farhana"
MATH 150AL|CALCULUS I LAB|17868|CR5123|Fr|12:30pm|01:45pm|"Woolsey,Nicholas William"
MATH 150AL|CALCULUS I LAB|18067|LO1326|We|03:30pm|04:45pm|"Mejia,Stephanie"
MATH 150AL|CALCULUS I LAB|18079|CR5208|We|03:30pm|04:45pm|"Mamtaz,Farhana"
MATH 150AL|CALCULUS I LAB|18080|CR5124|Tu|05:00pm|06:15pm|"Woolsey,Nicholas William"
MATH 150B|CALCULUS II|17225|CR5208|MoTuWeTh|08:00am|09:05am|"Neubauer,Michael G"
MATH 150B|CALCULUS II|18068|LO1326|MoWeTh|09:30am|10:55am|"Li,Jing"
MATH 150B|CALCULUS II|17226|CR5208|MoTuWeTh|09:30am|10:35am|"Neubauer,Michael G"
MATH 150B|CALCULUS II|17925|LO1326|MoTuWeTh|11:00am|12:05pm|"Horn,Werner"
MATH 150B|CALCULUS II|18069|CR5119|MoTuWeTh|12:30pm|01:35pm|"Ravanbakhsh,Hamid"
MATH 150B|CALCULUS II|17227|CR5117|MoWeFr|12:30pm|01:55pm|"Daly,Douraid"
MATH 150B|CALCULUS II|18070|CR5124|MoTuTh|02:00pm|03:25pm|"Fuller,Terry S"
MATH 150B|CALCULUS II|17808|CR5123|MoWeTh|02:00pm|03:25pm|"Imhoff,Gregory B"
MATH 150B|CALCULUS II|18071|CR5114|MoTuTh|03:30pm|04:55pm|"Sprouse,Chadwick"
MATH 150B|CALCULUS II|18072|CR5114|MoTuTh|05:00pm|06:25pm|"Yomba,Emmanuel"
MATH 150BL|CALCULUS II LAB|17869|CR5208|Fr|08:00am|09:15am|"Lee,Chulhee"
MATH 150BL|CALCULUS II LAB|18073|LO1326|Tu|09:30am|10:45am|"Mejia,Stephanie"
MATH 150BL|CALCULUS II LAB|17870|CR5208|Fr|09:30am|10:45am|"Lee,Chulhee"
MATH 150BL|CALCULUS II LAB|17926|CR5119|Fr|11:00am|12:15pm|"Villatoro,Cristian"
MATH 150BL|CALCULUS II LAB|18074|CR5119|Fr|12:30pm|01:45pm|"Sarian,Daniel"
MATH 150BL|CALCULUS II LAB|17872|CR5119|Fr|02:00pm|03:15pm|"Sarian,Daniel"
MATH 150BL|CALCULUS II LAB|18075|CR5124|We|02:00pm|03:15pm|"Mejia,Stephanie"
MATH 150BL|CALCULUS II LAB|17873|CR5123|Tu|02:00pm|03:15pm|"Raffel,Gialuka"
MATH 150BL|CALCULUS II LAB|18076|CR5114|We|03:30pm|04:45pm|"Ramirez,Miriam E"
MATH 150BL|CALCULUS II LAB|18077|CR5114|We|05:00pm|06:15pm|"Ramirez,Miriam E"
MATH 196QR|STRETCH-QR|18497|BH312|MoTuTh|08:00am|09:25am|"Gaines,Gregory Boyd"
MATH 196QR|STRETCH-QR|18499|BH312|MoTuTh|09:30am|10:55am|"Gonzales,Otilia Nineth"
MATH 196QR|STRETCH-QR|18500|BH313|MoTuTh|09:30am|10:55am|"Shows,Saida B"
MATH 196QR|STRETCH-QR|18502|BH312|MoTuTh|11:00am|12:25pm|"Gonzales,Otilia Nineth"
MATH 196QR|STRETCH-QR|18503|BH313|MoTuTh|11:00am|12:25pm|"Shows,Saida B"
MATH 196QR|STRETCH-QR|18504|BH312|MoTuTh|12:30pm|01:55pm|"Chandran,Anupama"
MATH 196QR|STRETCH-QR|18506|BH312|MoTuTh|02:00pm|03:25pm|"Gonzales,Otilia Nineth"
MATH 196QR|STRETCH-QR|18507|BH313|MoTuTh|02:00pm|03:25pm|"Chandran,Anupama"
MATH 196QR|STRETCH-QR|18508|BH310|MoTuTh|04:00pm|05:25pm|"Valbuena,Mark A"
MATH 196QR|STRETCH-QR|18510|BH310|MoTuTh|05:30pm|06:55pm|"Valbuena,Mark A"
MATH 196QR|STRETCH-QR|18511|BH313|MoWeTh|08:00am|09:25am|"Tadevosyan,Lusine"
MATH 196QR|STRETCH-QR|18513|BH314|MoWeTh|09:30am|10:55am|"Hakobyan,Andranik"
MATH 196QR|STRETCH-QR|18516|BH314|MoWeTh|11:00am|12:25pm|"Lopez,Eloy A"
MATH 196QR|STRETCH-QR|18518|BH314|MoWeTh|12:30pm|01:55pm|"Hakobyan,Andranik"
MATH 196QR|STRETCH-QR|18520|BH314|MoWeTh|02:00pm|03:25pm|"Green,Leeta A"
MATH 196QR|STRETCH-QR|18522|BH312|MoWeTh|04:00pm|05:25pm|"Silvia,Michael"
MATH 196QR|STRETCH-QR|18523|BH314|MoWeTh|04:30pm|05:55pm|"Cover,Gregory Morris"
MATH 196QR|STRETCH-QR|18524|BH304|MoWeFr|08:00am|09:25am|"Gunderson,Beverly Hernandez"
MATH 196QR|STRETCH-QR|18526|BH304|MoWeFr|09:30am|10:55am|"Rahmani,Sheida"
MATH 196QR|STRETCH-QR|18527|BH316|MoWeFr|09:30am|10:55am|"Martinez-Quijada,Mario Elias"
MATH 196QR|STRETCH-QR|18529|BH315|MoWeFr|11:00am|12:25pm|"Martinez-Quijada,Mario Elias"
MATH 196QR|STRETCH-QR|18531|BH304|MoWeFr|12:30pm|01:55pm|"Barbullushi,Ingrid"
MATH 196QR|STRETCH-QR|18533|BH304|MoWeFr|02:00pm|03:25pm|"Martinez-Quijada,Mario Elias"
MATH 196QR|STRETCH-QR|18535|BH316|TuThFr|08:00am|09:25am|"Berlin,Peter R"
MATH 196QR|STRETCH-QR|18537|LO1127|TuThFr|09:30am|10:55am|"Reyes,Claudia H"
MATH 196QR|STRETCH-QR|18538|BB1202|TuThFr|09:30am|10:55am|"Tadevosyan,Lusine"
MATH 196QR|STRETCH-QR|18539|BH316|TuThFr|11:00am|12:25pm|"Berlin,Peter R"
MATH 196QR|STRETCH-QR|18542|BH316|TuThFr|12:30pm|01:55pm|"Berlin,Peter R"
MATH 196QR|STRETCH-QR|18544|BH316|TuThFr|02:00pm|03:25pm|"Gaines,Gregory Boyd"
MATH 196S|MATH PREP STEM|20704|BH310|MoTuWeTh|08:00am|09:05am|"Fine,Richard L"
MATH 196S|MATH PREP STEM|20705|CR5119|MoTuWeTh|08:00am|09:05am|"Barbullushi,Ingrid"
MATH 196S|MATH PREP STEM|20706|BH310|MoTuWeTh|09:30am|10:35am|"Fine,Richard L"
MATH 196S|MATH PREP STEM|20707|BB1204|MoTuWeTh|09:30am|10:35am|"Papisyan,Susanna"
MATH 196S|MATH PREP STEM|20708|BH310|MoTuWeTh|11:00am|12:05pm|"Silvia,Michael"
MATH 196S|MATH PREP STEM|20709|BB1204|MoTuWeTh|11:00am|12:05pm|"Papisyan,Susanna"
MATH 196S|MATH PREP STEM|20710|BH304|MoWeFr|11:00am|12:25pm|"Rahmani,Sheida"
MATH 196S|MATH PREP STEM|20711|BH310|MoTuWeTh|12:30pm|01:35pm|"Silvia,Michael"
MATH 196S|MATH PREP STEM|20712|BH313|MoTuWeTh|12:30pm|01:35pm|"Fine,Richard L"
MATH 196S|MATH PREP STEM|20713|BH310|MoTuWeTh|02:00pm|03:05pm|"Papisyan,Susanna"
MATH 196S|MATH PREP STEM|20714|BH304|MoTuTh|03:30pm|04:55pm|"Chandran,Anupama"
MATH 196S|MATH PREP STEM|20715|LO1125|MoTuWeTh|03:30pm|04:35pm|"Makaryan,Mariya"
MATH 210|BAS NUMB CONCEPTS|17375|SH264|MoWe|12:30pm|01:45pm|"Grigoryan,Siranush"
MATH 210|BAS NUMB CONCEPTS|17600|LO1325|TuTh|12:30pm|01:45pm|"Gunderson,Beverly Hernandez"
MATH 210|BAS NUMB CONCEPTS|17228|CR5117|TuTh|12:30pm|01:45pm|"Grigoryan,Siranush"
MATH 210|BAS NUMB CONCEPTS|20723|CR5208|TuTh|05:00pm|06:15pm|"So,Maria D"
MATH 211|STAT&PROB FOR TCH|18256|SH276|MoWe|11:00am|12:15pm|"Kelkar,Asawari"
MATH 211|STAT&PROB FOR TCH|18278|LO1219|MoWe|05:00pm|06:15pm|"Tchertchian,Edouard Agop"
MATH 250|CALCULUS III|17229|CR5117|MoWe|09:30am|10:45am|"Enakoutsa,Koffi"
MATH 250|CALCULUS III|17230|CR5123|MoWe|11:00am|12:15pm|"Mkrtchyan,Tigran"
MATH 250|CALCULUS III|18358|SH267|MoWe|12:30pm|01:45pm|"Mkrtchyan,Tigran"
MATH 250|CALCULUS III|17231|CR5127|MoWe|02:00pm|03:15pm|"Kerobyan,Khanik Mark"
MATH 250|CALCULUS III|17877|CR5123|MoWe|05:00pm|06:15pm|"Ravanbakhsh,Hamid"
MATH 250|CALCULUS III|18078|CR5127|TuTh|09:30am|10:45am|"Enakoutsa,Koffi"
MATH 250|CALCULUS III|18179|CR5208|TuTh|12:30pm|01:45pm|"Klein,David M"
MATH 250|CALCULUS III|18252|LO1231|TuTh|03:30pm|04:45pm|"Castro,James D"
MATH 255A|CALC LIFE SCI I|18431|SQ109|MoWe|12:30pm|01:45pm|"Shamash,Ellis R"
MATH 255A|CALC LIFE SCI I|18432|CR5127|TuTh|11:00am|12:15pm|"Panferov,Vladislav"
MATH 255A|CALC LIFE SCI I|18433|CR5127|TuTh|12:30pm|01:45pm|"Imhoff,Gregory B"
MATH 255AL|CALC LIFE SCI I LAB|18422|BH310|Fr|12:30pm|01:45pm|"Khachatryan,Nushik"
MATH 255AL|CALC LIFE SCI I LAB|18424|CR5208|Fr|11:00am|12:15pm|"Kim,Joshua"
MATH 255AL|CALC LIFE SCI I LAB|18426|CR5208|Fr|12:30pm|01:45pm|"Kim,Joshua"
MATH 255B|CALC LIFE SCI  II|17232|LO1326|TuTh|12:30pm|01:45pm|"Panferov,Vladislav"
MATH 255BL|CALC LIFE SCI II LAB|18437|CR5118|Fr|12:30pm|01:45pm|"Desilva,Suresha S"
MATH 262|INTRO LINEAR ALG|17601|CR5118|MoWe|11:00am|12:15pm|"Lo,Jason"
MATH 262|INTRO LINEAR ALG|17602|CR5123|MoWe|03:30pm|04:45pm|"Castro,James D"
MATH 262|INTRO LINEAR ALG|17472|SH203|MoWe|05:00pm|06:15pm|"Lo,Jason"
MATH 262|INTRO LINEAR ALG|18098|LO1231|TuTh|11:00am|12:15pm|"Yomba,Emmanuel"
MATH 262|INTRO LINEAR ALG|18381|LO1219|TuTh|02:00pm|03:15pm|"Castro,James D"
MATH 280|APPLIED DIFF EQ|17233|CR5119|MoWe|09:30am|10:45am|"Daly,Douraid"
MATH 280|APPLIED DIFF EQ|17473|CR5208|MoWe|12:30pm|01:45pm|"Onzol,Bozena I"
MATH 280|APPLIED DIFF EQ|17603|CR5124|MoWe|03:30pm|04:45pm|"Imhoff,Gregory B"
MATH 280|APPLIED DIFF EQ|18152|CR5117|TuTh|09:30am|10:45am|"Onzol,Bozena I"
MATH 280|APPLIED DIFF EQ|18255|CR5114|TuTh|02:00pm|03:15pm|"Horn,Werner"
MATH 310|BAS CON GEOM|17255|CR5208|MoWe|11:00am|12:15pm|"Carbonell,Jesus V"
MATH 310|BAS CON GEOM|17256|CR5208|MoWe|02:00pm|03:15pm|"Petrosians,Sevana"
MATH 310|BAS CON GEOM|17811|CR5208|TuTh|07:00pm|08:15pm|"Carbonell,Jesus V"
MATH 310L|GEOM & STAT LAB|17411|CR5209|Mo|04:00pm|05:50pm|"So,Maria D"
MATH 312|BAS ALG CONCEPTS|18307|CR5114|MoWe|02:00pm|03:15pm|"Asatryan,John"
MATH 312|BAS ALG CONCEPTS|18379|CR5123|TuTh|07:00pm|08:15pm|"Tchertchian,Edouard Agop"
MATH 320|FOUND HIGHER MATH|17257|CR5118|MoWe|12:30pm|01:45pm|"Stevenson,Katherine"
MATH 320|FOUND HIGHER MATH|18153|LO1219|TuTh|03:30pm|04:45pm|"Kim,Sungjin"
MATH 326|DISCRETE MATH|17258|CR5117|TuTh|03:30pm|04:45pm|"Toth,Csaba D"
MATH 331|MATH EXPLORATIONS|18146|ONLINE|TBA|TBA|TBA|"Tchertchian,Edouard Agop"
MATH 340|INTRO PROBABILITY|17605|JR118|MoWe|09:30am|10:45am|"Onzol,Bozena I"
MATH 340|INTRO PROBABILITY|18447|SH106|TuTh|12:30pm|01:45pm|"Kim,Sungjin"
MATH 340|INTRO PROBABILITY|17606|CR5118|TuTh|12:30pm|01:45pm|"Evans,Kellie M"
MATH 340|INTRO PROBABILITY|18495|LO1219|TuTh|05:00pm|06:15pm|"Dye,John M"
MATH 341|APPL STATISTICS I|17355|BH315|MoWe|12:30pm|01:45pm|"Watkins,Ann E"
MATH 341|APPL STATISTICS I|18185|CR5114|TuTh|12:30pm|01:45pm|"Zambom,Adriano Zanin"
MATH 341|APPL STATISTICS I|18302|LO1231|TuTh|05:00pm|06:15pm|"Kerobyan,Khanik Mark"
MATH 351|DIFF EQUATIONS|17259|SH106|MoWe|11:00am|12:15pm|"Shen,Yannan"
MATH 351|DIFF EQUATIONS|21198|LO1317|MoWe|11:00am|12:15pm|"Shubin,Carol A"
MATH 360|ABS ALGEBRA I|17376|CR5114|TuTh|06:30pm|07:45pm|"Rosen,Jerry D"
MATH 382|SCIENTIFIC COMP|17621|LO1322|Tu|12:00pm|01:40pm|"Enakoutsa,Koffi"
MATH 382L|SCIENTIF COMP LAB|17613|LO1322|Th|12:00pm|01:50pm|"Enakoutsa,Koffi"
MATH 391|FIELD EXP MATH|17607|BH313|Fr|12:00pm|12:50pm|"Nemeth,Andrea"
MATH 440A|MATH STATISTICS I|17260|SQ109|TuTh|03:30pm|04:45pm|"Zambom,Adriano Zanin"
MATH 450A|ADV CALCULUS I|17475|LO1326|MoWe|12:30pm|01:45pm|"Abrego,Bernardo M"
MATH 450A|ADV CALCULUS I|17476|CR5123|TuTh|05:00pm|06:15pm|"Panferov,Vladislav"
MATH 460|ABS ALGEBRA II|17356|CR5114|MoWe|06:30pm|07:45pm|"Katz,Daniel J"
MATH 462|ADV LINEAR ALGBRA|17262|CR5208|MoWe|05:00pm|06:15pm|"Vakilian,Ramin"
MATH 480|PARTI DIFF EQUATIONS|17608|CR5119|MoWe|11:00am|12:15pm|"Li,Jing"
MATH 481A|NUMER ANALYSIS|17477|CR5127|TuTh|02:00pm|03:15pm|"Polewczak,Jacek M"
MATH 482|COMB ALGORITHMS|17478|CR5208|TuTh|11:00am|12:15pm|"Dye,John M"
MATH 494|PRACT EXP MATH|17732|TBA|TBA|TBA|TBA|Staff
MATH 499A|INDEPENDENT STUDY|17733|TBA|TBA|TBA|TBA|Staff
MATH 499B|INDEPENDENT STUDY|17737|TBA|TBA|TBA|TBA|Staff
MATH 499C|INDEPENDENT STUDY|17741|TBA|TBA|TBA|TBA|Staff
MATH 501|TOPOLOGY|17263|CR5117|TuTh|05:00pm|06:15pm|"Toth,Csaba D"
MATH 542D|TOPICS STAT&PROB|20726|LO1322|MoWe|05:00pm|06:15pm|"Al-Sharadqah,Ali"
MATH 550|CALC ON MANIFOLDS|17354|CR5124|TuTh|06:30pm|07:45pm|"Fuller,Terry S"
MATH 552|REAL ANALYSIS|21134|LO1326|TuTh|05:00pm|06:15pm|"Sprouse,Chadwick"
MATH 589|SEMINAR IN MATH|17609|TBA|TBA|TBA|TBA|"Horn,Werner"
MATH 592B|TOPICS APPL MATH|20761|CR5124|MoWe|06:30pm|07:45pm|"Alekseenko,Alexander M"
MATH 595C|SPECIAL TOPIC|18439|CR5117|MoWe|06:30pm|07:45pm|"Lo,Jason"
MATH 651A|TOPICS AN GEO TOP|20728|CR5117|MoWe|05:00pm|06:15pm|"Han,Xiaolong"
MATH 697A|DIR COMP STUDIES|17756|TBA|TBA|TBA|TBA|Staff
MATH 697B|DIR COMP STUDIES|17757|TBA|TBA|TBA|TBA|Staff
MATH 697C|DIR COMP STUDIES|17758|TBA|TBA|TBA|TBA|Staff
MATH 698A|THESIS/GRAD PROJ|17759|TBA|TBA|TBA|TBA|Staff
MATH 698B|THESIS/GRAD PROJ|17760|TBA|TBA|TBA|TBA|Staff
MATH 698C|THESIS/GRAD PROJ|17761|TBA|TBA|TBA|TBA|Staff
MATH 699A|INDEPENDENT STUDY|17762|TBA|TBA|TBA|TBA|Staff
MATH 699B|INDEPENDENT STUDY|17766|TBA|TBA|TBA|TBA|Staff
MATH 699C|INDEPENDENT STUDY|17770|TBA|TBA|TBA|TBA|Staff
MATH 699F|INDEPENDENT STUDY|17328|TBA|TBA|TBA|TBA|Staff
