MGT 360|MANAG & ORG BEHAV|13426|NA101|We|02:00pm|03:15pm|"Glick,Deborah B"
MGT 360|MANAG & ORG BEHAV|13427|TBA|TBA|TBA|TBA|Staff
MGT 360|MANAG & ORG BEHAV|13428|NA101|Fr|09:30am|10:45am|"Flannery,Diane"
MGT 360|MANAG & ORG BEHAV|13429|NA101|Mo|02:00pm|03:15pm|"Hoch,Julia E"
MGT 360|MANAG & ORG BEHAV|13491|NA101|Mo|04:00pm|05:15pm|"Hoch,Julia E"
MGT 360|MANAG & ORG BEHAV|13892|NA101|Mo|05:30pm|06:45pm|"Hanen,Karen B"
MGT 360|MANAG & ORG BEHAV|13915|NA101|Mo|07:00pm|08:15pm|"Hanen,Karen B"
MGT 360BH|MANAG & ORG BEHAV|13884|BB1212|Tu|03:30pm|06:15pm|"Naidoo,Loren"
MGT 370|MGT SKILLS DEVLOP|13430|BB1236|MoWe|11:00am|12:15pm|"Bamrungpong,Silvina G Paciencia"
MGT 370|MGT SKILLS DEVLOP|13476|BB1236|Fr|09:00am|11:45am|"Smith,Wayne W"
MGT 370|MGT SKILLS DEVLOP|13552|BB1103|We|07:00pm|09:45pm|"Foley,Drew T"
MGT 370|MGT SKILLS DEVLOP|13682|BB1208|We|03:30pm|06:15pm|"Foley,Drew T"
MGT 370|MGT SKILLS DEVLOP|13824|TBA|TBA|TBA|TBA|Staff
MGT 370|MGT SKILLS DEVLOP|13825|BB1212|TuTh|11:00am|12:15pm|"Smith,Wayne W"
MGT 370|MGT SKILLS DEVLOP|13880|BB1208|Sa|08:00am|10:45am|"Foley,Drew T"
MGT 370|MGT SKILLS DEVLOP|13992|BB1236|MoWe|09:30am|10:45am|"Bamrungpong,Silvina G Paciencia"
MGT 380|EMPLOYMENT PRACT|13431|BB1119|Tu|07:00pm|09:45pm|"Walker,Sheila M"
MGT 380|EMPLOYMENT PRACT|13524|BB1234|Th|07:00pm|09:45pm|"Velasco,Claudia N"
MGT 380|EMPLOYMENT PRACT|13817|BB1228|MoWe|03:30pm|04:45pm|"Walker,Sheila M"
MGT 380|EMPLOYMENT PRACT|13881|BB1204|TuTh|05:00pm|06:15pm|"Virem,Nathalie P"
MGT 380|EMPLOYMENT PRACT|13882|BB1240|MoWe|12:30pm|01:45pm|"Davis,Bruce W"
MGT 380|EMPLOYMENT PRACT|13899|BB1236|Sa|12:00pm|02:45pm|"Davis,Bruce W"
MGT 380|EMPLOYMENT PRACT|13933|BB1236|Tu|07:00pm|09:45pm|"Christopher,Violet Z"
MGT 450|ORG CHANGE & DEV|13771|BB1236|TuTh|12:30pm|01:45pm|"Walker,Sheila M"
MGT 450|ORG CHANGE & DEV|13890|BB1208|Sa|11:00am|01:45pm|"Foley,Drew T"
MGT 450|ORG CHANGE & DEV|13912|TBA|TBA|TBA|TBA|Staff
MGT 454|LEADRSHP POWR&POL|13701|BB1240|TuTh|03:30pm|04:45pm|"Ronen,Sigalit"
MGT 454|LEADRSHP POWR&POL|13702|BB1240|TuTh|05:00pm|06:15pm|"Ronen,Sigalit"
MGT 454|LEADRSHP POWR&POL|13900|BB1208|We|07:00pm|09:45pm|"Christopher,Violet Z"
MGT 456|NEGOT&CONFLCT MGT|13683|BB1234|Mo|07:00pm|09:45pm|"Hartley,Jeanne"
MGT 458|DECISION MAKING|13703|BB1204|Tu|07:00pm|09:45pm|"Flannery,Diane"
MGT 458|DECISION MAKING|13852|BB1208|TuTh|11:00am|12:15pm|"Green,Sandy E"
MGT 458|DECISION MAKING|13922|BB1208|TuTh|12:30pm|01:45pm|"Green,Sandy E"
MGT 458|DECISION MAKING|20677|TBA|TBA|TBA|TBA|Staff
MGT 460|STRAT HUM RES MGT|13434|BB1119|MoWe|12:30pm|01:45pm|"Hernandez,Laura D"
MGT 460|STRAT HUM RES MGT|13883|TBA|TBA|TBA|TBA|Staff
MGT 460|STRAT HUM RES MGT|13911|BB1133|Th|07:00pm|09:45pm|"Parkhurst,Micheal S"
MGT 460|STRAT HUM RES MGT|20676|BB1133|TuTh|05:00pm|06:15pm|"Parkhurst,Micheal S"
MGT 462|BUS&SOCIETY|13818|BB1133|MoWe|03:30pm|04:45pm|"Gorman,Philip C"
MGT 464|INTERNTL BUS MGMT|13571|BB1208|MoWe|09:30am|10:45am|"Glick,Deborah B"
MGT 464|INTERNTL BUS MGMT|13772|BB1208|MoWe|11:00am|12:15pm|"Glick,Deborah B"
MGT 464|INTERNTL BUS MGMT|20667|TBA|TBA|TBA|TBA|Staff
MGT 468|CRISIS MANAGEMENT|13885|BB1238|Tu|07:00pm|09:45pm|"Alpaslan,Can M"
MGT 496G|MGT BCHAIN|21174|TBA|TBA|TBA|TBA|Staff
MGT 498C|INTERNSHIP MGT|13706|BB1208|Th|03:30pm|06:15pm|"Shelton,Lois M"
MGT 498C|INTERNSHIP MGT|13707|BB1236|Mo|03:30pm|06:15pm|"Shelton,Lois M"
MGT 498C|INTERNSHIP MGT|13708|BB1208|Th|07:00pm|09:45pm|"Consoli,John"
MGT 498C|INTERNSHIP MGT|13866|TBA|TBA|TBA|TBA|Staff
MGT 498C|INTERNSHIP MGT|13901|TBA|TBA|TBA|TBA|Staff
MGT 498CE|INTERNSHIP MGT|13982|BB1236|Mo|03:30pm|06:15pm|"Shelton,Lois M"
MGT 620|ORAGNIZTNL BEHAVR|13438|BB1228|Tu|07:00pm|09:45pm|"Ronen,Sigalit"
MGT 635|HR MANAGEMENT|13829|TBA|TBA|TBA|TBA|Staff
MGT 693|STRATEGIC MANGMNT|13437|BB1103|Tu|07:00pm|09:45pm|"Jain,Sanjay"
MGT 699|INDEPENDENT STUDY|13470|TBA|TBA|TBA|TBA|Staff
