MUS 105|UNDERSTAND MUSIC|10008|MZ130|Fr|02:00pm|04:45pm|"Hofmann,Richard Glenn"
MUS 105|UNDERSTAND MUSIC|10007|NH113|MoWe|02:00pm|03:15pm|"Dorsa,James"
MUS 105|UNDERSTAND MUSIC|10634|ONLINE|TBA|TBA|TBA|"Dorsa,James"
MUS 105|UNDERSTAND MUSIC|10858|ONLINE|TBA|TBA|TBA|"Allport Counseller,Allison"
MUS 105|UNDERSTAND MUSIC|10861|ONLINE|TBA|TBA|TBA|"Dorsa,James"
MUS 105|UNDERSTAND MUSIC|11642|ONLINE|TBA|TBA|TBA|"Dolas,Helen G"
MUS 106HH|HIP HOP MUSIC|10635|NH113|Fr|08:00am|10:45am|"Garrett,Glen R"
MUS 107|MUSIC TODAY|10002|ONLINE|TBA|TBA|TBA|"Buonamassa,John N"
MUS 107|MUSIC TODAY|10003|NH113|MoWe|09:30am|10:45am|"Pozzi,David A"
MUS 107|MUSIC TODAY|10004|CR5122|Fr|08:00am|10:45am|"Edelstein,David G"
MUS 107|MUSIC TODAY|11403|CY159|MoWe|08:00am|09:15am|"Pozzi,David A"
MUS 107|MUSIC TODAY|11776|NH113|Th|04:00pm|06:45pm|"Garrett,Glen R"
MUS 108|MUSIC IN FILM|10006|NH113|MoWe|11:00am|12:15pm|"Malpede,William V"
MUS 108|MUSIC IN FILM|10005|NH113|Fr|11:00am|01:45pm|"Rusich,Clinton"
MUS 108|MUSIC IN FILM|10461|OV025|MoWe|12:30pm|01:45pm|"Cross,Mark C"
MUS 110A|KEYBD MSHIP I|10011|CY240|MoWe|08:30am|09:20am|"Lancaster,Emanuel L"
MUS 110A|KEYBD MSHIP I|10009|CY240|MoWe|03:00pm|03:50pm|"Kowalchyk,Gayle"
MUS 110A|KEYBD MSHIP I|10012|CY240|TuTh|08:30am|09:20am|"Stoll,Jason A V"
MUS 110A|KEYBD MSHIP I|10010|CY240|TuTh|02:00pm|02:50pm|"Kowalchyk,Gayle"
MUS 111|MUSICIANSHIP I|10747|CY270|MoWe|09:30am|09:55am|"Whitener,John L"
MUS 111|MUSICIANSHIP I|10014|CY270|MoWe|08:00am|08:25am|"Whitener,John L"
MUS 111|MUSICIANSHIP I|10013|CY217|MoWe|09:30am|09:55am|"Allport Counseller,Allison"
MUS 111L|MUSICNSHIP I LAB|10748|CY270|MoWe|09:55am|10:45am|"Whitener,John L"
MUS 111L|MUSICNSHIP I LAB|10016|CY270|MoWe|08:25am|09:15am|"Whitener,John L"
MUS 111L|MUSICNSHIP I LAB|10015|CY217|MoWe|09:55am|10:45am|"Allport Counseller,Allison"
MUS 130|GUITAR SIGHTREAD|11963|CY108|We|01:00pm|01:50pm|"Fasola,Bryan K"
MUS 131A|FIRST YEAR PIANO|10614|CY240|TuTh|12:00pm|12:50pm|"Kowalchyk,Gayle"
MUS 132A|KEYBD SKILLS I|11782|CY240|TuTh|01:00pm|01:50pm|"Howard,Timothy P"
MUS 133A|BEGINNING GUITAR|10017|CY108|We|02:00pm|03:40pm|"Fasola,Bryan K"
MUS 140B|IND LS FLUTE|10947|TBA|TBA|TBA|TBA|"Clark,Heather A"
MUS 140B|IND LS FLUTE|21257|TBA|TBA|TBA|TBA|"Iles,Sandra K"
MUS 141A|IND LS OBOE|10118|TBA|TBA|TBA|TBA|"Gilad,Kimaree T"
MUS 143A|IND LS CLARINET|10120|TBA|TBA|TBA|TBA|"Badgley,Candis E"
MUS 143B|IND LS CLARINET|10951|TBA|TBA|TBA|TBA|"Heinen,Julia M"
MUS 143B|IND LS CLARINET|11326|TBA|TBA|TBA|TBA|"Heinen,Julia M"
MUS 144A|IND LS SAXOPHONE|10121|TBA|TBA|TBA|TBA|"Sorrell,Benjamin D"
MUS 144A|IND LS SAXOPHONE|10122|TBA|TBA|TBA|TBA|"Golan,Shai S"
MUS 144B|IND LS SAXOPHONE|10952|TBA|TBA|TBA|TBA|"Mull,Michael Joseph"
MUS 144B|IND LS SAXOPHONE|10953|TBA|TBA|TBA|TBA|"Sorrell,Benjamin D"
MUS 145A|IND LS TRUMPET|10555|TBA|TBA|TBA|TBA|"Shear,Howard L"
MUS 145A|IND LS TRUMPET|10556|TBA|TBA|TBA|TBA|"Hofmann,Richard Glenn"
MUS 145B|IND LS TRUMPET|10958|TBA|TBA|TBA|TBA|"Lewis,Jon L"
MUS 146B|IND LS HORN|10959|TBA|TBA|TBA|TBA|"Bosler,Anna"
MUS 147A|IND LS TROM/EUPH|10600|TBA|TBA|TBA|TBA|"Radke,Paul"
MUS 147B|IND LS TROM/EUPH|10962|TBA|TBA|TBA|TBA|"Radke,Paul"
MUS 148B|IND LS TUBA|10964|TBA|TBA|TBA|TBA|"Cooper,Philip Blake"
MUS 149A|IND LS PERCUSSION|10166|TBA|TBA|TBA|TBA|"Smith,Aaron Todd"
MUS 149A|IND LS PERCUSSION|10655|TBA|TBA|TBA|TBA|"Harnell,Jason"
MUS 149B|IND LS PERCUSSION|10966|TBA|TBA|TBA|TBA|"Magnussen,John P"
MUS 149B|IND LS PERCUSSION|10967|TBA|TBA|TBA|TBA|"Smith,Aaron Todd"
MUS 150A|IND LS PIANO|10169|TBA|TBA|TBA|TBA|"Stoll,Jason A V"
MUS 150A|IND LS PIANO|10170|TBA|TBA|TBA|TBA|"Tadmor,Tali"
MUS 150B|IND LS PIANO|10971|TBA|TBA|TBA|TBA|"Stoll,Jason A V"
MUS 150B|IND LS PIANO|10972|TBA|TBA|TBA|TBA|"Rachmanov,Dmitry"
MUS 154A|IND LS VOICE|10175|TBA|TBA|TBA|TBA|"Baker,Katherine R"
MUS 154A|IND LS VOICE|10180|TBA|TBA|TBA|TBA|"Davis,Erica G"
MUS 154B|IND LS VOICE|10979|TBA|TBA|TBA|TBA|"Davis,Erica G"
MUS 154B|IND LS VOICE|10981|TBA|TBA|TBA|TBA|"Ketchie-Saar,Diane"
MUS 154B|IND LS VOICE|10982|TBA|TBA|TBA|TBA|"Moreno,Anthony"
MUS 155A|IND LS VIOLIN|10184|TBA|TBA|TBA|TBA|"Moon,Jeongah"
MUS 155B|IND LS VIOLIN|10986|TBA|TBA|TBA|TBA|"Gamma,Lorenz A"
MUS 155B|IND LS VIOLIN|10987|TBA|TBA|TBA|TBA|"Cani,Roberto"
MUS 155B|IND LS VIOLIN|21225|TBA|TBA|TBA|TBA|"Moon,Jeongah"
MUS 157A|IND LS VIOLONCELO|10186|TBA|TBA|TBA|TBA|"Roscetti,Diane H"
MUS 157B|IND LS VIOLONCELO|10989|TBA|TBA|TBA|TBA|"Roscetti,Diane H"
MUS 158A|IND LS BASS|10187|TBA|TBA|TBA|TBA|"Kasper,Donald J"
MUS 158A|IND LS BASS|10188|TBA|TBA|TBA|TBA|"Herman,Jory"
MUS 158B|IND LS BASS|10991|TBA|TBA|TBA|TBA|"Robaire,David Joshua"
MUS 159A|IND LS GUITAR|10712|TBA|TBA|TBA|TBA|"Fasola,Bryan K"
MUS 159A|IND LS GUITAR|10190|TBA|TBA|TBA|TBA|"Rosenn,Tristen James"
MUS 159B|IND LS GUITAR|10998|TBA|TBA|TBA|TBA|"Pisano,John J"
MUS 168|STEEL DRUM ENSMBL|10018|NH107|We|07:00pm|09:45pm|"Rabe,Gigi L"
MUS 170|UNIVERSITY CHORUS|10019|CY159|MoWe|11:00am|12:15pm|"Baker,Katherine R"
MUS 172|NORTHRIDGE SINGERS|10020|NH107|TuTh|01:00pm|03:40pm|"Smith,Paul A"
MUS 177|WOMEN'S CHORALE|10022|NH107|MoWe|12:30pm|01:45pm|"Baker,Katherine R"
MUS 178|AFRICAN MUS ENS|10023|NH106|Th|02:00pm|04:45pm|"Alviso,Ric"
MUS 179A|SYMPH WIND ENSEMB|10024|CY159|MoWe|03:30pm|04:50pm|"Gonzales,Ryan"
MUS 179B|SYMPH WIND ENSEMB|10025|CY159|TuTh|01:00pm|03:40pm|"Stoffel,Lawrence F"
MUS 181A|JAZZ ENSEMBLE|10026|CY159|TuTh|04:00pm|05:15pm|"Mull,Michael Joseph"
MUS 181B|JAZZ ENSEMBLE|10027|CY159|MoWe|05:00pm|07:40pm|"Whitfield,Scott"
MUS 182|SYMPHONY ORCH|10028|CY159|MoWe|12:30pm|03:10pm|"Stoffel,Lawrence F"
MUS 187|PERCUSSION ENS|11366|CY159|Fr|11:00am|12:40pm|"Magnussen,John P"
MUS 189|JAZZ COMBO|10029|CY120|We|08:00pm|10:45pm|"Harris,Matthew L"
MUS 189|JAZZ COMBO|10637|CY120|Mo|08:00pm|10:45pm|"Mancini,Nicholas"
MUS 191|FUND MUSIC TECH|10100|CY238|TuTh|10:00am|10:50am|"Buonamassa,John N"
MUS 191|FUND MUSIC TECH|10101|CY238|MoWe|11:00am|11:50am|"Buonamassa,John N"
MUS 191L|FUND MUS TEC LAB|10102|CY238|TuTh|11:00am|11:50am|"Buonamassa,John N"
MUS 191L|FUND MUS TEC LAB|10103|CY238|MoWe|12:00pm|12:50pm|"Buonamassa,John N"
MUS 201|STYLE/LIT MUS I|10030|CY113|TuTh|11:00am|12:15pm|"Thachuk,Steven J"
MUS 201|STYLE/LIT MUS I|11383|CY105|MoWe|02:00pm|03:15pm|"Pisaro,Kathryn G"
MUS 201|STYLE/LIT MUS I|12033|CY105|Fr|11:00am|01:45pm|"Pisaro,Kathryn G"
MUS 210A|KEYBD MSHIP III|10032|CY240|MoWe|09:30am|10:20am|"Lancaster,Emanuel L"
MUS 210A|KEYBD MSHIP III|10598|CY240|TuTh|11:00am|11:50am|"Kowalchyk,Gayle"
MUS 210A|KEYBD MSHIP III|10033|CY240|TuTh|03:00pm|03:50pm|"Kowalchyk,Gayle"
MUS 210A|KEYBD MSHIP III|10769|CY240|MoWe|02:00pm|02:50pm|"Kowalchyk,Gayle"
MUS 210AJ|KEYBD MSHIP IIIAJ|10034|CY240|MoWe|11:00am|11:50am|"Fukushima,Gary A"
MUS 211|MUSICIANSHIP III|10036|CY265|MoWe|09:30am|09:55am|"Magnussen,John P"
MUS 211|MUSICIANSHIP III|10035|CY113|MoWe|11:00am|11:25am|"McCaffrey,Arthur J"
MUS 211|MUSICIANSHIP III|10037|CY113|TuTh|08:00am|08:25am|"Pratt,Gary W"
MUS 211|MUSICIANSHIP III|10610|CY265|TuTh|11:00am|11:25am|"Magnussen,John P"
MUS 211L|MUSICNSHP III LAB|10039|CY265|MoWe|09:55am|10:45am|"Magnussen,John P"
MUS 211L|MUSICNSHP III LAB|10038|CY113|MoWe|11:25am|12:15pm|"McCaffrey,Arthur J"
MUS 211L|MUSICNSHP III LAB|10040|CY113|TuTh|08:25am|09:15am|"Pratt,Gary W"
MUS 211L|MUSICNSHP III LAB|10611|CY265|TuTh|11:25am|12:15pm|"Magnussen,John P"
MUS 213|HARMONY I|10041|CY111|MoWe|08:00am|09:15am|"Grey,Benoit"
MUS 213|HARMONY I|10609|CY111|TuTh|11:00am|12:15pm|"Howard,Timothy P"
MUS 213|HARMONY I|11324|CY111|MoWe|09:30am|10:45am|"Howard,Timothy P"
MUS 219A|IMPROVISATION I|10075|CY120|TuTh|11:00am|11:50am|"Fukushima,Gary A"
MUS 235C|KEYBRDSTLAFCUBN|11582|TBA|TBA|TBA|TBA|Staff
MUS 238A|VOCAL TECHNIQUE|10745|CY215|TuTh|01:00pm|01:50pm|"Ketchie-Saar,Diane"
MUS 240A|IND LS FLUTE|10191|TBA|TBA|TBA|TBA|"Iles,Sandra K"
MUS 240A|IND LS FLUTE|21224|TBA|TBA|TBA|TBA|"Kaplan,Lawrence E"
MUS 241B|IND LS OBOE|11003|TBA|TBA|TBA|TBA|"Gilad,Kimaree T"
MUS 243A|IND LS CLARINET|10196|TBA|TBA|TBA|TBA|"Badgley,Candis E"
MUS 244A|IND LS SAXOPHONE|10197|TBA|TBA|TBA|TBA|"Sorrell,Benjamin D"
MUS 244B|IND LS SAXOPHONE|11007|TBA|TBA|TBA|TBA|"Golan,Shai S"
MUS 244B|IND LS SAXOPHONE|11009|TBA|TBA|TBA|TBA|"Sorrell,Benjamin D"
MUS 245A|IND LS TRUMPET|10558|TBA|TBA|TBA|TBA|"Hofmann,Richard Glenn"
MUS 245B|IND LS TRUMPET|11013|TBA|TBA|TBA|TBA|"Shear,Howard L"
MUS 245B|IND LS TRUMPET|11014|TBA|TBA|TBA|TBA|"Bergeron,Wayne J"
MUS 246A|IND LS HORN|10894|TBA|TBA|TBA|TBA|"Bosler,Anna"
MUS 246B|IND LS HORN|11016|TBA|TBA|TBA|TBA|"Bosler,Anna"
MUS 247A|IND LS TROM/EUPH|10199|TBA|TBA|TBA|TBA|"Radke,Paul"
MUS 247B|IND LS TROM/EUPH|11018|TBA|TBA|TBA|TBA|"Whitfield,Scott"
MUS 248A|IND LS TUBA|10200|TBA|TBA|TBA|TBA|"Cooper,Philip Blake"
MUS 248B|IND LS TUBA|11021|TBA|TBA|TBA|TBA|"Cooper,Philip Blake"
MUS 249A|IND LS PERCUSSION|10201|TBA|TBA|TBA|TBA|"Magnussen,John P"
MUS 249A|IND LS PERCUSSION|10202|TBA|TBA|TBA|TBA|"Smith,Aaron Todd"
MUS 250A|IND LS PIANO|10204|TBA|TBA|TBA|TBA|"Kowalchyk,Gayle"
MUS 250A|IND LS PIANO|10205|TBA|TBA|TBA|TBA|"Tsu,Ming"
MUS 250A|IND LS PIANO|10207|TBA|TBA|TBA|TBA|"Stoll,Jason A V"
MUS 250A|IND LS PIANO|10475|TBA|TBA|TBA|TBA|"Tadmor,Tali"
MUS 250B|IND LS PIANO|11028|TBA|TBA|TBA|TBA|"Kowalchyk,Gayle"
MUS 250B|IND LS PIANO|11029|TBA|TBA|TBA|TBA|"Rachmanov,Dmitry"
MUS 250B|IND LS PIANO|11031|TBA|TBA|TBA|TBA|"Richman,Mark"
MUS 254A|IND LS VOICE|10213|TBA|TBA|TBA|TBA|"Davis,Erica G"
MUS 254A|IND LS VOICE|10214|TBA|TBA|TBA|TBA|"Rivera,Trisha Leigh"
MUS 254B|IND LS VOICE|11036|TBA|TBA|TBA|TBA|"Ketchie-Saar,Diane"
MUS 254B|IND LS VOICE|11037|TBA|TBA|TBA|TBA|"Davis,Erica G"
MUS 255B|IND LS VIOLIN|11044|TBA|TBA|TBA|TBA|"Gamma,Lorenz A"
MUS 255B|IND LS VIOLIN|11045|TBA|TBA|TBA|TBA|"Cani,Roberto"
MUS 255B|IND LS VIOLIN|21341|TBA|TBA|TBA|TBA|"Moon,Jeongah"
MUS 256A|IND LS VIOLA|10218|TBA|TBA|TBA|TBA|"Berg,Robert"
MUS 258A|IND LS BASS|10220|TBA|TBA|TBA|TBA|"Kasper,Donald J"
MUS 258B|IND LS BASS|11049|TBA|TBA|TBA|TBA|"Herman,Jory"
MUS 258B|IND LS BASS|11050|TBA|TBA|TBA|TBA|"Robaire,David Joshua"
MUS 259A|IND LS GUITAR|10720|TBA|TBA|TBA|TBA|"Fasola,Bryan K"
MUS 259A|IND LS GUITAR|10222|TBA|TBA|TBA|TBA|"Pisano,John J"
MUS 259B|IND LS GUITAR|11053|TBA|TBA|TBA|TBA|"Fasola,Bryan K"
MUS 259B|IND LS GUITAR|11054|TBA|TBA|TBA|TBA|"Dearman,John B"
MUS 259B|IND LS GUITAR|11055|TBA|TBA|TBA|TBA|"Thachuk,Steven J"
MUS 266|EARLY FIELD XP MU|10515|CY108|We|05:00pm|06:40pm|"Whitener,John L"
MUS 276|ACCOMP PRACTICUM|10042|CY239|Tu|03:00pm|05:00pm|"Ketchie-Saar,Diane"
MUS 287|CHAMBER MUS TECH|10110|TBA|TBA|TBA|TBA|"Roscetti,Diane H"
MUS 287|CHAMBER MUS TECH|10109|TBA|TBA|TBA|TBA|"Dearman,John B"
MUS 287|CHAMBER MUS TECH|10656|TBA|TBA|TBA|TBA|"Badgley,Candis E"
MUS 287|CHAMBER MUS TECH|11205|TBA|TBA|TBA|TBA|"Bosler,Anna"
MUS 287|CHAMBER MUS TECH|11212|TBA|TBA|TBA|TBA|"Sorrell,Benjamin D"
MUS 287|CHAMBER MUS TECH|11319|TBA|TBA|TBA|TBA|"Tsu,Ming"
MUS 287|CHAMBER MUS TECH|11320|TBA|TBA|TBA|TBA|"Tsu,Ming"
MUS 287|CHAMBER MUS TECH|21339|TBA|TBA|TBA|TBA|"Dearman,John B"
MUS 292|THER ORIENTATION|10419|CY108|TuTh|11:00am|11:50am|"Borczon,Ronald M"
MUS 293|FLD EXP MUSIC IND|11580|CY113|Tu|01:00pm|02:40pm|"Izzo,Jeffrey S"
MUS 293L|FLD EX MUS IN LAB|11581|CY111|Fr|01:00pm|03:30pm|"Izzo,Jeffrey S"
MUS 303A|HIST POP MUS I|11648|CY105|TuTh|05:00pm|06:15pm|"Surmani,Andrew L"
MUS 304|MUSIC CHILD|11384|CY114|We|01:00pm|03:45pm|"Surmani,Karen D"
MUS 306|INTRO TO JAZZ|10045|CY105|MoWe|11:00am|12:15pm|"Pozzi,David A"
MUS 306|INTRO TO JAZZ|10046|ONLINE|TBA|TBA|TBA|"Robaire,David Joshua"
MUS 306|INTRO TO JAZZ|10044|NH113|Fr|02:00pm|04:45pm|"Garrett,Glen R"
MUS 306|INTRO TO JAZZ|11373|CY105|MoWe|08:00am|09:15am|"Surmani,Andrew L"
MUS 307|MUS FR GLOBAL PER|10047|CY105|Th|11:00am|12:15pm|"Alviso,Ric"
MUS 307|MUS FR GLOBAL PER|10691|CY105|Tu|02:00pm|03:15pm|"Alviso,Ric"
MUS 309|TRADIT MUSICS US|10048|CY111|Fr|09:00am|10:15am|"Rabe,Gigi L"
MUS 309|TRADIT MUSICS US|10867|CY111|Fr|11:00am|12:15pm|"Rabe,Gigi L"
MUS 309|TRADIT MUSICS US|11962|CY111|We|12:30pm|01:45pm|"Rabe,Gigi L"
MUS 309|TRADIT MUSICS US|11983|CY111|We|02:00pm|03:15pm|"Rabe,Gigi L"
MUS 309|TRADIT MUSICS US|11985|CY105|Tu|11:00am|12:15pm|"Alviso,Ric"
MUS 310|UNDST WLD CULTRS MUS|10049|CY217|Fr|11:00am|01:45pm|"Garcia,Peter J"
MUS 311|MUSNSHIP V|10050|CY266|MoWe|09:30am|09:55am|"McCaffrey,Arthur J"
MUS 311|MUSNSHIP V|10051|CY266|TuTh|09:30am|09:55am|"McCaffrey,Arthur J"
MUS 311J|MUSCNSHP V JAZZ|11576|CY120|TuTh|01:00pm|01:25pm|"Robaire,David Joshua"
MUS 311JL|MUS V - JAZZ LAB|11577|CY120|TuTh|01:30pm|02:20pm|"Robaire,David Joshua"
MUS 311L|MUSICNSHIP V LAB|10052|CY266|MoWe|09:55am|10:45am|"McCaffrey,Arthur J"
MUS 311L|MUSICNSHIP V LAB|10420|CY266|TuTh|09:55am|10:45am|"McCaffrey,Arthur J"
MUS 316|MUSICAL ANALYSIS|10053|CY217|MoWe|08:00am|09:15am|"Howard,Timothy P"
MUS 316|MUSICAL ANALYSIS|10054|CY217|TuTh|11:00am|12:15pm|"McCaffrey,Arthur J"
MUS 317A|JAZZ ARRANGING I|10055|CY108|MoWe|10:00am|10:50am|"Fukushima,Gary A"
MUS 317A|JAZZ ARRANGING I|11200|CY120|MoWe|10:00am|10:50am|"Mull,Michael Joseph"
MUS 319A|IMPROVISATION III|11777|CY119|MoWe|02:00pm|02:50pm|"Fukushima,Gary A"
MUS 321|BEGINNING COMP|10076|CY217|MoWe|01:00pm|01:50pm|"McCaffrey,Arthur J"
MUS 322|BEG COMP MEDIA|10077|CY105|We|05:00pm|06:40pm|"Rusich,Clinton"
MUS 335|WOODWINDS|20400|CY114|Th|05:00pm|06:50pm|"Whitener,John L"
MUS 337|PERCUSSION|11850|CY110|Tu|05:00pm|06:40pm|"Whitener,John L"
MUS 338A|VOCAL TECHNIQUE|10520|CY265|MoWe|02:00pm|03:15pm|"Davis,Erica G"
MUS 339B|GERMAN DICTION|11385|CY270|MoWe|02:00pm|02:50pm|"Ketchie-Saar,Diane"
MUS 340A|IND LS FLUTE|10249|TBA|TBA|TBA|TBA|"Kaplan,Lawrence E"
MUS 340A|IND LS FLUTE|10250|TBA|TBA|TBA|TBA|"Iles,Sandra K"
MUS 340B|IND LS FLUTE|11056|TBA|TBA|TBA|TBA|"Clark,Heather A"
MUS 340B|IND LS FLUTE|11057|TBA|TBA|TBA|TBA|"Iles,Sandra K"
MUS 340B|IND LS FLUTE|21329|TBA|TBA|TBA|TBA|"Kaplan,Lawrence E"
MUS 343B|IND LS CLARINET|11060|TBA|TBA|TBA|TBA|"Badgley,Candis E"
MUS 343B|IND LS CLARINET|11061|TBA|TBA|TBA|TBA|"Heinen,Julia M"
MUS 344B|IND LS SAXOPHONE|11062|TBA|TBA|TBA|TBA|"Golan,Shai S"
MUS 345A|IND LS TRUMPET|10560|TBA|TBA|TBA|TBA|"Hofmann,Richard Glenn"
MUS 345B|IND LS TRUMPET|11066|TBA|TBA|TBA|TBA|"Lewis,Jon L"
MUS 346B|IND LS HORN|11069|TBA|TBA|TBA|TBA|"Bosler,Anna"
MUS 347A|IND LS TROM/EUPH|10274|TBA|TBA|TBA|TBA|"Cooper,Philip Blake"
MUS 347A|IND LS TROM/EUPH|11161|TBA|TBA|TBA|TBA|"Radke,Paul"
MUS 347B|IND LS TROM/EUPH|11071|TBA|TBA|TBA|TBA|"Whitfield,Scott"
MUS 347B|IND LS TROM/EUPH|11072|TBA|TBA|TBA|TBA|"Radke,Paul"
MUS 347B|IND LS TROM/EUPH|12094|TBA|TBA|TBA|TBA|"Meshulam,Ido"
MUS 348B|IND LS TUBA|11074|TBA|TBA|TBA|TBA|"Cooper,Philip Blake"
MUS 349A|IND LS PERCUSSION|10277|TBA|TBA|TBA|TBA|"Smith,Aaron Todd"
MUS 349B|IND LS PERCUSSION|11075|TBA|TBA|TBA|TBA|"Magnussen,John P"
MUS 349B|IND LS PERCUSSION|11076|TBA|TBA|TBA|TBA|"Harnell,Jason"
MUS 349B|IND LS PERCUSSION|11077|TBA|TBA|TBA|TBA|"Smith,Aaron Todd"
MUS 350A|IND LS PIANO|10280|TBA|TBA|TBA|TBA|"Stoll,Jason A V"
MUS 350B|IND LS PIANO|11080|TBA|TBA|TBA|TBA|"Fukushima,Gary A"
MUS 350B|IND LS PIANO|11081|TBA|TBA|TBA|TBA|"Rachmanov,Dmitry"
MUS 350B|IND LS PIANO|11086|TBA|TBA|TBA|TBA|"Stoll,Jason A V"
MUS 350B|IND LS PIANO|21311|TBA|TBA|TBA|TBA|"Kowalchyk,Gayle"
MUS 350B|IND LS PIANO|21321|TBA|TBA|TBA|TBA|"Richman,Mark"
MUS 351B|IND LS ORGAN|11087|TBA|TBA|TBA|TBA|"Howard,Timothy P"
MUS 354A|IND LS VOICE|10302|TBA|TBA|TBA|TBA|"Davis,Erica G"
MUS 354A|IND LS VOICE|10303|TBA|TBA|TBA|TBA|"Ketchie-Saar,Diane"
MUS 354B|IND LS VOICE|11088|TBA|TBA|TBA|TBA|"Ketchie-Saar,Diane"
MUS 354B|IND LS VOICE|11089|TBA|TBA|TBA|TBA|"Davis,Erica G"
MUS 354B|IND LS VOICE|11090|TBA|TBA|TBA|TBA|"Moreno,Anthony"
MUS 354B|IND LS VOICE|11091|TBA|TBA|TBA|TBA|"Matsumoto,Shigemi Eve"
MUS 355B|IND LS VIOLIN|11095|TBA|TBA|TBA|TBA|"Gamma,Lorenz A"
MUS 356B|IND LS VIOLA|11970|TBA|TBA|TBA|TBA|"Berg,Robert"
MUS 357B|IND LS VIOLONCELO|11098|TBA|TBA|TBA|TBA|"Roscetti,Diane H"
MUS 358B|IND LS BASS|11101|TBA|TBA|TBA|TBA|"Robaire,David Joshua"
MUS 358B|IND LS BASS|11348|TBA|TBA|TBA|TBA|"Herman,Jory"
MUS 359A|IND LS GUITAR|11270|TBA|TBA|TBA|TBA|"Fasola,Bryan K"
MUS 359B|IND LS GUITAR|11103|TBA|TBA|TBA|TBA|"Thachuk,Steven J"
MUS 359B|IND LS GUITAR|11104|TBA|TBA|TBA|TBA|"Dearman,John B"
MUS 359B|IND LS GUITAR|11106|TBA|TBA|TBA|TBA|"Pisano,John J"
MUS 361|MUS LIT FOR CHILD|10596|CY110|MoWe|02:00pm|02:50pm|"Schliff,Mary A"
MUS 361|MUS LIT FOR CHILD|10104|CY110|Mo|06:00pm|07:40pm|"Whitener,John L"
MUS 361L|MUS LIT CHILD LAB|10597|CY110|MoWe|03:00pm|03:50pm|"Schliff,Mary A"
MUS 361L|MUS LIT CHILD LAB|10106|CY110|Mo|08:00pm|09:40pm|"Whitener,John L"
MUS 362|MUS EARLY CHILDHD|11767|CY110|Th|06:00pm|07:40pm|"Surmani,Karen D"
MUS 362|MUS EARLY CHILDHD|20438|CY110|TuTh|02:00pm|02:50pm|"Surmani,Karen D"
MUS 362L|MUS ERLY CHLD LAB|11768|CY110|Th|08:00pm|08:50pm|"Surmani,Karen D"
MUS 362L|MUS ERLY CHLD LAB|20437|CY110|TuTh|02:50pm|03:15pm|"Surmani,Karen D"
MUS 363|CHOR COND/ARRANG|10056|NH106|TuTh|09:00am|09:50am|"Baker,Katherine R"
MUS 363L|CHOR COND/ARR LAB|10057|NH106|TuTh|10:00am|10:50am|"Baker,Katherine R"
MUS 364|INSTR COND/ARRANG|11851|CY159|Tu|10:00am|11:40am|"Pratt,Gary W"
MUS 364L|INSTR CND/ARR LAB|11852|CY159|Th|10:00am|11:40am|"Pratt,Gary W"
MUS 368|STEEL DRUM ENSMBL|10058|NH107|We|07:00pm|09:45pm|"Rabe,Gigi L"
MUS 370|UNIVERSITY CHORUS|10059|CY159|MoWe|11:00am|12:15pm|"Baker,Katherine R"
MUS 372|NORTHRIDGE SINGERS|10060|NH107|TuTh|01:00pm|03:40pm|"Smith,Paul A"
MUS 377|WOMEN'S CHORALE|10062|NH107|MoWe|12:30pm|01:45pm|"Baker,Katherine R"
MUS 378|AFRICAN MUS ENS|10063|NH106|Th|02:00pm|04:45pm|"Alviso,Ric"
MUS 379A|SYMPH WIND ENSEMB|10064|CY159|MoWe|03:30pm|04:50pm|"Gonzales,Ryan"
MUS 379B|SYMPH WIND ENSEMB|10065|CY159|TuTh|01:00pm|03:40pm|"Stoffel,Lawrence F"
MUS 381A|JAZZ ENSEMBLE|10066|CY159|TuTh|04:00pm|05:15pm|"Mull,Michael Joseph"
MUS 381B|JAZZ ENSEMBLE|10067|CY159|MoWe|05:00pm|07:40pm|"Whitfield,Scott"
MUS 382|SYMPHONY ORCH|10068|CY159|MoWe|12:30pm|03:10pm|"Stoffel,Lawrence F"
MUS 387|PERCUSSION ENS|11367|CY159|Fr|11:00am|12:40pm|"Magnussen,John P"
MUS 388|STUDIO ENSEMBLE|10422|NH106|Th|06:00pm|08:45pm|"Grey,Benoit"
MUS 388|STUDIO ENSEMBLE|11301|CY159|Th|06:00pm|08:45pm|"Buonamassa,John N"
MUS 389|JAZZ COMBO|10408|CY120|We|08:00pm|10:45pm|"Harris,Matthew L"
MUS 389|JAZZ COMBO|10638|CY120|Mo|08:00pm|10:45pm|"Mancini,Nicholas"
MUS 390MI|MT IMPROVISATION|10599|CY108|Th|03:30pm|05:10pm|"Borczon,Ronald M"
MUS 391|MUSIC TECH II|10069|CY238|TuTh|01:00pm|01:50pm|"Cross,Mark C"
MUS 391L|MUSIC TECH II|10070|CY238|TuTh|02:00pm|02:50pm|"Cross,Mark C"
MUS 393A|MUS INDUSTRY STUD I|11578|CY105|TuTh|09:30am|10:45am|"Izzo,Jeffrey S"
MUS 397L|RECORDING LAB|11386|CY238|MoWe|05:00pm|05:50pm|"Calvert,Philip A"
MUS 397R|RECORDING|11387|CY238|MoWe|06:00pm|06:50pm|"Calvert,Philip A"
MUS 405|WIND LIT|11986|CY217|TuTh|09:30am|10:45am|"Stoffel,Lawrence F"
MUS 409|CHAMBER MUSIC LIT|11779|CY103|Fr|11:00am|12:40pm|"Aks,David"
MUS 419|MUS IND FNDATIONS|10587|TBA|TBA|TBA|TBA|Staff
MUS 421|ADV COMPOSITION|10079|CY103|MoWe|01:00pm|01:50pm|"Marinescu,Liviu"
MUS 422A|COMP LESSONS|11453|TBA|TBA|TBA|TBA|"Rusich,Clinton"
MUS 422A|COMP LESSONS|11454|TBA|TBA|TBA|TBA|"Kotcheff,Thomas"
MUS 422A|COMP LESSONS|11515|TBA|TBA|TBA|TBA|"Cross,Mark C"
MUS 422A|COMP LESSONS|12032|TBA|TBA|TBA|TBA|"Sellers,Elizabeth A"
MUS 427|PERFORMANCE TECH|10078|TBA|TBA|TBA|TBA|Staff
MUS 437|MASTRCLAS PERCUS|11299|CY159|Fr|02:00pm|02:50pm|"Magnussen,John P"
MUS 437L|MSTRCLS PERC LAB|11300|CY159|Fr|03:00pm|03:50pm|"Magnussen,John P"
MUS 440B|IND LS FLUTE|11107|TBA|TBA|TBA|TBA|"Iles,Sandra K"
MUS 441A|IND LS OBOE|10318|TBA|TBA|TBA|TBA|"Gilad,Kimaree T"
MUS 443B|IND LS CLARINET|11111|TBA|TBA|TBA|TBA|"Heinen,Julia M"
MUS 444A|IND LS SAXOPHONE|10321|TBA|TBA|TBA|TBA|"Sorrell,Benjamin D"
MUS 444B|IND LS SAXOPHONE|11112|TBA|TBA|TBA|TBA|"Golan,Shai S"
MUS 445A|IND LS TRUMPET|10564|TBA|TBA|TBA|TBA|"Hofmann,Richard Glenn"
MUS 445B|IND LS TRUMPET|11116|TBA|TBA|TBA|TBA|"Lewis,Jon L"
MUS 445B|IND LS TRUMPET|11117|TBA|TBA|TBA|TBA|"Shear,Howard L"
MUS 446B|IND LS HORN|11120|TBA|TBA|TBA|TBA|"Bosler,Anna"
MUS 447B|IND LS TROM/EUPH|11123|TBA|TBA|TBA|TBA|"Whitfield,Scott"
MUS 447B|IND LS TROM/EUPH|11124|TBA|TBA|TBA|TBA|"Meshulam,Ido"
MUS 448A|IND LS TUBA|10326|TBA|TBA|TBA|TBA|"Cooper,Philip Blake"
MUS 448B|IND LS TUBA|11125|TBA|TBA|TBA|TBA|"Cooper,Philip Blake"
MUS 449B|IND LS PERCUSSION|11126|TBA|TBA|TBA|TBA|"Magnussen,John P"
MUS 449B|IND LS PERCUSSION|11127|TBA|TBA|TBA|TBA|"Smith,Aaron Todd"
MUS 449B|IND LS PERCUSSION|11129|TBA|TBA|TBA|TBA|"Harnell,Jason"
MUS 450A|IND LS PIANO|10332|TBA|TBA|TBA|TBA|"Fukushima,Gary A"
MUS 450A|IND LS PIANO|10625|TBA|TBA|TBA|TBA|"Edelstein,David G"
MUS 450B|IND LS PIANO|11131|TBA|TBA|TBA|TBA|"Fukushima,Gary A"
MUS 450B|IND LS PIANO|11132|TBA|TBA|TBA|TBA|"Rachmanov,Dmitry"
MUS 450B|IND LS PIANO|11133|TBA|TBA|TBA|TBA|"Richman,Mark"
MUS 450B|IND LS PIANO|11134|TBA|TBA|TBA|TBA|"Harris,Matthew L"
MUS 451B|IND LS ORGAN|11136|TBA|TBA|TBA|TBA|"Howard,Timothy P"
MUS 454A|IND LS VOICE|10340|TBA|TBA|TBA|TBA|"Davis,Erica G"
MUS 454A|IND LS VOICE|10341|TBA|TBA|TBA|TBA|"Baker,Katherine R"
MUS 454B|IND LS VOICE|11137|TBA|TBA|TBA|TBA|"Ketchie-Saar,Diane"
MUS 454B|IND LS VOICE|11139|TBA|TBA|TBA|TBA|"Moreno,Anthony"
MUS 454B|IND LS VOICE|11140|TBA|TBA|TBA|TBA|"Matsumoto,Shigemi Eve"
MUS 455B|IND LS VIOLIN|11143|TBA|TBA|TBA|TBA|"Gamma,Lorenz A"
MUS 457B|IND LS VIOLONCELO|11146|TBA|TBA|TBA|TBA|"Roscetti,Diane H"
MUS 458B|IND LS BASS|11149|TBA|TBA|TBA|TBA|"Herman,Jory"
MUS 458B|IND LS BASS|11151|TBA|TBA|TBA|TBA|"Robaire,David Joshua"
MUS 459A|IND LS GUITAR|10336|TBA|TBA|TBA|TBA|"Rosenn,Tristen James"
MUS 459B|IND LS GUITAR|11153|TBA|TBA|TBA|TBA|"Fasola,Bryan K"
MUS 459B|IND LS GUITAR|11154|TBA|TBA|TBA|TBA|"Dearman,John B"
MUS 459B|IND LS GUITAR|11155|TBA|TBA|TBA|TBA|"Rosenn,Tristen James"
MUS 461A|ELEM PIANO PEDAG|11390|CY239|MoWe|12:30pm|12:55pm|"Kowalchyk,Gayle"
MUS 461AL|EL PIANO PED LAB|11391|CY239|MoWe|12:55pm|01:50pm|"Kowalchyk,Gayle"
MUS 462|GUITAR PEDAGOGY|11392|CY217|Th|01:00pm|01:50pm|"Fasola,Bryan K"
MUS 462L|GUITAR PEDAGY LAB|11393|CY217|Th|02:00pm|02:50pm|"Fasola,Bryan K"
MUS 465|WIND PEDAGOGY|11394|CY105|Fr|02:00pm|03:40pm|"Bosler,Anna"
MUS 468|PEDAGOGY OF SINGING|12025|CY265|Fr|10:00am|10:50am|"Davis,Erica G"
MUS 468L|VOC PEDAGOGY LAB|12026|CY265|Fr|11:00am|12:40pm|"Davis,Erica G"
MUS 476|ACCOMP PRACTICUM|10072|CY239|Tu|03:00pm|05:00pm|"Ketchie-Saar,Diane"
MUS 477|MUS THER PRACTIC|10073|CY108|TuTh|08:30am|09:20am|"Dolas,Helen G"
MUS 483ME|MUS ENTREP|11584|CY113|MoWe|12:30pm|12:55pm|"Roscetti,Diane H"
MUS 483ME|MUS ENTREP|11586|CY113|TuTh|05:00pm|05:25pm|"Roscetti,Diane H"
MUS 483MEL|MUS ENTREP LAB|11585|CY113|MoWe|01:00pm|02:15pm|"Roscetti,Diane H"
MUS 483MEL|MUS ENTREP LAB|11587|CY113|TuTh|05:30pm|06:45pm|"Roscetti,Diane H"
MUS 485|DISCOVERY PLAYERS|10768|CY108|Mo|01:00pm|02:40pm|"Fasola,Bryan K"
MUS 487|CHAMBER MUS TECH|10113|TBA|TBA|TBA|TBA|"Roscetti,Diane H"
MUS 487|CHAMBER MUS TECH|10657|TBA|TBA|TBA|TBA|"Dearman,John B"
MUS 487|CHAMBER MUS TECH|11214|TBA|TBA|TBA|TBA|"Badgley,Candis E"
MUS 487|CHAMBER MUS TECH|11215|TBA|TBA|TBA|TBA|"Bosler,Anna"
MUS 487|CHAMBER MUS TECH|11277|TBA|TBA|TBA|TBA|"Sorrell,Benjamin D"
MUS 487|CHAMBER MUS TECH|11321|TBA|TBA|TBA|TBA|"Tsu,Ming"
MUS 487|CHAMBER MUS TECH|11322|TBA|TBA|TBA|TBA|"Tsu,Ming"
MUS 487|CHAMBER MUS TECH|11323|TBA|TBA|TBA|TBA|"Dearman,John B"
MUS 488A|ADV OPERA PERF|10613|NH107|TuTh|04:30pm|05:45pm|"Godin,Maurice E"
MUS 488B|ADV OPERA PERF|10746|NH107|TuTh|04:30pm|05:45pm|"Godin,Maurice E"
MUS 491|PSY OF MUS|11395|CY108|TuTh|09:30am|10:45am|"Dolas,Helen G"
MUS 493C|MUS IND PRAC|11583|CY113|Fr|09:30am|12:15pm|"Izzo,Jeffrey S"
MUS 494A|MUSIC INTERNSHIP|10828|TBA|TBA|TBA|TBA|"Sellers,Elizabeth A"
MUS 494A|MUSIC INTERNSHIP|10829|TBA|TBA|TBA|TBA|"Izzo,Jeffrey S"
MUS 494A|MUSIC INTERNSHIP|10830|CY108|Th|01:00pm|03:00pm|"Borczon,Ronald M"
MUS 494B|MUSIC INTERNSHIP|10831|TBA|TBA|TBA|TBA|"Sellers,Elizabeth A"
MUS 494B|MUSIC INTERNSHIP|10832|TBA|TBA|TBA|TBA|"Izzo,Jeffrey S"
MUS 494B|MUSIC INTERNSHIP|10833|TBA|TBA|TBA|TBA|"Borczon,Ronald M"
MUS 494C|MUSIC INTERNSHIP|10835|TBA|TBA|TBA|TBA|"Izzo,Jeffrey S"
MUS 494C|MUSIC INTERNSHIP|10836|CY108|Mo|06:00pm|08:00pm|"Borczon,Ronald M"
MUS 495|SENIOR RECITAL|10074|TBA|TBA|TBA|TBA|"Alviso,Ric"
MUS 495|SENIOR RECITAL|10440|TBA|TBA|TBA|TBA|"Gamma,Lorenz A"
MUS 495|SENIOR RECITAL|10441|TBA|TBA|TBA|TBA|"Ketchie-Saar,Diane"
MUS 495|SENIOR RECITAL|10442|TBA|TBA|TBA|TBA|"Sellers,Elizabeth A"
MUS 495|SENIOR RECITAL|10443|TBA|TBA|TBA|TBA|"Davis,Erica G"
MUS 495|SENIOR RECITAL|10444|TBA|TBA|TBA|TBA|"Roscigno,John A"
MUS 495|SENIOR RECITAL|10445|TBA|TBA|TBA|TBA|"Rachmanov,Dmitry"
MUS 495|SENIOR RECITAL|10430|TBA|TBA|TBA|TBA|"Moreno,Anthony"
MUS 495|SENIOR RECITAL|10431|TBA|TBA|TBA|TBA|"Sorrell,Benjamin D"
MUS 495|SENIOR RECITAL|10432|TBA|TBA|TBA|TBA|"Marinescu,Liviu"
MUS 495|SENIOR RECITAL|10433|TBA|TBA|TBA|TBA|"Cooper,Philip Blake"
MUS 495|SENIOR RECITAL|10437|TBA|TBA|TBA|TBA|"Fukushima,Gary A"
MUS 495|SENIOR RECITAL|10438|TBA|TBA|TBA|TBA|"Rosenn,Tristen James"
MUS 500|THEORY REVIEW|10673|CY266|Fr|09:30am|12:15pm|"Howard,Timothy P"
MUS 501|MUS HIST REVIEW|10674|CY105|MoWe|03:30pm|04:45pm|"Pisaro,Kathryn G"
MUS 565|SEM ADV INSTR CON|10081|NH107|Th|10:00am|11:40am|"Golka,Tomasz"
MUS 588B|ADV OPERA PERF|10363|NH107|TuTh|04:30pm|05:45pm|"Godin,Maurice E"
MUS 601|RSRCH TECHNIC|10082|CY103|Tu|04:00pm|06:45pm|"Davis,Eric"
MUS 601|RSRCH TECHNIC|11663|CY103|We|04:00pm|06:45pm|"Gordillo,Bernard"
MUS 603D|SEM IN MUSICOLOGY|11396|CY103|Mo|04:00pm|06:45pm|"Davis,Eric"
MUS 604|SEM MUS ANALYSIS|10684|CY103|MoWe|11:00am|12:15pm|"Marinescu,Liviu"
MUS 605|TEACH MUS HIGH ED|11397|CY103|MoWe|09:30am|10:45am|"Marinescu,Liviu"
MUS 630|COMPOSITION|10080|CY103|MoWe|01:00pm|01:50pm|"Marinescu,Liviu"
MUS 639A|INDIV LES COMP|11513|TBA|TBA|TBA|TBA|"Kotcheff,Thomas"
MUS 643B|IND LES CLARINET|21183|TBA|TBA|TBA|TBA|"Heinen,Julia M"
MUS 647B|IND LES TROM/EUPH|21347|TBA|TBA|TBA|TBA|"Radke,Paul"
MUS 649B|IND LES PERCUS|10465|TBA|TBA|TBA|TBA|"Smith,Aaron Todd"
MUS 650B|IND LES PIANO|10394|TBA|TBA|TBA|TBA|"Richman,Mark"
MUS 650B|IND LES PIANO|10676|TBA|TBA|TBA|TBA|"Rachmanov,Dmitry"
MUS 650B|IND LES PIANO|11156|TBA|TBA|TBA|TBA|"Stoll,Jason A V"
MUS 650B|IND LES PIANO|11669|TBA|TBA|TBA|TBA|"Tadmor,Tali"
MUS 650B|IND LES PIANO|11965|TBA|TBA|TBA|TBA|"Tsu,Ming"
MUS 654B|IND LES VOICE|10391|TBA|TBA|TBA|TBA|"Ketchie-Saar,Diane"
MUS 654B|IND LES VOICE|10393|TBA|TBA|TBA|TBA|"Moreno,Anthony"
MUS 654B|IND LES VOICE|10525|TBA|TBA|TBA|TBA|"Matsumoto,Shigemi Eve"
MUS 655B|IND LES VIOLIN|10410|TBA|TBA|TBA|TBA|"Gamma,Lorenz A"
MUS 655B|IND LES VIOLIN|11157|TBA|TBA|TBA|TBA|"Cani,Roberto"
MUS 656B|IND LES VIOLA|11787|TBA|TBA|TBA|TBA|"Gamma,Lorenz A"
MUS 657A|IND LES VI/CELLO|12081|TBA|TBA|TBA|TBA|"Roscetti,Diane H"
MUS 657B|IND LES VI/CELLO|10411|TBA|TBA|TBA|TBA|"Roscetti,Diane H"
MUS 659B|IND LES GUITAR|10414|TBA|TBA|TBA|TBA|"Dearman,John B"
MUS 659B|IND LES GUITAR|10703|TBA|TBA|TBA|TBA|"Thachuk,Steven J"
MUS 660B|IND LES CONDUCT|10396|TBA|TBA|TBA|TBA|"Stoffel,Lawrence F"
MUS 676|COLLAB PIANO|11457|CY239|Mo|10:00am|11:45am|"Tadmor,Tali"
MUS 679|GRAD WIND ENSMBLE|11259|TBA|TBA|TBA|TBA|"Stoffel,Lawrence F"
MUS 682|GRAD SYM ORCHSTRA|11232|TBA|TBA|TBA|TBA|"Stoffel,Lawrence F"
MUS 687|GRAD CHAMBERMUSIC|11664|TBA|TBA|TBA|TBA|"Roscetti,Diane H"
MUS 687|GRAD CHAMBERMUSIC|11665|TBA|TBA|TBA|TBA|"Dearman,John B"
MUS 687|GRAD CHAMBERMUSIC|11676|TBA|TBA|TBA|TBA|"Badgley,Candis E"
MUS 687|GRAD CHAMBERMUSIC|21322|TBA|TBA|TBA|TBA|"Tsu,Ming"
MUS 687|GRAD CHAMBERMUSIC|21323|TBA|TBA|TBA|TBA|"Tsu,Ming"
MUS 687|GRAD CHAMBERMUSIC|21340|TBA|TBA|TBA|TBA|"Dearman,John B"
MUS 687|GRAD CHAMBERMUSIC|12092|TBA|TBA|TBA|TBA|"Bosler,Anna"
MUS 696B|DIR GRAD RESEARCH|10464|TBA|TBA|TBA|TBA|"Stoffel,Lawrence F"
MUS 698|THESIS PROJ PERF|10447|TBA|TBA|TBA|TBA|"Moreno,Anthony"
MUS 698|THESIS PROJ PERF|10448|TBA|TBA|TBA|TBA|"Rachmanov,Dmitry"
MUS 698|THESIS PROJ PERF|10450|TBA|TBA|TBA|TBA|"Matsumoto,Shigemi Eve"
MUS 698|THESIS PROJ PERF|10451|TBA|TBA|TBA|TBA|"Thachuk,Steven J"
MUS 698|THESIS PROJ PERF|10487|TBA|TBA|TBA|TBA|"Roscetti,Diane H"
MUS 698|THESIS PROJ PERF|10682|TBA|TBA|TBA|TBA|"Baker,Katherine R"
