PHIL 100|GENERAL LOGIC|14299|BB1129|TuTh|11:00am|12:40pm|"Hale,Carl Jacob"
PHIL 100|GENERAL LOGIC|14300|SH108|MoWe|09:30am|11:10am|"Melkonian,Markar"
PHIL 100|GENERAL LOGIC|14301|EU133|MoWe|11:00am|12:40pm|"Yagisawa,Takashi"
PHIL 100|GENERAL LOGIC|14324|JR246|TuTh|02:00pm|03:40pm|"Hale,Carl Jacob"
PHIL 100|GENERAL LOGIC|14791|SH314|TuTh|04:00pm|05:40pm|"Hale,Carl Jacob"
PHIL 100|GENERAL LOGIC|14792|JR243|MoWe|08:00am|09:40am|"Yagisawa,Takashi"
PHIL 100|GENERAL LOGIC|14852|SH314|MoWe|02:00pm|03:40pm|"Yagisawa,Takashi"
PHIL 100|GENERAL LOGIC|14857|BB1129|MoWe|12:30pm|02:10pm|"Kalugin,Vladimir V"
PHIL 150|INTR PHIL THOUGHT|14164|ONLINE|TBA|TBA|TBA|"Jimenez,Erick R"
PHIL 150|INTR PHIL THOUGHT|14165|JR204|MoWe|12:30pm|01:45pm|"Herschbach,Mitchell A"
PHIL 150|INTR PHIL THOUGHT|14331|JR204|MoWe|09:30am|10:45am|"Hansen,Sarah K"
PHIL 150|INTR PHIL THOUGHT|14823|EU136|TuTh|09:30am|10:45am|"Franco,Abel B"
PHIL 150|INTR PHIL THOUGHT|15047|JR204|TuTh|11:00am|12:15pm|"Franco,Abel B"
PHIL 150|INTR PHIL THOUGHT|15414|ONLINE|TBA|TBA|TBA|"Pallotti,Christopher A"
PHIL 150|INTR PHIL THOUGHT|15415|ONLINE|TBA|TBA|TBA|"Hansen,Sarah K"
PHIL 165|TODAY'S MORAL ISS|14919|EU136|MoWe|11:00am|12:15pm|"Velazco y Trianosky,Gregory"
PHIL 165|TODAY'S MORAL ISS|15206|SH286|TuTh|02:00pm|03:15pm|"Kitchen,Justin D"
PHIL 170|PHIL & POP CULT|14969|SH221|TuTh|12:30pm|01:45pm|"Herschbach,Mitchell A"
PHIL 170|PHIL & POP CULT|14970|JR204|MoWe|02:00pm|03:15pm|"Giovanini,Valerie"
PHIL 170|PHIL & POP CULT|14971|JR204|TuTh|09:30am|10:45am|"Herschbach,Mitchell A"
PHIL 180|MEANING OF LIFE|15169|EU130|MoWe|02:00pm|03:15pm|"Melkonian,Markar"
PHIL 200|CRITICAL REASONIG|14167|ONLINE|TBA|TBA|TBA|"Morelli,Mojgan T"
PHIL 200|CRITICAL REASONIG|14168|ONLINE|TBA|TBA|TBA|"Morelli,Mojgan T"
PHIL 200|CRITICAL REASONIG|14169|ONLINE|TBA|TBA|TBA|"Morelli,Mojgan T"
PHIL 200|CRITICAL REASONIG|14170|JR204|TuTh|03:30pm|04:45pm|"Birmingham II,John T"
PHIL 200|CRITICAL REASONIG|14213|JR204|Fr|11:00am|01:45pm|"Birmingham II,John T"
PHIL 200HON|CRITICAL REASONIG|15264|JR204|TuTh|02:00pm|03:15pm|"Muller,Robin M"
PHIL 201|ANCIENT PHILOS|15170|JR212|MoWe|11:00am|12:15pm|"Jimenez,Erick R"
PHIL 202|MODERN PHILOSOPHY|14172|SH190|TuTh|11:00am|12:15pm|"Tregenza,Birgit L"
PHIL 202|MODERN PHILOSOPHY|15207|EU136|MoWe|12:30pm|01:45pm|"Sun,Weimin"
PHIL 230|INTR FORMAL LOGIC|14294|SH190|MoWe|11:00am|12:15pm|"Meshelski,Kristina K"
PHIL 230|INTR FORMAL LOGIC|14295|SH190|MoWe|09:30am|10:45am|"Jimenez,Erick R"
PHIL 230|INTR FORMAL LOGIC|14325|SH190|TuTh|09:30am|10:45am|"Yoo,Julie"
PHIL 230|INTR FORMAL LOGIC|14327|SH190|TuTh|12:30pm|01:45pm|"Birmingham II,John T"
PHIL 230|INTR FORMAL LOGIC|14540|SH190|TuTh|03:30pm|04:45pm|"Yoo,Julie"
PHIL 230|INTR FORMAL LOGIC|14690|SH190|MoWe|03:30pm|04:45pm|"Jimenez,Erick R"
PHIL 230|INTR FORMAL LOGIC|14691|SH190|TuTh|02:00pm|03:15pm|"Herschbach,Mitchell A"
PHIL 230|INTR FORMAL LOGIC|15253|SH190|MoWe|02:00pm|03:15pm|"Meshelski,Kristina K"
PHIL 230|INTR FORMAL LOGIC|15322|SH106|MoWe|12:30pm|01:45pm|"Meshelski,Kristina K"
PHIL 305|BUSINESS ETHICS|14173|EU136|MoWe|09:30am|10:45am|"Swenson,Adam R"
PHIL 305|BUSINESS ETHICS|14174|JR204|MoWe|11:00am|12:15pm|"Swenson,Adam R"
PHIL 305|BUSINESS ETHICS|14175|EU130|We|12:30pm|01:45pm|"Swenson,Adam R"
PHIL 305|BUSINESS ETHICS|14187|JR214|TuTh|03:30pm|04:45pm|"Tregenza,Birgit L"
PHIL 305|BUSINESS ETHICS|14188|JR204|MoWe|03:30pm|04:45pm|"Giovanini,Valerie"
PHIL 305|BUSINESS ETHICS|14189|SQ104|Mo|03:30pm|06:15pm|"Kalugin,Vladimir V"
PHIL 305|BUSINESS ETHICS|14191|ONLINE|TBA|TBA|TBA|"Morelli,Mojgan T"
PHIL 305|BUSINESS ETHICS|14307|JR204|Fr|02:00pm|04:45pm|"Kwon,Daniel"
PHIL 305|BUSINESS ETHICS|14308|ONLINE|TBA|TBA|TBA|"Velazco y Trianosky,Gregory"
PHIL 305|BUSINESS ETHICS|14309|ONLINE|TBA|TBA|TBA|"Velazco y Trianosky,Gregory"
PHIL 305|BUSINESS ETHICS|14328|EU136|Fr|11:00am|01:45pm|"Kwon,Daniel"
PHIL 305|BUSINESS ETHICS|14330|ONLINE|TBA|TBA|TBA|"Tregenza,Birgit L"
PHIL 305|BUSINESS ETHICS|14332|JR204|TuTh|08:00am|09:15am|"Tregenza,Birgit L"
PHIL 305|BUSINESS ETHICS|14345|EU130|Mo|12:30pm|01:45pm|"Swenson,Adam R"
PHIL 305|BUSINESS ETHICS|14693|JR246|Sa|11:00am|01:45pm|"Pressman,Howard M"
PHIL 305|BUSINESS ETHICS|14694|EU136|TuTh|12:30pm|01:45pm|"Kitchen,Justin D"
PHIL 305|BUSINESS ETHICS|14695|ONLINE|TBA|TBA|TBA|"Pallotti,Christopher A"
PHIL 305|BUSINESS ETHICS|14849|ONLINE|TBA|TBA|TBA|"Kalugin,Vladimir V"
PHIL 305|BUSINESS ETHICS|14904|ONLINE|TBA|TBA|TBA|"Pallotti,Christopher A"
PHIL 305|BUSINESS ETHICS|15116|JR204|Fr|08:00am|10:45am|"Pressman,Howard M"
PHIL 330|PHIL OF SCIENCE|14190|BB1127|We|02:00pm|04:45pm|"Bhakthavatsalam,Sindhuja"
PHIL 343|INDIAN PHILOSOPHY|14698|JR243|Tu|03:30pm|06:15pm|"Kitchen,Justin D"
PHIL 349|CONTEMP SOC POL|14296|EU130|TuTh|09:30am|10:45am|"Muller,Robin M"
PHIL 349|CONTEMP SOC POL|14297|JR204|TuTh|12:30pm|01:45pm|"Tregenza,Birgit L"
PHIL 355|PHIL OF MIND|14917|SH108|TuTh|12:30pm|02:10pm|"Franco,Abel B"
PHIL 365|SOC POL PHIL MAJ|14411|JR301|MoWe|02:00pm|03:40pm|"Velazco y Trianosky,Gregory"
PHIL 396E|PHIL RESEARCH METHOD|20797|EU136|TuTh|11:00am|12:15pm|"Muller,Robin M"
PHIL 403|CONTEMPORARY PHIL|14910|SH224|TuTh|02:00pm|03:15pm|"Black,Timothy A"
PHIL 460|ADV ETHICAL THRY|14918|SH224|TuTh|11:00am|12:15pm|"Yoo,Julie"
