PHYS 100A,17108,MZ130,TuTh,11:00am,12:15pm,"Doty,Duane R"
PHYS 100A,17109,MZ130,MoWe,11:00am,12:15pm,"Lim,Say-Peng"
PHYS 100A,17448,OV025,TuTh,02:00pm,03:15pm,"Lim,Say-Peng"
PHYS 100AL,17110,EH2109,Mo,08:00am,10:45am,"BERNAL ROMERO,JUAN JAIME"
PHYS 100AL,17111,EH2109,Mo,11:00am,01:45pm,"Collins,Eric M"
PHYS 100AL,17112,EH2109,Mo,02:00pm,04:45pm,"Garrett,Joshua Wells"
PHYS 100AL,17113,EH2109,Tu,08:00am,10:45am,"BERNAL ROMERO,JUAN JAIME"
PHYS 100AL,17114,EH2109,Tu,11:00am,01:45pm,"Collins,Eric M"
PHYS 100AL,17115,EH2109,Tu,02:00pm,04:45pm,"Garrett,Joshua Wells"
PHYS 100AL,17378,EH2109,Mo,05:00pm,07:45pm,"Zhang,Mingliang"
PHYS 100B,17117,MZ130,MoWe,09:30am,10:45am,"Cadavid,Ana C"
PHYS 100B,17652,NH113,TuTh,12:30pm,01:45pm,"Luchko,Tyler A"
PHYS 100BL,17118,LO1107,Tu,02:00pm,04:45pm,"Long,Austin R"
PHYS 100BL,17119,LO1107,Tu,08:00am,10:45am,"Chichiri,Carlos Edoardo"
PHYS 100BL,17120,LO1107,We,11:00am,01:45pm,"Casillas,Lizet S"
PHYS 100BL,17121,LO1107,We,08:00am,10:45am,"Long,Austin R"
PHYS 100BL,17572,LO1107,Th,08:00am,10:45am,"Reilly,Sean"
PHYS 100BL,17399,LO1107,Th,02:00pm,04:45pm,"Perez,Nicolas R"
PHYS 100BL,18114,LO1107,Th,11:00am,01:45pm,"Reilly,Sean"
PHYS 100BL,17950,LO1107,Tu,11:00am,01:45pm,"Rosenberg,Tanner"
PHYS 220A,17122,CR5125,MoWe,12:30pm,01:45pm,"Rowe,Tony S"
PHYS 220A,17442,OV025,Fr,02:00pm,03:15pm,"Morales,Farisa Y"
PHYS 220A,17672,JA100,TuTh,08:00am,09:15am,"Doty,Duane R"
PHYS 220AL,17123,EH2109,Th,05:00pm,07:45pm,"Orr,Connor Laurence"
PHYS 220AL,17124,EH2109,Th,08:00am,10:45am,"Demellier,Christopher Sean"
PHYS 220AL,17125,EH2109,Th,11:00am,01:45pm,"Daw,Dylan"
PHYS 220AL,17126,EH2109,Th,02:00pm,04:45pm,"Long,Austin R"
PHYS 220AL,17127,EH2109,We,08:00am,10:45am,"Chambers,Jacob"
PHYS 220AL,17627,EH2109,We,11:00am,01:45pm,"Digal,Phillip"
PHYS 220AL,17797,EH2109,We,02:00pm,04:45pm,"Koutsos,Konstantinos"
PHYS 220AL,18110,EH2109,We,05:00pm,07:45pm,"Ramirez,Fernando"
PHYS 220AL,18111,EH2109,Fr,08:00am,10:45am,"Reilly,Sean"
PHYS 220AL,18177,EH2109,Fr,11:00am,01:45pm,"Ramirez,Fernando"
PHYS 220AL,18210,EH2109,Fr,02:00pm,04:45pm,"Romich,Kristine Marie"
PHYS 220AL,18247,EH2109,Fr,05:00pm,07:45pm,"Romich,Kristine Marie"
PHYS 220B,17128,JA100,MoWe,08:00am,09:15am,"Taye,Mesfin"
PHYS 220B,17129,NA101,TuTh,08:00am,09:15am,"Wallingford,Ronald H"
PHYS 220B,17130,CR5126,MoWe,09:30am,10:45am,"Karapetyan,Karapet"
PHYS 220BL,18108,LO1102,Tu,08:00am,10:45am,"Quintanar,Leo Scott"
PHYS 220BL,17131,LO1102,Tu,11:00am,01:45pm,"Bauer,Joshua A"
PHYS 220BL,17132,LO1102,We,08:00am,10:45am,"Quintanar,Leo Scott"
PHYS 220BL,17403,LO1102,We,11:00am,01:45pm,"Clapper,Andrew Michael"
PHYS 220BL,17721,LO1102,We,02:00pm,04:45pm,"Clapper,Andrew Michael"
PHYS 220BL,18112,LO1102,Th,11:00am,01:45pm,"Chen,Xing"
PHYS 220BL,18113,LO1102,Th,02:00pm,04:45pm,"Chen,Xing"
PHYS 220BL,18174,LO1102,Mo,02:00pm,04:45pm,"Babaian,Dallar Diana"
PHYS 220BL,18175,LO1102,Mo,11:00am,01:45pm,"Zhang,Mingliang"
PHYS 220BL,18249,LO1102,Tu,02:00pm,04:45pm,"Bauer,Joshua A"
PHYS 226,17305,LO1124,TuTh,01:00pm,02:40pm,"Postma,Hendrik W C"
PHYS 301,17133,LO1124,MoWe,09:30am,10:45am,"Lim,Say-Peng"
PHYS 305,18135,ONLINE, ,TBA,TBA,"Ottsen,Henning"
PHYS 305,18136,ONLINE, ,TBA,TBA,"Ottsen,Henning"
PHYS 305,18137,ONLINE, ,TBA,TBA,"Miller,Justin W"
PHYS 305L,18138,ONLINE, ,TBA,TBA,"Ottsen,Henning"
PHYS 305L,18139,ONLINE, ,TBA,TBA,"Ottsen,Henning"
PHYS 305L,18140,ONLINE, ,TBA,TBA,"Miller,Justin W"
PHYS 311,18258,LO1124,TuTh,09:30am,10:45am,"Taheri Araghi,Sattar"
PHYS 365,17139,LO1100,MoWe,12:30pm,03:15pm,"Luchko,Tyler A"
PHYS 376,17134,JD1124,MoWe,08:00am,09:15am,"Oshiro,Thomas"
PHYS 389,20662,LO1127,TuTh,12:30pm,01:45pm,"Gao,Li"
PHYS 431,17135,LO1124,MoWe,05:00pm,06:40pm,"Lau,Kah Chun"
PHYS 451,17573,LO1124,MoWe,11:00am,12:15pm,"Cadavid,Ana C"
PHYS 465,17140,EH2005B,TuTh,02:00pm,04:45pm,"Ranganathan,Radha"
PHYS 480,21037,SH384,MoWe,12:30pm,01:45pm,"Beloborodov,Igor"
PHYS 493,17136,LO1127,We,03:30pm,04:50pm,"Ricci,Luca"
PHYS 495C,18361,TBA, ,TBA,TBA,Staff
PHYS 495C,18362,TBA, ,TBA,TBA,Staff
PHYS 498,17163,TBA, ,TBA,TBA,Staff
PHYS 498,17697,TBA, ,TBA,TBA,Staff
PHYS 499A,17169,TBA, ,TBA,TBA,Staff
PHYS 499B,17185,TBA, ,TBA,TBA,Staff
PHYS 499C,17186,TBA, ,TBA,TBA,"Cadavid,Ana C"
PHYS 595MAE,21022,ONLINE, ,TBA,TBA,"Kioussis,Nicholas"
PHYS 600,17137,LO1127,TuTh,05:00pm,06:40pm,"Shiferaw,Yohannes"
PHYS 601,18287,LO1127,MoWe,05:00pm,06:15pm,"Ricci,Luca"
PHYS 650,17138,LO1127,TuTh,07:00pm,08:15pm,"Zhang,Xu"
PHYS 696A,17187,TBA, ,TBA,TBA,"Bezryadina,Anna"
PHYS 696B,17188,TBA, ,TBA,TBA,"Bezryadina,Anna"
PHYS 696C,17198,TBA, ,TBA,TBA,"Peric,Miroslav"
PHYS 696C,17708,TBA, ,TBA,TBA,"Zhang,Xu"
PHYS 696C,17709,TBA, ,TBA,TBA,Staff
PHYS 696C,18290,TBA, ,TBA,TBA,"Lu,Gang"
PHYS 697,17264,TBA, ,TBA,TBA,"Peric,Miroslav"
PHYS 698C,17380,TBA, ,TBA,TBA,"Zhang,Xu"
PHYS 698C,17381,TBA, ,TBA,TBA,Staff
PHYS 698C,17383,TBA, ,TBA,TBA,"Lu,Gang"
PHYS 698C,18208,TBA, ,TBA,TBA,"Bezryadina,Anna"
PHYS 698C,18209,TBA, ,TBA,TBA,"Christian,Damian J"
PHYS 698D,17416,TBA, ,TBA,TBA,Staff
PHYS 698E,17427,TBA, ,TBA,TBA,"Shiferaw,Yohannes"
PHYS 698F,17334,TBA, ,TBA,TBA,"Choudhary,Debi Prasad"
PHYS 698F,17335,TBA, ,TBA,TBA,Staff
PHYS 698F,17338,TBA, ,TBA,TBA,"Ricci,Luca"
PHYS 698F,18446,TBA, ,TBA,TBA,Staff
PHYS 699A,17339,TBA, ,TBA,TBA,"Christian,Damian J"
PHYS 699A,17340,TBA, ,TBA,TBA,Staff
PHYS 699B,17341,TBA, ,TBA,TBA,"Peric,Miroslav"
PHYS 699B,17342,TBA, ,TBA,TBA,Staff
PHYS 699B,17382,TBA, ,TBA,TBA,Staff
PHYS 699C,17418,TBA, ,TBA,TBA,"Gao,Li"
PHYS 699C,17419,TBA, ,TBA,TBA,"Peric,Miroslav"
PHYS 699C,17420,TBA, ,TBA,TBA,"Peric,Miroslav"
PHYS 699D,17421,TBA, ,TBA,TBA,Staff
PHYS 699D,17422,TBA, ,TBA,TBA,Staff
PHYS 699E,17336,TBA, ,TBA,TBA,"Peric,Miroslav"
PHYS 699F,17424,TBA, ,TBA,TBA,Staff
