POLS 155|AMER POL INST|12119|LA181|Fr|11:00am|01:45pm|"Saroukhanian,Talin"
POLS 155|AMER POL INST|12120|OV025|Mo|04:00pm|06:45pm|"Becker,Lawrence A"
POLS 155|AMER POL INST|12121|LA181|MoWe|09:30am|10:45am|"Hogen-Esch,Tom J"
POLS 155|AMER POL INST|12279|SH270|Sa|08:00am|10:45am|"Buckley,Alan D"
POLS 155|AMER POL INST|12302|MZ130|TuTh|12:30pm|01:45pm|"Alvarez,Linda"
POLS 155|AMER POL INST|12634|LA181|TuTh|08:00am|09:15am|"Garcia-Acevedo,Maria R"
POLS 155|AMER POL INST|12635|NH113|TuTh|02:00pm|03:15pm|"Hartman,Thomas R"
POLS 155|AMER POL INST|12986|CR5122|We|07:00pm|09:45pm|"Hughes,Tyler J"
POLS 155HON|AMER POL INST|12921|SH266|MoWe|11:00am|12:15pm|"Ricks,Boris E"
POLS 156|INTRO COM POLS|12311|ONLINE|TBA|TBA|TBA|"Hirata,Keiko"
POLS 197|RACE & ETHNIC POL|12851|SH120|MoWe|02:00pm|03:15pm|"Ricks,Boris E"
POLS 225|ELEM INTRNTNL REL|13032|SH266|Fr|08:00am|10:45am|"Guevara,Gloria Y"
POLS 310|PROB POL ECON|12122|SH309|TuTh|12:30pm|01:45pm|"Mitchell,James A"
POLS 321|COMP POL IDEOLOG|12708|SH270|Fr|08:00am|10:45am|"Saroukhanian,Talin"
POLS 332|POL/LATIN AMERICA|12963|SH342|TuTh|08:00am|09:15am|"Alvarez,Linda"
POLS 347|JUD PROCESS|12709|SH270|MoWe|02:00pm|03:15pm|"Renetzky,Craig Allen"
POLS 350|GREAT QUEST POLTI|12616|MZ130|MoWe|08:00am|09:15am|"Dungey,Nicholas W"
POLS 350|GREAT QUEST POLTI|12922|SH309|TuTh|11:00am|12:15pm|"Motameni,Ahmad R"
POLS 355|AM NTL ST LOC GVT|12124|SH386|Fr|11:00am|01:45pm|"Nabulsi,Kassem"
POLS 355|AM NTL ST LOC GVT|12637|SH120|MoWe|08:00am|09:15am|"Buckley,Alan D"
POLS 355|AM NTL ST LOC GVT|12636|ONLINE|TBA|TBA|TBA|"Guevara,Gloria Y"
POLS 355|AM NTL ST LOC GVT|12710|SH270|Th|07:00pm|09:45pm|"Buckley,Alan D"
POLS 355|AM NTL ST LOC GVT|13177|SH309|TuTh|09:30am|10:45am|"Mitchell,James A"
POLS 360|PUBLIC ADMIN|12330|SH270|Fr|11:00am|01:45pm|"Kappas,Peter D"
POLS 361|INTR TO PUBL POL|13033|SH270|MoWe|09:30am|10:45am|"Saroukhanian,Talin"
POLS 372|PRIN METH POL SCI|12125|SH303|MoWe|08:00am|09:15am|"Macias,Alexandra"
POLS 372|PRIN METH POL SCI|12126|SH303|MoWe|02:00pm|03:15pm|"Macias,Alexandra"
POLS 372|PRIN METH POL SCI|12127|SH303|Th|07:00pm|09:45pm|"Guevara,Gloria Y"
POLS 372|PRIN METH POL SCI|12711|SH303|Sa|11:00am|01:45pm|"Guevara,Gloria Y"
POLS 380|L.A. PAST FUTURE|13034|SH270|TuTh|11:00am|12:15pm|"Rowlands,Lauren"
POLS 405|PUBL POL FORMATN|12853|SH270|MoWe|03:30pm|04:45pm|"Hughes,Tyler J"
POLS 411|GK ROM MED POL TH|12578|SH270|MoWe|12:30pm|01:45pm|"Dungey,Nicholas W"
POLS 413|AMER POL THOUGHT|20587|SH266|TuTh|09:30am|10:45am|"Motameni,Ahmad R"
POLS 420D|INTL REL MID EAST|12618|SH270|Mo|07:00pm|09:45pm|"Nabulsi,Kassem"
POLS 420H|INTL REL NE ASIA|13185|SH270|TuTh|12:30pm|01:45pm|"Hirata,Keiko"
POLS 427A|MODEL UN|12134|SH303|Fr|08:00am|08:50am|"De Maio,Jennifer"
POLS 427AL|MODEL UN LAB|12138|SH303|Fr|09:00am|12:50pm|"De Maio,Jennifer"
POLS 428|INTERNATL ORGANIZ|12935|SH270|TuTh|08:00am|09:15am|"Mitchell,James A"
POLS 436A|GOVT + POL EUROPE|12577|SH266|MoWe|09:30am|10:45am|"Macias,Alexandra"
POLS 441A|LATINA/O POLITICS|12978|SH266|TuTh|11:00am|12:15pm|"Morin,Jason L"
POLS 443|THE LEGIS PROCESS|12714|SH270|MoWe|11:00am|12:15pm|"Groper,Richard P"
POLS 444|ELECT + VOT BEHAV|13306|SH270|Tu|07:00pm|09:45pm|"Guevara,Gloria Y"
POLS 445|POL BEHAVIOR|13039|SH270|TuTh|03:30pm|04:45pm|"Wilson,Victoria"
POLS 446|THE PRESIDENCY|13071|SH266|MoWe|02:00pm|03:15pm|"Motameni,Ahmad R"
POLS 447A|MEDIA & POLITICS|12856|SH266|MoWe|12:30pm|01:45pm|"Macias,Alexandra"
POLS 448|WOMEN & POLITICS|12228|SH270|TuTh|09:30am|10:45am|"Rowlands,Lauren"
POLS 450|JURISPRUDENCE|12503|SH270|Sa|11:00am|01:45pm|"Feldman,Adam Sean"
POLS 455|CRIMINAL PROCED|12576|SH270|Fr|02:00pm|04:45pm|"Renetzky,Craig Allen"
POLS 455|CRIMINAL PROCED|13040|SH270|We|07:00pm|09:45pm|"Renetzky,Craig Allen"
POLS 457A|CONST LAW I|12140|SH266|TuTh|12:30pm|01:45pm|"Bradberry,Leigh A"
POLS 461|ENVR POLICY|13041|SH270|MoWe|08:00am|09:15am|"Kappas,Peter D"
POLS 467|URBAN ADMIN|20591|SH270|TuTh|02:00pm|03:15pm|"Craigg,Elizabeth A"
POLS 471A|PROSEM AM GO|12504|SH290|TuTh|02:00pm|03:15pm|"Morin,Jason L"
POLS 471B|PROSEM-COMP GOVNT|12265|SH290|TuTh|11:00am|12:15pm|"Garcia-Acevedo,Maria R"
POLS 471C|PROSEM-INTNTL REL|12141|SH290|We|03:30pm|06:15pm|"De Maio,Jennifer"
POLS 471D|PROSEM-POLITCL TH|12961|SH290|MoWe|09:30am|10:45am|"Dungey,Nicholas W"
POLS 471E|PROSEM-PUBLC ADMN|12245|SH290|Th|07:00pm|09:45pm|"Kappas,Peter D"
POLS 471F|PROSEM-PUBLIC LAW|12505|SH290|MoWe|11:00am|12:15pm|"Feldman,Adam Sean"
POLS 471F|PROSEM-PUBLIC LAW|20593|SH290|Tu|07:00pm|09:45pm|"Bradberry,Leigh A"
POLS 490CA|SUP IND PROJ CAL|12859|TBA|TBA|TBA|TBA|"Hogen-Esch,Tom J"
POLS 494I|POLS INTERNSHIP|13068|SH104|Fr|11:00am|01:45pm|"Hogen-Esch,Tom J"
POLS 494IA|POLS INT A|13092|TBA|TBA|TBA|TBA|"Hogen-Esch,Tom J"
POLS 494J|JUDICIAL INTNSHIP|13047|TBA|TBA|TBA|TBA|"Bradberry,Leigh A"
POLS 494JA|JUDICIAL INT A|13093|TBA|TBA|TBA|TBA|"Bradberry,Leigh A"
POLS 522D|SEM INT RELATIONS|13043|SH290|We|07:00pm|09:45pm|"De Maio,Jennifer"
POLS 540F|SEM IN PUB POLCY|13215|SH104|Tu|07:00pm|09:45pm|"Kappas,Peter D"
POLS 570|SEMINAR POL THEORY|12943|SH307|Th|07:00pm|09:45pm|"Leitch,David G"
POLS 597|DIR COMP STUDIES|12944|TBA|TBA|TBA|TBA|"Hirata,Keiko"
POLS 698D|GRADUATE PROJECT|13201|TBA|TBA|TBA|TBA|"Hirata,Keiko"
