PSY 150|INTRO PSYCH|12099|SH280|MoWe|09:30am|10:45am|"Huynh,Que-Lam"
PSY 150|INTRO PSYCH|12181|NH113|MoWe|12:30pm|01:45pm|"Huynh,Que-Lam"
PSY 150|INTRO PSYCH|12506|NH113|TuTh|11:00am|12:15pm|"Arentoft,Alyssa"
PSY 150|INTRO PSYCH|12540|SH365|TuTh|08:00am|09:15am|"Shiffrar,Maggie M"
PSY 150|INTRO PSYCH|12543|LA181|MoWe|11:00am|12:15pm|"Drew,Stefanie A"
PSY 150|INTRO PSYCH|12547|SH365|Fr|08:00am|10:45am|"Wilson,Essence L"
PSY 150|INTRO PSYCH|12548|SH365|TuTh|05:00pm|06:15pm|"Silva Benitez,Hector Emmanuel"
PSY 150|INTRO PSYCH|12549|SH365|Tu|06:30pm|09:15pm|"Serpa,Alyssa Michelle"
PSY 150|INTRO PSYCH|12590|SH365|MoWe|05:00pm|06:15pm|"Churchill,Aaliyah"
PSY 150|INTRO PSYCH|12600|SH365|TuTh|02:00pm|03:15pm|"Morain,Katherine"
PSY 150|INTRO PSYCH|12601|LA181|MoWe|11:00am|12:15pm|"Drew,Stefanie A"
PSY 150|INTRO PSYCH|12688|JR315|MoWe|09:30am|10:45am|"Appell,Jeffrey L"
PSY 250|PHYS COR HUM BEH|12105|CR5122|MoWe|08:00am|09:15am|"Kang,Sun-Mee"
PSY 250|PHYS COR HUM BEH|12290|SH280|TuTh|12:30pm|01:45pm|"Blum,Nancy A"
PSY 301|PSY PREPROFESSION|12341|ONLINE|TBA|TBA|TBA|"Malmberg,Debra Berry"
PSY 310|ABNORMAL PSYCH|12225|SH380|MoWe|09:30am|10:45am|"Mitrushina,Maura N"
PSY 310|ABNORMAL PSYCH|12544|SH342|MoWe|12:30pm|01:45pm|"Katz,Gary S"
PSY 310|ABNORMAL PSYCH|12672|SH120|We|06:00pm|08:45pm|"Hamer,Marc R"
PSY 310|ABNORMAL PSYCH|12894|CR5122|MoWe|09:30am|10:45am|"Sergi,Mark J"
PSY 310|ABNORMAL PSYCH|12941|MZ130|TuTh|08:00am|09:15am|"Brogdon,Gidget"
PSY 312|PSY ASPCTS PRATHD|12116|JA100|Fr|11:00am|01:45pm|"Abara,Jose P"
PSY 312|PSY ASPCTS PRATHD|12812|SH309|TuTh|05:00pm|06:15pm|"Appell,Jeffrey L"
PSY 313|DEVELOPMENTAL PSY|12117|SH386|Mo|02:00pm|03:15pm|"Rashtian,Andrea M"
PSY 313|DEVELOPMENTAL PSY|12566|SH286|MoWe|03:30pm|04:45pm|"Saetermoe,Carrie L"
PSY 313|DEVELOPMENTAL PSY|12580|JA100|Mo|03:30pm|06:15pm|"Blum,Nancy A"
PSY 313|DEVELOPMENTAL PSY|12802|EH2132|TuTh|08:00am|09:15am|"Tonyan,Holli A"
PSY 320|STAT METH PSY RES|12156|SH380|MoWe|11:00am|12:15pm|"Quilici,Jill L"
PSY 320|STAT METH PSY RES|12155|ONLINE|TBA|TBA|TBA|"Hess,Michael A"
PSY 320|STAT METH PSY RES|12157|SH365|MoWe|09:30am|10:45am|"Kang,Sun-Mee"
PSY 320|STAT METH PSY RES|12297|SH386|MoWe|12:30pm|01:45pm|"Gardner,Michael A"
PSY 320|STAT METH PSY RES|12374|SH120|TuTh|06:00pm|07:15pm|"Gardner,Michael A"
PSY 320|STAT METH PSY RES|12188|SH365|TuTh|12:30pm|01:45pm|"Berzenski,Sara R"
PSY 320|STAT METH PSY RES|12410|SH380|MoWe|02:00pm|03:15pm|"Katz,Gary S"
PSY 320|STAT METH PSY RES|12420|SH309|MoWe|08:00am|09:15am|"Hess,Michael A"
PSY 320|STAT METH PSY RES|12421|ONLINE|TBA|TBA|TBA|"Otten,Mark P"
PSY 320L|LAB STAT METH|12163|SH341|MoWe|12:30pm|01:20pm|"Quilici,Jill L"
PSY 320L|LAB STAT METH|12164|SH341|MoWe|01:30pm|02:20pm|"Quilici,Jill L"
PSY 320L|LAB STAT METH|12159|SH341|TuTh|12:30pm|01:20pm|"Doty,Taylor A"
PSY 320L|LAB STAT METH|12338|SH341|TuTh|01:30pm|02:20pm|"Doty,Taylor A"
PSY 320L|LAB STAT METH|12160|SH374|Mo|11:00am|11:50am|"Kang,Sun-Mee"
PSY 320L|LAB STAT METH|12161|SH374|We|11:00am|11:50am|"Kang,Sun-Mee"
PSY 320L|LAB STAT METH|12294|SH389|MoWe|02:00pm|02:50pm|"Gardner,Michael A"
PSY 320L|LAB STAT METH|12295|SH389|MoWe|03:00pm|03:50pm|"Gardner,Michael A"
PSY 320L|LAB STAT METH|12389|SH389|MoWe|04:00pm|04:50pm|"Gardner,Michael A"
PSY 320L|LAB STAT METH|12375|SH374|Tu|07:30pm|09:10pm|"Gardner,Michael A"
PSY 320L|LAB STAT METH|12376|SH374|Th|07:30pm|09:10pm|"Gardner,Michael A"
PSY 320L|LAB STAT METH|12393|SH374|TuTh|05:00pm|05:50pm|"Gardner,Michael A"
PSY 320L|LAB STAT METH|12165|SH374|TuTh|02:00pm|02:50pm|"Berzenski,Sara R"
PSY 320L|LAB STAT METH|12166|SH374|TuTh|03:00pm|03:50pm|"Berzenski,Sara R"
PSY 320L|LAB STAT METH|12411|SH341|MoWe|03:30pm|04:20pm|"Katz,Gary S"
PSY 320L|LAB STAT METH|12412|SH341|MoWe|04:30pm|05:20pm|"Katz,Gary S"
PSY 320L|LAB STAT METH|12424|SH389|MoWe|09:30am|10:20am|"Hess,Michael A"
PSY 320L|LAB STAT METH|12425|SH389|MoWe|10:30am|11:20am|"Hess,Michael A"
PSY 320L|LAB STAT METH|12426|SH389|MoWe|11:30am|12:20pm|"Hess,Michael A"
PSY 320L|LAB STAT METH|12430|SH341|Tu|02:30pm|04:10pm|"Otten,Mark P"
PSY 321|PSY RESEARCH METH|12168|SH365|MoWe|11:00am|12:15pm|"Kantner,Justin D"
PSY 321|PSY RESEARCH METH|12169|SH309|TuTh|08:00am|09:15am|"Ruvalcaba,Omar"
PSY 321|PSY RESEARCH METH|12170|SH380|MoWe|08:00am|09:15am|"Plunkett,Scott W"
PSY 321|PSY RESEARCH METH|12171|SH380|TuTh|02:00pm|03:15pm|"Fenn,Elise A"
PSY 321|PSY RESEARCH METH|12291|SH386|MoWe|06:30pm|07:45pm|"Abara,Jose P"
PSY 321|PSY RESEARCH METH|12414|SH380|Fr|08:00am|10:45am|"Sadeh,Michelle"
PSY 321H|PSY RESEARCH METH|12771|SH309|TuTh|08:00am|09:15am|"Ruvalcaba,Omar"
PSY 321L|PSY RES METH LAB|12172|SH374|Mo|12:30pm|01:45pm|"Kantner,Justin D"
PSY 321L|PSY RES METH LAB|12320|SH374|We|12:30pm|01:45pm|"Kantner,Justin D"
PSY 321L|PSY RES METH LAB|12177|SH389|Tu|09:30am|10:45am|"Ruvalcaba,Omar"
PSY 321L|PSY RES METH LAB|12229|SH389|Tu|11:00am|12:15pm|"Ruvalcaba,Omar"
PSY 321L|PSY RES METH LAB|12235|SH389|Tu|12:30pm|01:45pm|"Ruvalcaba,Omar"
PSY 321L|PSY RES METH LAB|12416|SH341|MoWe|09:30am|10:45am|"Plunkett,Scott W"
PSY 321L|PSY RES METH LAB|12446|SH341|MoWe|11:00am|12:15pm|"Plunkett,Scott W"
PSY 321L|PSY RES METH LAB|12451|SH389|Tu|03:30pm|04:45pm|"Fenn,Elise A"
PSY 321L|PSY RES METH LAB|12452|SH389|Th|03:30pm|04:45pm|"Fenn,Elise A"
PSY 321L|PSY RES METH LAB|12457|SH374|Mo|08:00pm|09:15pm|"Abara,Jose P"
PSY 321L|PSY RES METH LAB|12458|SH374|We|08:00pm|09:15pm|"Abara,Jose P"
PSY 321L|PSY RES METH LAB|12459|SH374|We|05:00pm|06:15pm|"Abara,Jose P"
PSY 321L|PSY RES METH LAB|12463|SH341|Fr|11:00am|12:15pm|"Sadeh,Michelle"
PSY 321L|PSY RES METH LAB|12464|SH341|Fr|12:30pm|01:45pm|"Sadeh,Michelle"
PSY 321LH|PSY RES METH LAB|12768|SH389|Tu|09:30am|10:45am|"Ruvalcaba,Omar"
PSY 345|SOCIAL PSYCHOLOGY|12145|EH2132|Mo|06:00pm|08:45pm|"Mahmud,Aida"
PSY 345|SOCIAL PSYCHOLOGY|12555|NH113|TuTh|08:00am|09:15am|"Rutchick,Abe"
PSY 345|SOCIAL PSYCHOLOGY|12556|ONLINE|TuTh|08:00am|09:15am|"Rutchick,Abe"
PSY 345|SOCIAL PSYCHOLOGY|12965|SH309|MoWe|11:00am|12:15pm|"Hyde,Kristin A"
PSY 351|BEH PSY & THERAPY|12355|SH386|MoWe|09:30am|10:45am|"Jin,Chunying"
PSY 351|BEH PSY & THERAPY|12620|SH203|TuTh|05:30pm|06:45pm|"Adzhyan,Petros"
PSY 351|BEH PSY & THERAPY|13230|MZ130|Fr|11:00am|01:45pm|"Jin,Chunying"
PSY 352|MOTIVATION|12243|EH2227|Th|06:00pm|08:45pm|"Hamer,Marc R"
PSY 352|MOTIVATION|12537|SH120|MoWe|12:30pm|01:45pm|"Hurwitz,Delinah Raya B"
PSY 352|MOTIVATION|12545|ONLINE|TBA|TBA|TBA|"Rashtian,Andrea M"
PSY 352|MOTIVATION|12799|SH386|Th|04:00pm|06:45pm|"Brogdon,Gidget"
PSY 356|I/O PSYCH|12148|LA181|TuTh|02:00pm|03:15pm|"Kazemi,Ellie"
PSY 361|ADOLESCENCE|12966|MZ130|We|03:30pm|06:15pm|"Banerjee,Meeta"
PSY 361|ADOLESCENCE|13066|OV025|Th|04:00pm|06:45pm|"Mahmud,Aida"
PSY 365|INTRO GERONTOLOGY|12227|NH113|We|04:00pm|06:45pm|"Lagana,Luciana"
PSY 365|INTRO GERONTOLOGY|12546|SH280|Fr|08:00am|10:45am|"Stark,Harry J"
PSY 367|COGNITIVE PSYCH|12647|LA181|TuTh|11:00am|12:15pm|"Shiffrar,Maggie M"
PSY 367|COGNITIVE PSYCH|12716|SH386|Tu|06:00pm|08:45pm|"Stark,Harry J"
PSY 367|COGNITIVE PSYCH|12735|OV025|MoWe|08:00am|09:15am|"Hyde,Kristin A"
PSY 369|APPLIED COGNITION|12538|SH309|Fr|08:00am|10:45am|"Kramarova,Olga"
PSY 382|PRIN HUMAN FACTOR|12359|ONLINE|TBA|TBA|TBA|"Kramarova,Olga"
PSY 406|DEV PSYCHOPATHOL|12595|SH365|MoWe|12:30pm|01:45pm|"Rice,Brian J"
PSY 427|INTRO PSY TESTING|12153|SH380|TuTh|09:30am|10:45am|"Berzenski,Sara R"
PSY 453|PSY ASPT HUMN SEX|12565|SH342|Fr|09:30am|10:45am|"Hurwitz,Delinah Raya B"
PSY 455|ETHICS IN PSYCH|12337|SH309|Tu|06:30pm|09:15pm|"Brogdon,Gidget"
PSY 457|BEH APP AUTISM|20669|SH391|TuTh|09:30am|10:45am|"Malmberg,Debra Berry"
PSY 460|COUNS + INTERVIEW|12575|SH386|MoWe|11:00am|12:15pm|"Rashtian,Andrea M"
PSY 471C|ADV INQ CLIN PSY|20663|SH391|We|06:30pm|09:15pm|"Gamarra,Jennifer M"
PSY 471C|ADV INQ CLIN PSY|20664|SH391|Th|05:00pm|07:45pm|"Stepanyan,Sofia Tigranuhi"
PSY 471CB|ADV INQ COGBEHTX|13081|SH342|MoWe|11:00am|12:15pm|"Sergi,Mark J"
PSY 471CBS|ADV INQ CLIN SEM|13082|SH371|MoWe|12:30pm|01:20pm|"Sergi,Mark J"
PSY 479PD|ADV INQ PREJUDICE|12804|SH391|Fr|11:00am|01:45pm|"Boeder,Jordan D"
PSY 479SE|ADV INQ SPORT PSY|12657|JA100|MoWe|11:00am|12:15pm|"Otten,Mark P"
PSY 485GT|ADV INQ METH GT|13016|SH371|TuTh|12:30pm|01:45pm|"Tonyan,Holli A"
PSY 485GTS|ADV INQ METH SEM|13026|SH389|TuTh|02:00pm|02:50pm|"Tonyan,Holli A"
PSY 485US|ADV INQ UNIV STAT|12758|SH365|TuTh|09:30am|10:45am|"Ainsworth,Andrew T"
PSY 485USS|ADV INQ METH SEM|12759|SH365|Tu|11:00am|11:50am|"Ainsworth,Andrew T"
PSY 487H|HONORS PROSEMINAR|20670|SH382|Fr|12:30pm|02:10pm|"Tonyan,Holli A"
PSY 492H|HON PROF DEVELOP|12733|SH391|Mo|05:00pm|06:40pm|"Plunkett,Scott W"
PSY 492H|HON PROF DEVELOP|12953|SH365|Mo|03:00pm|03:50pm|"Kirmiz,Nina"
PSY 499A|INDEPENDENT STUDY|12182|TBA|TBA|TBA|TBA|"Fenn,Elise A"
PSY 499A|INDEPENDENT STUDY|13387|TBA|TBA|TBA|TBA|"Razani,Jill"
PSY 499B|INDEPENDENT STUDY|12189|TBA|TBA|TBA|TBA|"Fenn,Elise A"
PSY 499B|INDEPENDENT STUDY|13388|TBA|TBA|TBA|TBA|"Razani,Jill"
PSY 499C|INDEPENDENT STUDY|12190|TBA|TBA|TBA|TBA|"Razani,Jill"
PSY 499C|INDEPENDENT STUDY|13389|TBA|TBA|TBA|TBA|"Razani,Jill, ..."
PSY 500|SEM PROF DEVELOP|12668|SH322|Mo|12:00pm|12:50pm|"Berzenski,Sara R"
PSY 534|LATENT VAR ANALYS|12597|SH374|MoWe|02:00pm|03:15pm|"Otten,Mark P"
PSY 534S|LATENT VAR SEM|12598|SH374|MoWe|03:30pm|04:20pm|"Otten,Mark P"
PSY 540|SEM SOC PSY|12669|SH322|We|06:00pm|08:45pm|"Ma,Debbie S"
PSY 581|TEACHING OF PSYCH|12581|ONLINE|TBA|TBA|TBA|"Hood,Stephanie A"
PSY 594HA|TUTORIAL IN PSY|21161|TBA|TBA|TBA|TBA|"Chavira,Gabriela"
PSY 594HC|TUTORIAL IN PSY|12354|TBA|TBA|TBA|TBA|"Brogdon,Gidget"
PSY 628|FUND PSYCHOTHRPY|12180|SH389|MoWe|12:30pm|01:45pm|"Mitrushina,Maura N"
PSY 655BC|FIELD WK PSY SERV|12403|SH322|Tu|12:00pm|02:45pm|"Razani,Jill"
PSY 655CC|FIELD WK PSY SERV|12404|MH209|Mo|09:00am|11:45am|"Katz,Gary S"
PSY 696|DIR CLIN RESEARCH|21176|TBA|TBA|TBA|TBA|"Razani,Jill"
PSY 697C|DIR COMP STUDIES|12339|TBA|TBA|TBA|TBA|"Razani,Jill"
PSY 698C|THESIS OR GRAD PJ|12204|TBA|TBA|TBA|TBA|"Ainsworth,Andrew T, ..."
PSY 699A|INDEPENDENT STUDY|12202|TBA|TBA|TBA|TBA|"Razani,Jill"
PSY 699B|INDEPENDENT STUDY|12205|TBA|TBA|TBA|TBA|"Plunkett,Scott W"
PSY 699C|INDEPENDENT STUDY|12206|TBA|TBA|TBA|TBA|"Razani,Jill"
