QS 113A|APPR UNIV WRTNG A|14889|JR212|MoWe|12:30pm|01:45pm|"Shannon,Mary E"
QS 115|APPR UNIV WRITING|14824|LO1231|MoWe|12:30pm|01:45pm|"Clements,Matthew"
QS 115|APPR UNIV WRITING|15060|ED1126|MoWe|09:30am|10:45am|"Shannon,Mary E"
QS 115|APPR UNIV WRITING|15106|SH221|MoWe|02:00pm|03:15pm|"Solis,Nicole M E"
QS 115|APPR UNIV WRITING|15202|EU133|TuTh|09:30am|10:45am|"Clements,Matthew"
QS 115|APPR UNIV WRITING|15302|SH224|TuTh|12:30pm|01:45pm|"Brady,Kimmerly D"
QS 301|PERSPECTIVES N QS|14292|BB1210|MoWe|02:00pm|03:15pm|"Clements,Matthew"
QS 301|PERSPECTIVES N QS|15257|JR246|Tu|04:00pm|06:45pm|"Carlisle,Vanessa"
QS 301|PERSPECTIVES N QS|15330|ONLINE|TBA|TBA|TBA|"Harrison,Amanda M"
QS 302|LA IN TRANSIT|15294|SH390|Tu|04:00pm|06:45pm|"Cartier,Marie A"
QS 304|QUEER SCREEN/SPEC|15394|SH198|Th|04:00pm|06:45pm|"Clements,Matthew"
QS 369|NATURE OF QUEER|20798|BB1212|MoWe|02:00pm|03:15pm|"Hansen,Sarah K"
