R S 100,14160,SH384,MoWe,09:30am,10:45am,"Findlay,James D"
R S 100,14177,SH384,MoWe,11:00am,12:15pm,"An,Yountae"
R S 100,14378,SH390,TuTh,11:00am,12:15pm,"Todd,Kenneth Karl"
R S 100,14579,SH390,TuTh,12:30pm,01:45pm,"Baugh,Amanda J"
R S 100,14733,ONLINE, ,TBA,TBA,"Talbott,Rick F"
R S 100,14744,ONLINE, ,TBA,TBA,"An,Yountae"
R S 100HON,15263,SH390,MoWe,02:00pm,03:15pm,"Findlay,James D"
R S 101,14161,SH314,MoWe,09:30am,10:45am,"Goodfriend,Elaine A"
R S 101,14728,SH314,MoWe,11:00am,12:15pm,"Goodfriend,Elaine A"
R S 150,14162,JR214,MoWe,09:30am,10:45am,"Cummings,Randal L"
R S 150,14163,SH390,MoWe,12:30pm,01:45pm,"Cummings,Randal L"
R S 150,14377,SH390,Mo,04:00pm,06:45pm,"Mason,Robert J"
R S 150,14176,SH390,TuTh,09:30am,10:45am,"Wilkerson,Ingrid R"
R S 150,14335,JR246,TuTh,12:30pm,01:45pm,"Wilkerson,Ingrid R"
R S 150,14766,SH390,TuTh,02:00pm,03:15pm,"Mason,Robert J"
R S 150,14892,ONLINE, ,TBA,TBA,"An,Yountae"
R S 150,15016,ONLINE, ,TBA,TBA,"Lee,Kenneth"
R S 150,15409,ONLINE, ,TBA,TBA,"Alvizo,Xochitl"
R S 204,14302,SH192,MoWe,12:30pm,01:45pm,"Findlay,James D"
R S 204,14303,SH192,MoWe,02:00pm,03:15pm,"Tevanyan,Albert"
R S 204,14349,SH192,TuTh,09:30am,10:45am,"Assad,Richard M"
R S 204,14581,SH192,TuTh,11:00am,12:15pm,"Kuns,Tim N."
R S 204,14584,SH192,Fr,02:00pm,04:45pm,"Assad,Richard M"
R S 204,14899,ONLINE, ,TBA,TBA,"Assad,Richard M"
R S 204,14975,ONLINE, ,TBA,TBA,"Kuns,Tim N."
R S 204,15278,ONLINE, ,TBA,TBA,"Kuns,Tim N."
R S 204,15467,ONLINE, ,TBA,TBA,"Assad,Richard M"
R S 204,15473,ONLINE, ,TBA,TBA,"Mason,Robert J"
R S 256,15411,SH192,MoWe,11:00am,12:15pm,"O'Donnell,Mary Jane"
R S 256,15412,ONLINE, ,TBA,TBA,"O'Donnell,Mary Jane"
R S 256,15477,ONLINE, ,TBA,TBA,"O'Donnell,Mary Jane"
R S 256,21313,ONLINE, ,TBA,TBA,"O'Donnell,Mary Jane"
R S 304,14356,SH192,TuTh,02:00pm,03:15pm,"Alvizo,Xochitl"
R S 304,14629,ONLINE, ,TBA,TBA,"Wilkerson,Ingrid R"
R S 304,15254,ONLINE, ,TBA,TBA,"Alvizo,Xochitl"
R S 304,15464,ONLINE, ,TBA,TBA,"Wilkerson,Ingrid R"
R S 306,14746,ONLINE, ,TBA,TBA,"Findlay,James D"
R S 306,20692,ONLINE, ,TBA,TBA,"Findlay,James D"
R S 307,15266,ONLINE, ,TBA,TBA,"Wilkerson,Ingrid R"
R S 310,14893,ONLINE, ,TBA,TBA,"Cummings,Randal L"
R S 311,14202,ONLINE, ,TBA,TBA,"Cummings,Randal L"
R S 327,20699,ONLINE, ,TBA,TBA,"Talbott,Rick F"
R S 356,14178,SH390,MoWe,11:00am,12:15pm,"Myers,Jody E"
R S 356,14923,SH192,TuTh,12:30pm,01:45pm,"Alvizo,Xochitl"
R S 361,14203,SH390,MoWe,09:30am,10:45am,"Malhotra,Vikas"
R S 361,14257,SH314,MoWe,12:30pm,01:45pm,"Tevanyan,Albert"
R S 361,14729,SH314,TuTh,09:30am,10:45am,"Todd,Kenneth Karl"
R S 361,14895,JR244,We,04:00pm,06:45pm,"Mason,Robert J"
R S 361,14909,ONLINE, ,TBA,TBA,"Lee,Kenneth"
R S 361,15139,ONLINE, ,TBA,TBA,"Tevanyan,Albert"
R S 361,15140,ONLINE, ,TBA,TBA,"Tevanyan,Albert"
R S 361,15215,ONLINE, ,TBA,TBA,"Kuns,Tim N."
R S 361,15306,ONLINE, ,TBA,TBA,"Mason,Robert J"
R S 361,15474,ONLINE, ,TBA,TBA,"Tevanyan,Albert"
R S 361,15479,ONLINE, ,TBA,TBA,"Kuns,Tim N."
R S 365,14223,SH314,TuTh,11:00am,12:15pm,"Ruzgar,Mustafa"
R S 378,14179,EU103,TuTh,12:30pm,01:45pm,"Thompson,Jennifer A"
R S 380,14898,JR303,MoWe,02:00pm,03:15pm,"Cummings,Randal L"
R S 390,14718,ONLINE, ,TBA,TBA,"Lee,Kenneth"
R S 390,14896,ONLINE, ,TBA,TBA,"Lee,Kenneth"
R S 395,14326,SH314,TuTh,02:00pm,03:15pm,"Baugh,Amanda J"
