RTM 150|INTR OUTDR ED/BCK|19407|ONLINE|TBA|TBA|TBA|"Whitesides,Christopher Anthony"
RTM 151A|BACKPACKING|19218|RE151|Sa|09:00am|10:40am|"Szczepanski,Timothy C"
RTM 151D|FLATWTR BOATING|18949|OFFCAM|Sa|09:00am|11:45am|"Whitesides,Christopher Anthony"
RTM 151F|SURVIVAL|19004|RE151|Th|07:00pm|08:45pm|"Wilsey,Kassandra C"
RTM 151G|CHALLENGE/ROPES|19073|TBA|TBA|TBA|TBA|Staff
RTM 151H|CAVING|18950|RE151|Sa|11:00am|12:40pm|"Despain,Joel D"
RTM 202|PLAN PROG REC EXP|18951|ED1130|Tu|08:00am|09:40am|"Vincent,Leanne M"
RTM 202|PLAN PROG REC EXP|19244|RE153|Tu|02:00pm|03:40pm|"Sung,Erika HeeKyung"
RTM 202L|PLAN PRG REC EXP|18952|ED1130|Th|08:00am|09:40am|"Vincent,Leanne M"
RTM 202L|PLAN PRG REC EXP|19245|RE153|Th|02:00pm|03:40pm|"Sung,Erika HeeKyung"
RTM 204|INTRO REC THER|18953|BB1240|TuTh|09:30am|10:45am|"Schuster,Paulette A"
RTM 251|REC & NATL ENVIR|19224|RE153|TuTh|09:30am|10:45am|"LUO,LAWRENCE"
RTM 251|REC & NATL ENVIR|19401|ONLINE|TBA|TBA|TBA|"Gonzalez,Jose H"
RTM 278|REC&LEI CONT SOC|18957|RE151|TuTh|11:00am|12:15pm|"Sung,Erika HeeKyung"
RTM 278|REC&LEI CONT SOC|19402|SG109|TuTh|12:30pm|01:45pm|"Schuster,Paulette A"
RTM 296RS|INTRO REC SPORT|20784|CR5209|TuTh|11:00am|12:15pm|"Martin,Nathan T."
RTM 300|RECR AND COMM DEV|19050|RE151|TuTh|08:00am|09:15am|"Castillo,Francisca A"
RTM 302|LEADERSHIP REC/HS|18959|BB1117|TuTh|12:30pm|01:45pm|"Wright,Alan N"
RTM 302|LEADERSHIP REC/HS|19614|RE153|Fr|11:00am|01:45pm|"Gonzalez,Jose H"
RTM 303|PROMO RECR EXP|19051|RE153|TuTh|11:00am|12:15pm|"Xie,Jimmy"
RTM 304|ENTREPRENEUR REC|18960|JD3508|TuTh|11:00am|12:15pm|"Gonzalez,Jose H"
RTM 304|ENTREPRENEUR REC|19282|SG109|TuTh|02:00pm|03:15pm|"Schuster,Paulette A"
RTM 305|DYN CHILD PLAY|18961|ONLINE|TBA|TBA|TBA|"Sachs,Robin S"
RTM 306|LEADERSHIP COACH|19777|TBA|TBA|TBA|TBA|Staff
RTM 310|ADVENTURE RECR|19071|SH342|Tu|02:00pm|03:40pm|"Wright,Alan N"
RTM 310L|ADVENTURE REC LAB|19018|SH342|Th|02:00pm|03:40pm|"Wright,Alan N"
RTM 314|HOSP & CUSTOM SER|18962|JD2528|TuTh|02:00pm|03:15pm|"Ward,Veda E"
RTM 330|WOMEN & LEISURE|19017|RE153|TuTh|12:30pm|01:45pm|"Yost,Wendy L"
RTM 330|WOMEN & LEISURE|19186|ONLINE|TBA|TBA|TBA|"Yost,Wendy L"
RTM 330|WOMEN & LEISURE|19408|ONLINE|TBA|TBA|TBA|"Castillo,Francisca A"
RTM 351|OUTDR ENVIRON ED|19308|SH192|Th|04:00pm|06:45pm|"Wright,Alan N"
RTM 352|PLAY & HUM POTENT|18963|RE153|Fr|08:00am|10:45am|"Newton,Delfina D"
RTM 352|PLAY & HUM POTENT|19309|ONLINE|TBA|TBA|TBA|"Newton,Delfina D"
RTM 352|PLAY & HUM POTENT|19848|ONLINE|TBA|TBA|TBA|"Newton,Delfina D"
RTM 353|LIT WILDERNES EXP|20008|ONLINE|TBA|TBA|TBA|"Philibosian,Dianne L"
RTM 353L|LIT WLDR EXPR LAB|20009|ONLINE|TBA|TBA|TBA|"Philibosian,Dianne L"
RTM 402|MDL PLAY LEIS REC|18964|TBA|TBA|TBA|TBA|Staff
RTM 403|EVL RES REC HM SV|19052|RE151|TuTh|12:30pm|01:45pm|"Xie,Jimmy"
RTM 406|CHILD CREATIVITY|19403|ONLINE|TBA|TBA|TBA|"Philibosian,Dianne L"
RTM 406|CHILD CREATIVITY|20612|ONLINE|TBA|TBA|TBA|"Sachs,Robin S"
RTM 406L|CHILD CREAT LAB|19404|ONLINE|TBA|TBA|TBA|"Philibosian,Dianne L"
RTM 406L|CHILD CREAT LAB|20613|ONLINE|TBA|TBA|TBA|"Sachs,Robin S"
RTM 414|FOOD&BEVERAGE MGT|19318|SH268|Th|04:00pm|06:45pm|"Shade,Babette D"
RTM 415|LEISURE & AGING|19405|ONLINE|TBA|TBA|TBA|"Schuster,Paulette A"
RTM 415|LEISURE & AGING|20004|ONLINE|TBA|TBA|TBA|"Schuster,Paulette A"
RTM 424|MEET&CONVENTIONS|19558|RE153|Th|04:00pm|06:45pm|"Sung,Erika HeeKyung"
RTM 480|REC TOURISM|19248|ONLINE|TBA|TBA|TBA|"Kerns,Justin R"
RTM 490|CHLG LEIS SVC SEM|18965|TBA|TBA|TBA|TBA|Staff
RTM 490|CHLG LEIS SVC SEM|19310|RE151|TuTh|02:00pm|03:15pm|"Martin,Nathan T."
RTM 494C|SUPERVSD INTERN|19346|RE151|Sa|03:00pm|05:45pm|"Ward,Veda E"
RTM 494C|SUPERVSD INTERN|19406|RE151|Sa|06:00pm|08:45pm|"Ward,Veda E"
RTM 498A|FLD ASGN & RPORT|18966|TBA|TBA|TBA|TBA|"Best,Mechelle N"
RTM 498B|FLD ASGN & RPORT|18967|TBA|TBA|TBA|TBA|"Best,Mechelle N"
RTM 500|FOUNDATIONS THRM|19615|RE151|Tu|04:00pm|06:45pm|"Sung,Erika HeeKyung"
RTM 510|TRNDS ISSUES THRM|19045|RE153|Th|07:00pm|09:45pm|"Xie,Jimmy"
RTM 520|TRENDS REC SPORT|19054|RE151|Th|04:00pm|06:45pm|"Lavin,Kaila M"
RTM 540|HUMAN RES THRM|19053|RE151|Tu|07:00pm|09:45pm|"Pichler,Kristen Sievert"
RTM 684|RESEARCH METHODS|19240|BB1240|We|04:00pm|06:45pm|"Xie,Jimmy"
RTM 693B|SUPV INTERNSHIP|19818|RE153|Fr|04:00pm|06:45pm|"Ward,Veda E"
RTM 697|COMP STUDIES|19704|RE153|Fr|07:00pm|09:45pm|"Best,Mechelle N"
RTM 698D|GRAD CULM PROJ|19819|TBA|TBA|TBA|TBA|"Best,Mechelle N"
