RTM 150,19407,ONLINE, ,TBA,TBA,"Whitesides,Christopher Anthony"
RTM 151A,19218,RE151,Sa,09:00am,10:40am,"Szczepanski,Timothy C"
RTM 151D,18949,OFFCAM,Sa,09:00am,11:45am,"Whitesides,Christopher Anthony"
RTM 151F,19004,RE151,Th,07:00pm,08:45pm,"Wilsey,Kassandra C"
RTM 151G,19073,TBA, ,TBA,TBA,Staff
RTM 151H,18950,RE151,Sa,11:00am,12:40pm,"Despain,Joel D"
RTM 202,18951,ED1130,Tu,08:00am,09:40am,"Vincent,Leanne M"
RTM 202,19244,RE153,Tu,02:00pm,03:40pm,"Sung,Erika HeeKyung"
RTM 202L,18952,ED1130,Th,08:00am,09:40am,"Vincent,Leanne M"
RTM 202L,19245,RE153,Th,02:00pm,03:40pm,"Sung,Erika HeeKyung"
RTM 204,18953,BB1240,TuTh,09:30am,10:45am,"Schuster,Paulette A"
RTM 251,19224,RE153,TuTh,09:30am,10:45am,"LUO,LAWRENCE"
RTM 251,19401,ONLINE, ,TBA,TBA,"Gonzalez,Jose H"
RTM 278,18957,RE151,TuTh,11:00am,12:15pm,"Sung,Erika HeeKyung"
RTM 278,19402,SG109,TuTh,12:30pm,01:45pm,"Schuster,Paulette A"
RTM 296RS,20784,CR5209,TuTh,11:00am,12:15pm,"Martin,Nathan T."
RTM 300,19050,RE151,TuTh,08:00am,09:15am,"Castillo,Francisca A"
RTM 302,18959,BB1117,TuTh,12:30pm,01:45pm,"Wright,Alan N"
RTM 302,19614,RE153,Fr,11:00am,01:45pm,"Gonzalez,Jose H"
RTM 303,19051,RE153,TuTh,11:00am,12:15pm,"Xie,Jimmy"
RTM 304,18960,JD3508,TuTh,11:00am,12:15pm,"Gonzalez,Jose H"
RTM 304,19282,SG109,TuTh,02:00pm,03:15pm,"Schuster,Paulette A"
RTM 305,18961,ONLINE, ,TBA,TBA,"Sachs,Robin S"
RTM 306,19777,TBA, ,TBA,TBA,Staff
RTM 310,19071,SH342,Tu,02:00pm,03:40pm,"Wright,Alan N"
RTM 310L,19018,SH342,Th,02:00pm,03:40pm,"Wright,Alan N"
RTM 314,18962,JD2528,TuTh,02:00pm,03:15pm,"Ward,Veda E"
RTM 330,19017,RE153,TuTh,12:30pm,01:45pm,"Yost,Wendy L"
RTM 330,19186,ONLINE, ,TBA,TBA,"Yost,Wendy L"
RTM 330,19408,ONLINE, ,TBA,TBA,"Castillo,Francisca A"
RTM 351,19308,SH192,Th,04:00pm,06:45pm,"Wright,Alan N"
RTM 352,18963,RE153,Fr,08:00am,10:45am,"Newton,Delfina D"
RTM 352,19309,ONLINE, ,TBA,TBA,"Newton,Delfina D"
RTM 352,19848,ONLINE, ,TBA,TBA,"Newton,Delfina D"
RTM 353,20008,ONLINE, ,TBA,TBA,"Philibosian,Dianne L"
RTM 353L,20009,ONLINE, ,TBA,TBA,"Philibosian,Dianne L"
RTM 402,18964,TBA, ,TBA,TBA,Staff
RTM 403,19052,RE151,TuTh,12:30pm,01:45pm,"Xie,Jimmy"
RTM 406,19403,ONLINE, ,TBA,TBA,"Philibosian,Dianne L"
RTM 406,20612,ONLINE, ,TBA,TBA,"Sachs,Robin S"
RTM 406L,19404,ONLINE, ,TBA,TBA,"Philibosian,Dianne L"
RTM 406L,20613,ONLINE, ,TBA,TBA,"Sachs,Robin S"
RTM 414,19318,SH268,Th,04:00pm,06:45pm,"Shade,Babette D"
RTM 415,19405,ONLINE, ,TBA,TBA,"Schuster,Paulette A"
RTM 415,20004,ONLINE, ,TBA,TBA,"Schuster,Paulette A"
RTM 424,19558,RE153,Th,04:00pm,06:45pm,"Sung,Erika HeeKyung"
RTM 480,19248,ONLINE, ,TBA,TBA,"Kerns,Justin R"
RTM 490,18965,TBA, ,TBA,TBA,Staff
RTM 490,19310,RE151,TuTh,02:00pm,03:15pm,"Martin,Nathan T."
RTM 494C,19346,RE151,Sa,03:00pm,05:45pm,"Ward,Veda E"
RTM 494C,19406,RE151,Sa,06:00pm,08:45pm,"Ward,Veda E"
RTM 498A,18966,TBA, ,TBA,TBA,"Best,Mechelle N"
RTM 498B,18967,TBA, ,TBA,TBA,"Best,Mechelle N"
RTM 500,19615,RE151,Tu,04:00pm,06:45pm,"Sung,Erika HeeKyung"
RTM 510,19045,RE153,Th,07:00pm,09:45pm,"Xie,Jimmy"
RTM 520,19054,RE151,Th,04:00pm,06:45pm,"Lavin,Kaila M"
RTM 540,19053,RE151,Tu,07:00pm,09:45pm,"Pichler,Kristen Sievert"
RTM 684,19240,BB1240,We,04:00pm,06:45pm,"Xie,Jimmy"
RTM 693B,19818,RE153,Fr,04:00pm,06:45pm,"Ward,Veda E"
RTM 697,19704,RE153,Fr,07:00pm,09:45pm,"Best,Mechelle N"
RTM 698D,19819,TBA, ,TBA,TBA,"Best,Mechelle N"
