S ED 511|FUND SED MULTI|15500|ED2121B|Mo|04:00pm|06:45pm|"Chang,Tae H"
S ED 511|FUND SED MULTI|15656|ED3117|We|07:00pm|09:45pm|"Chang,Tae H"
S ED 511|FUND SED MULTI|21294|BB1202|We|07:00pm|09:45pm|"Hunsaker,Alison"
S ED 511|FUND SED MULTI|15520|ED2121A|Tu|07:00pm|09:45pm|"Cheng,Ivan"
S ED 511|FUND SED MULTI|21315|BH310|We|07:00pm|09:45pm|"Olivares,Carlos M"
S ED 514|COMP IN INSTRUCT|15501|ED2101|Mo|07:00pm|09:45pm|"Chang,Tae H"
S ED 514|COMP IN INSTRUCT|16077|ED2101|We|04:00pm|06:45pm|"McLemore,Christopher S"
S ED 514|COMP IN INSTRUCT|16116|ED2101|Tu|07:00pm|09:45pm|"Chipps,Joseph E"
S ED 514|COMP IN INSTRUCT|15666|ED2101|We|07:00pm|09:45pm|"Chipps,Joseph E"
S ED 516K|TCHG KOREAN AM ST|20429|TBA|TBA|TBA|TBA|Staff
S ED 521|CONTENT LITERACY|15653|ED1126|Th|07:00pm|09:45pm|"Klemp,Ronald M"
S ED 521|CONTENT LITERACY|15667|ED1126|Th|04:00pm|06:45pm|"Klemp,Ronald M"
S ED 521|CONTENT LITERACY|15522|EU103|Mo|04:00pm|06:45pm|"Wolfe,Jenn"
S ED 525A|METH TCH ART|15702|AC335|We|04:00pm|06:45pm|"Venola,Penelope E"
S ED 525EN|METH TCH ENGLISH|15511|EU103|We|04:00pm|06:45pm|"Wolfe,Jenn"
S ED 525EN|METH TCH ENGLISH|21215|JR242|We|04:00pm|06:45pm|"Brown,Matthew D"
S ED 525HE|METH TCH H ECON|15514|ED1127|Th|07:00pm|09:45pm|"Davis,Catherine G"
S ED 525MA|METH TCH MATH|15526|ED2117|We|04:00pm|05:40pm|"Cheng,Ivan"
S ED 525MAL|METH TCH MATH LAB|15527|ED2117|We|06:00pm|07:40pm|"Cheng,Ivan"
S ED 525MU|METH TCH MUSIC|15515|CY110|We|04:00pm|06:45pm|"Schliff,Mary A"
S ED 525PE|METH TCH PHYS ED|15760|RE251|We|04:00pm|06:45pm|"Stillwell,Belinda E"
S ED 525S|METH TCH SCIENCE|15516|ED2103|Tu|04:00pm|05:40pm|"Herr,Norman E"
S ED 525SL|MTH TCH SCI LAB|15654|ED2103|Tu|06:00pm|07:50pm|"Herr,Norman E"
S ED 525SS|METH TCH SOC SCI|15528|BB1204|We|04:00pm|06:45pm|"Kleinman,Tomer"
S ED 525WL|METH TCH WLD LANG|15513|BB1210|We|04:00pm|06:50pm|"Tabatabai,Fataneh"
S ED 529|TCHG ENGL LRNRS|15928|ED3117|Tu|04:00pm|06:45pm|"Garcia,Monica G."
S ED 529|TCHG ENGL LRNRS|15929|ED3117|Tu|07:00pm|09:45pm|"Garcia,Monica G."
S ED 529|TCHG ENGL LRNRS|15930|ONLINE|TBA|TBA|TBA|"Park,Clara C"
S ED 554|SUP FIELD EXPER|15703|TBA|TBA|TBA|TBA|"Moguel EdD,David Lopez, ..."
S ED 554S|FIELD EXP SEMINAR|15747|BB1206|Th|04:00pm|04:50pm|"Pasternack,Marian P"
S ED 554S|FIELD EXP SEMINAR|15748|CY108|We|07:00pm|07:50pm|"Mouradian,Linda A"
S ED 554S|FIELD EXP SEMINAR|15749|RE159|Th|04:00pm|04:50pm|"Stillwell,Belinda E, ..."
S ED 554S|FIELD EXP SEMINAR|15750|ED2103|Th|04:00pm|04:50pm|"Herr,Norman E"
S ED 554S|FIELD EXP SEMINAR|15751|ED2121B|Th|04:00pm|04:50pm|"Moguel EdD,David Lopez"
S ED 554S|FIELD EXP SEMINAR|15752|BB1210|Th|04:00pm|04:50pm|"Gainsburg,Julie"
S ED 554S|FIELD EXP SEMINAR|15753|ED1127|Th|04:00pm|04:50pm|"Warren,Grace A"
S ED 554S|FIELD EXP SEMINAR|21214|ED3117|Th|04:00pm|04:50pm|"Wolfe,Jenn"
S ED 555|SUPERVSD PRACTIC|15823|TBA|TBA|TBA|TBA|"Moguel EdD,David Lopez, ..."
S ED 555S|FIELD EXP SEMINAR|15932|ED1127|Th|05:00pm|06:45pm|"Warren,Grace A"
S ED 555S|FIELD EXP SEMINAR|15933|CY108|We|08:00pm|09:45pm|"Mouradian,Linda A, ..."
S ED 555S|FIELD EXP SEMINAR|15934|RE159|Th|05:00pm|06:45pm|"Stillwell,Belinda E"
S ED 555S|FIELD EXP SEMINAR|15936|ED2121B|Th|05:00pm|06:45pm|"Moguel EdD,David Lopez"
S ED 555S|FIELD EXP SEMINAR|15937|BB1210|Th|05:00pm|06:45pm|"Herr,Norman E, ..."
S ED 555S|FIELD EXP SEMINAR|15938|BB1206|Th|05:00pm|06:45pm|"Gainsburg,Julie"
S ED 593|INT FIELD EXPER|15704|TBA|TBA|TBA|TBA|"Moguel EdD,David Lopez, ..."
S ED 599A|INDEPENDENT STUDY|15939|TBA|TBA|TBA|TBA|"Gainsburg,Julie"
S ED 599B|INDEPENDENT STUDY|15940|TBA|TBA|TBA|TBA|"Gainsburg,Julie"
S ED 599C|INDEPENDENT STUDY|15941|TBA|TBA|TBA|TBA|"Gainsburg,Julie"
S ED 600|RSCH IN SEC EDUC|15671|ED2117|Tu|07:00pm|09:45pm|"Gaspard,Cathy R"
S ED 610CI|ED ISSUES PUB SCH|20426|ED1126|Tu|04:00pm|06:45pm|"Payne,Paul M"
S ED 610MA|ED ISSUES MATH|20430|ED1126|Tu|07:00pm|09:45pm|"Payne,Paul M"
S ED 618|MICROCOMPTRS S ED|15669|ED2121B|We|04:00pm|06:45pm|"Chang,Tae H"
S ED 641|CURRIC THRY/PRC|21145|ED1126|Mo|04:00pm|06:45pm|"Moguel EdD,David Lopez"
S ED 642|ED WEBSITE DEV|20433|ED2121B|We|07:00pm|09:45pm|"Herr,Norman E"
S ED 676|ADV LAB CURR DEV|16211|ED2103|We|04:00pm|06:45pm|"Herr,Norman E"
S ED 690MA|ADV RSRCH MATH ED|20431|ED2117|Tu|04:00pm|06:45pm|"Gaspard,Cathy R"
S ED 690SC|ADV RSCH SCI ED|20432|ED2103|We|07:00pm|09:45pm|"Foley,Brian J"
S ED 699A|INDEPENDENT STUDY|15942|TBA|TBA|TBA|TBA|"Gainsburg,Julie"
S ED 699B|INDEPENDENT STUDY|15943|TBA|TBA|TBA|TBA|"Gainsburg,Julie"
S ED 699C|INDEPENDENT STUDY|15944|TBA|TBA|TBA|TBA|"Gainsburg,Julie"
