SOM 120|BASIC BUS STAT|13673|BB1232|MoWe|02:00pm|03:15pm|"Sankaran,Siva R"
SOM 120|BASIC BUS STAT|13868|BB1232|MoWe|08:00am|09:15am|"Vessal,Ahmad"
SOM 120|BASIC BUS STAT|13869|BB1232|Fr|11:00am|01:45pm|"Wedel,Thomas"
SOM 120|BASIC BUS STAT|13870|BB1232|MoWe|09:30am|10:45am|"Vessal,Ahmad"
SOM 120|BASIC BUS STAT|13871|BB1232|TuTh|09:30am|10:45am|"Gupta,Akash"
SOM 120|BASIC BUS STAT|13946|BB1232|TuTh|12:30pm|01:45pm|"Gupta,Akash"
SOM 306|OPERATIONS MGMT|13576|NA101|MoWe|12:30pm|01:45pm|"Asef-Vaziri,Ardavan"
SOM 306|OPERATIONS MGMT|13872|NA101|Th|04:00pm|06:45pm|"Tierney,Jane E"
SOM 306|OPERATIONS MGMT|13873|JA100|We|07:00pm|09:45pm|"Karimi,Zari"
SOM 306|OPERATIONS MGMT|13874|NA101|TuTh|09:30am|10:45am|"Li,Kunpeng"
SOM 306|OPERATIONS MGMT|13875|EH2132|Fr|11:00am|01:45pm|"Yao,Chi-Chuan A"
SOM 306|OPERATIONS MGMT|13923|BB1230|Mo|02:00pm|04:45pm|"Yao,Chi-Chuan A"
SOM 306|OPERATIONS MGMT|13931|BB1230|We|04:00pm|06:45pm|"Yao,Chi-Chuan A"
SOM 306|OPERATIONS MGMT|13947|BB1230|TuTh|09:30am|10:45am|"Behnezhad,Ali"
SOM 306|OPERATIONS MGMT|13948|BB1230|TuTh|12:30pm|01:45pm|"Behnezhad,Ali"
SOM 306|OPERATIONS MGMT|13949|BB1230|MoWe|11:00am|12:15pm|"Gharehgozli,Amir"
SOM 306|OPERATIONS MGMT|13985|BB2206|We|02:00pm|04:45pm|"Karimi,Zari"
SOM 307|DATA ANAL & MODEL|13986|BB2125|MoWe|05:30pm|06:45pm|"Asef-Vaziri,Ardavan"
SOM 416|SUPPLY CHAIN MGT.|13478|BB2206|Th|07:00pm|09:45pm|"Mehrzai,Fareen A"
SOM 464|MANUFACT RES PLAN|13637|JD1551|Mo|07:00pm|09:45pm|"Yao,Chi-Chuan A"
SOM 466|PROJECT MGMT|13896|BB1240|We|07:00pm|09:45pm|"Eisenbrand,Gregory D"
SOM 467|QUAL MGT & CTRL|13400|BB2206|Tu|07:00pm|09:45pm|"Houshmand Azad,Kaveh"
SOM 485|DCSN SUPPORT SYS|13401|BB2212|Th|07:00pm|09:45pm|"Sankaran,Siva R"
SOM 498A|FIELD ASSIGN SOM|13836|TBA|TBA|TBA|TBA|Staff
SOM 498C|FIELD ASSIGN SOM|13752|TBA|TBA|TBA|TBA|Staff
SOM 499C|IND STUDY SOM|13444|TBA|TBA|TBA|TBA|Staff
SOM 686|OPERATIONS MGMT|13402|BB1232|We|07:00pm|09:45pm|"Wedel,Thomas"
SOM 699|INDEPENDENT STUDY|13445|TBA|TBA|TBA|TBA|Staff
