SPAN 101|ELEM SPAN I|14215|EU135|MoWe|09:30am|11:10am|"Morejon,Carol"
SPAN 101|ELEM SPAN I|14073|ONLINE|TBA|TBA|TBA|"Perez,Pamela L"
SPAN 101|ELEM SPAN I|14195|ONLINE|TBA|TBA|TBA|"Perez,Pamela L"
SPAN 101|ELEM SPAN I|14196|JR301|TuTh|09:30am|11:10am|"Rojas-Torres,Jose Ernesto"
SPAN 101|ELEM SPAN I|14216|SH384|TuTh|02:00pm|03:40pm|"Aprato,Gabriela F"
SPAN 101|ELEM SPAN I|14866|JR132|TuTh|02:00pm|03:40pm|"Colville,Claudia Rocio"
SPAN 101|ELEM SPAN I|14867|SH279|TuTh|02:00pm|03:40pm|"Rojas-Torres,Jose Ernesto"
SPAN 101|ELEM SPAN I|14445|SH221|TuTh|08:00am|09:40am|"Aprato,Gabriela F"
SPAN 101|ELEM SPAN I|14463|SH221|MoWe|06:00pm|07:40pm|"Benvenuto,Adriana Marcela"
SPAN 101|ELEM SPAN I|14955|JR330|MoWe|08:00am|09:40am|"Loza,Jacqueline P"
SPAN 101|ELEM SPAN I|15380|ONLINE|TBA|TBA|TBA|"Margolis,Ethan Michael"
SPAN 101|ELEM SPAN I|15463|ONLINE|TBA|TBA|TBA|"Loza,Jacqueline P"
SPAN 101|ELEM SPAN I|20602|ONLINE|TBA|TBA|TBA|"Hernandez,Fernando G"
SPAN 102|ELEM SPAN II|14239|SH207|TuTh|04:00pm|05:40pm|"Rojas-Torres,Jose Ernesto"
SPAN 102|ELEM SPAN II|14784|JR330|TuTh|08:00am|09:40am|"Margolis,Ethan Michael"
SPAN 103|ELEM WRITN SPAN I|15087|ONLINE|TBA|TBA|TBA|"Rojas-Torres,Jose Ernesto"
SPAN 220A|INTER SPANISH I|14218|ONLINE|TBA|TBA|TBA|"Perez,Pamela L"
SPAN 220B|INTER SPAN II|14219|ONLINE|TBA|TBA|TBA|"Dimo,Edith"
SPAN 306|ADVCD COMPOSITION|14075|SH221|Tu|05:00pm|06:15pm|"Montepeque,Axel"
SPAN 315B|LIT OF SPAIN II|15136|SH305|We|04:00pm|06:45pm|"Rosas,Yolanda"
SPAN 362|INTRO SPAN TRANS|20449|SH309|Th|07:00pm|09:45pm|"Lambertini-Andreotti,Julia Fernanda"
SPAN 383|LIT & SOC SPAIN|14714|JR330|Mo|07:00pm|08:15pm|"Montepeque,Axel"
SPAN 409|LIT RENAISSANCE|14870|JR301|Mo|04:00pm|06:45pm|"Perez-Boluda,Adrian"
SPAN 421|CENTRAL AMER LIT|15358|JR218|Mo|04:00pm|06:45pm|"Cortez,Beatriz"
SPAN 425|SPANISH PHONETICS|14077|SH342|Th|04:00pm|06:45pm|"Pardess,David F"
SPAN 472|LEGAL & BIZ INTER|20450|ONLINE|TBA|TBA|TBA|"Tyutina,Svetlana V"
SPAN 496MS|MEDICAL SPANISH|20783|JR215|Th|05:00pm|06:15pm|"Dimo,Edith"
SPAN 594A|LIT VENZ & CARIBN|15419|SH285|Tu|04:00pm|06:45pm|"Dimo,Edith"
SPAN 608|SELECTAUTHORS|14716|ONLINE|TBA|TBA|TBA|"Tyutina,Svetlana V"
SPAN 620|SPAN LIT CRIT|20451|JR301|Tu|07:00pm|09:45pm|"Dimo,Edith"
SPAN 681|TOPICS SPAN CULT|14717|JR301|Mo|07:00pm|08:15pm|"Perez-Boluda,Adrian"
SPAN 697|DIR COMP STUDIES|14410|TBA|TBA|TBA|TBA|"Perez-Boluda,Adrian"
