SPED 200SL,16123,ED1122,TuTh,12:30pm,01:45pm,"Stohl,Ellen R"
SPED 200SL,16124,ED1122,MoWe,12:30pm,01:45pm,"Lasky,Beth A"
SPED 400,15483,BB1232,Mo,04:00pm,06:45pm,"Kennedy,VIrginia E"
SPED 400,15484,ONLINE, ,TBA,TBA,"Boomgard,Monica C"
SPED 400,15774,BB1232,Tu,04:00pm,06:45pm,"Kennedy,VIrginia E"
SPED 400,15962,ED1127,We,07:00pm,09:45pm,"Studer,Erin P"
SPED 400,16042,ONLINE, ,TBA,TBA,"Schneiderman,Ellen S"
SPED 400,16096,ONLINE, ,TBA,TBA,"Schneiderman,Ellen S"
SPED 400,16126,ONLINE, ,TBA,TBA,"Boomgard,Monica C"
SPED 400,16183,ONLINE, ,TBA,TBA,"Gallagher,Margaret E"
SPED 402,15486,BB1202,Mo,04:00pm,06:45pm,"Shepard,Scott"
SPED 402,15487,BH313,Tu,07:00pm,09:45pm,"Macharia,Mercy Waitherero"
SPED 402,15768,BB1232,We,04:00pm,06:45pm,"Shepard,Scott"
SPED 403MM,15801,ED3115,Mo,07:00pm,09:45pm,"Kennedy,VIrginia E"
SPED 403MS,15802,ED3115,We,04:00pm,06:45pm,"Hanreddy,Amy N"
SPED 404,15828,ONLINE, ,TBA,TBA,"Weiner,Ivor"
SPED 404,15877,ONLINE, ,TBA,TBA,"Weiner,Ivor"
SPED 406,15830,ED1122,Tu,07:00pm,09:45pm,"Young,Lindsay Rae"
SPED 406,15831,ONLINE, ,TBA,TBA,"Friedman-Narr,Rachel A"
SPED 416,15832,ED3115,Mo,04:00pm,06:45pm,"Lasky,Beth A"
SPED 420,15833,BB1238,Mo,04:00pm,06:45pm,"Hanreddy,Amy N"
SPED 420,15903,ED1122,Tu,04:00pm,06:45pm,"Mahoney,Elia Reyes"
SPED 420,15834,BH315,Tu,07:00pm,09:45pm,"Jauregui,Rose"
SPED 420,15904,ED3113,We,04:00pm,06:45pm,"Studer,Erin P"
SPED 420,16075,ED1122,Th,07:00pm,09:50pm,"Eisen,Martin D"
SPED 431,15488,ED1122,Mo,04:00pm,06:45pm,"Chai,Zhen"
SPED 500,15610,ED3115,Tu,07:00pm,09:45pm,"Chai,Zhen"
SPED 501MM,15615,SH279,Th,04:00pm,06:45pm,"Goodwin,Vanessa A"
SPED 502MM,15642,EDE106,We,04:00pm,06:45pm,"Goodwin,Vanessa A"
SPED 502MM,15503,EDE106,Mo,04:00pm,06:45pm,"Friedman,Susan"
SPED 503MM,15613,SH302,Th,04:00pm,06:45pm,"Mahoney,Elia Reyes"
SPED 504MS,15490,ED3115,We,07:00pm,09:45pm,"Straaberg Boscio,Kimberly M"
SPED 506DHB,15838,TBA, ,TBA,TBA,"Friedman-Narr,Rachel A"
SPED 506DHC,15839,TBA, ,TBA,TBA,"Schneiderman,Ellen S"
SPED 506DHD,15840,TBA, ,TBA,TBA,"Schneiderman,Ellen S"
SPED 506ECA,15763,SH302,We,04:00pm,06:45pm,"Chai,Zhen"
SPED 506ECB,15841,TBA, ,TBA,TBA,"Summers,Joannie S"
SPED 506ECC,15843,TBA, ,TBA,TBA,"Summers,Joannie S, ..."
SPED 506MMA,15842,BH313,Th,07:00pm,09:45pm,"Strumwasser,Jacqueline, ..."
SPED 506MMB,15858,BH315,Th,07:00pm,09:45pm,"Strumwasser,Jacqueline"
SPED 506MMC,15859,SH302,Th,07:00pm,09:45pm,"Strumwasser,Jacqueline"
SPED 506MMD,15844,SH312,Th,04:00pm,06:45pm,"Strumwasser,Jacqueline"
SPED 506MSA,15845,TBA, ,TBA,TBA,"Hanreddy,Amy N"
SPED 506MSB,15846,TBA, ,TBA,TBA,"Hanreddy,Amy N"
SPED 506MSC,15847,TBA, ,TBA,TBA,"Hanreddy,Amy N"
SPED 506MSD,15848,TBA, ,TBA,TBA,"Rearick,Molly"
SPED 520EC,15604,ED1122,Th,04:00pm,06:45pm,"Chai,Zhen"
SPED 535,15491,ED1122,Mo,07:00pm,09:45pm,"Cox,Annie R"
SPED 536,15677,JR118,Tu,04:00pm,06:45pm,"Huntsman-Lannom,Debra L"
SPED 541B,15872,MZ130,Mo,04:00pm,06:50pm,"Gudoski,Phyllis J"
SPED 541B,15873,SH285,Mo,04:00pm,06:50pm,"Gudoski,Phyllis J"
SPED 541B,15874,TBA, ,TBA,TBA,"Parsons,Michele A"
SPED 544CD,15489,TBA, ,TBA,TBA,"Hall,Edward P"
SPED 563,15850,ED3115,Tu,04:00pm,06:45pm,"Friedman-Narr,Rachel A"
SPED 566D,20694,ED3115,Th,07:00pm,09:45pm,"Schneiderman,Ellen S"
SPED 567D,20695,ED3115,Th,04:00pm,06:45pm,"Friedman-Narr,Rachel A"
SPED 579ACT,15851,TBA, ,TBA,TBA,"Gudoski,Phyllis J"
SPED 580ACT,21177,TBA, ,TBA,TBA,"Gudoski,Phyllis J"
SPED 580DHH,15492,TBA, ,TBA,TBA,"Schneiderman,Ellen S"
SPED 580EC,15493,TBA, ,TBA,TBA,"Summers,Joannie S, ..."
SPED 580MM,15494,TBA, ,TBA,TBA,"Goodwin,Vanessa A"
SPED 580MS,15495,TBA, ,TBA,TBA,"Hanreddy,Amy N"
SPED 580S,15852,TBA, ,TBA,TBA,"Peckham-Hardin,Kathryn D, ..."
SPED 581,16167,BH313,Mo,07:00pm,09:50pm,"Hanreddy,Amy N"
SPED 595T,15496,ONLINE, ,TBA,TBA,"Hopkins,Craig H"
SPED 628DHH,16208,TBA, ,TBA,TBA,"Schneiderman,Ellen S"
SPED 628EC,16207,TBA, ,TBA,TBA,"Haney,Michele"
SPED 628MM,16205,ONLINE, ,TBA,TBA,"Goodwin,Vanessa A"
SPED 628MS,16206,TBA, ,TBA,TBA,"Peckham-Hardin,Kathryn D"
SPED 640,15485,TBA, ,TBA,TBA,"Huntsman-Lannom,Debra L"
SPED 655,15857,ONLINE, ,TBA,TBA,"Weiner,Ivor"
SPED 672,15722,ONLINE, ,TBA,TBA,"Fernandez,Vindia G"
SPED 673,15504,ONLINE, ,TBA,TBA,"Dann,Marcy P"
SPED 679,15723,ONLINE, ,TBA,TBA,"Dann,Marcy P"
SPED 681,15672,ONLINE, ,TBA,TBA,"Ashton,Tamarah M"
SPED 682D,15696,TBA, ,TBA,TBA,"Friedman-Narr,Rachel A"
SPED 682EC,15697,TBA, ,TBA,TBA,"Haney,Michele"
SPED 682MM,15695,ONLINE, ,TBA,TBA,"Ashton,Tamarah M"
SPED 682MS,16078,TBA, ,TBA,TBA,"Peckham-Hardin,Kathryn D"
SPED 683,15963,ED1129,Th,07:00pm,09:45pm,"Haney,Michele"
SPED 697,15634,ONLINE, ,TBA,TBA,"Ashton,Tamarah M"
SPED 697,15635,TBA, ,TBA,TBA,"Peckham-Hardin,Kathryn D"
SPED 699X,15509,TBA, ,TBA,TBA,"Mahoney,Elia Reyes"
