TH 108A|ACTING FUNDAMNTLS|10696|TH159|MoWe|02:00pm|03:40pm|"Norris,Sonia"
TH 108A|ACTING FUNDAMNTLS|11631|TH159|TuTh|11:00am|12:40pm|"Norris,Sonia"
TH 110|INTRO TO THEATRE|11459|ONLINE|TBA|TBA|TBA|"Morrison,J'aime B"
TH 110|INTRO TO THEATRE|11636|NH209|TuTh|08:00am|09:15am|"Kolodezh,Samuel"
TH 111|ACTORS AND ACTING|10361|TH159|Fr|09:00am|11:45am|"Norris,Sonia"
TH 111|ACTORS AND ACTING|10362|NH214|Fr|08:00am|10:45am|"Kaback,Douglas E"
TH 111|ACTORS AND ACTING|10365|NH214|Fr|02:00pm|04:45pm|"Kaback,Douglas E"
TH 111|ACTORS AND ACTING|10863|TH159|TuTh|08:00am|09:15am|"Kaback,Douglas E"
TH 111|ACTORS AND ACTING|10774|TH159|TuTh|09:30am|10:45am|"Kaback,Douglas E"
TH 111|ACTORS AND ACTING|11249|TH159|MoWe|08:00am|09:15am|"Barcos,Carolina"
TH 111|ACTORS AND ACTING|11256|NH214|MoWe|08:00am|09:15am|"Kaback,Douglas E"
TH 120|ART IMRS: THEATRE|10771|NH209|Tu|02:00pm|02:50pm|"Piver,Debra E"
TH 120|ART IMRS: THEATRE|20470|NH209|Th|02:00pm|02:50pm|"Piver,Debra E"
TH 120L|ART IMRS: THEATRE|10772|NH209|Tu|03:00pm|04:45pm|"Piver,Debra E"
TH 120L|ART IMRS: THEATRE|20469|NH209|Th|03:00pm|04:45pm|"Piver,Debra E"
TH 142M|MOVEMENT I|10680|NH214|MoWe|10:00am|11:40am|"Pai,Nikhil"
TH 142M|MOVEMENT I|10732|NH214|MoWe|12:00pm|01:40pm|"Pai,Nikhil"
TH 143V|VOICE/SPEECH I|10681|TH159|MoWe|12:00pm|01:40pm|"Menzies,Christine A"
TH 143V|VOICE/SPEECH I|10733|TH159|MoWe|10:00am|11:40am|"Menzies,Christine A"
TH 155|COLOR DESIGN THEA|11306|TH361|Fr|03:00pm|04:40pm|"Weingarten,Daniel S"
TH 190|TH PROD PARTICIP|11461|TBA|TBA|TBA|TBA|"Jackson,Matthew A"
TH 190|TH PROD PARTICIP|11462|TBA|TBA|TBA|TBA|"Delgadillo Jr,Efren"
TH 208A|ACTING CHAR&TEXT|10370|NH214|MoWe|02:00pm|04:45pm|"Branco,Verity M"
TH 222|MAP WORLD THE DRA|10677|NH209|MoWe|09:30am|10:45am|"Kim,Ah-Jeong"
TH 261|FUND SCN/PROP TCH|10366|TH160|TuTh|09:30am|12:15pm|"Delgadillo Jr,Efren"
TH 261A|PROD SCN/PROP TCH|10697|TH158|Fr|09:00am|11:45am|"Delgadillo Jr,Efren"
TH 262|FUND COSTUME TECH|10695|TH365|TuTh|02:00pm|04:45pm|"Lennon,Garry D"
TH 262A|PROD COSTUME TECH|10698|TH365|Fr|09:00am|11:45am|"Cox,Elizabeth A"
TH 290|TH PROD PARTICIP|10367|TBA|TBA|TBA|TBA|"Delgadillo Jr,Efren"
TH 304|PROC DRAMA CHILD|10773|NH209|We|01:00pm|03:45pm|"Piver,Debra E"
TH 310|THEATRE IN PERFRM|10866|ONLINE|TBA|TBA|TBA|"Kolodezh,Samuel"
TH 321A|WRLD THEA DRAM I|10678|NH209|MoWe|11:00am|12:15pm|"Kiani,Ali"
TH 321B|WRLD THEA DRAM II|10679|NH209|TuTh|09:30am|10:45am|"Kim,Ah-Jeong"
TH 325|WORLD DRAMA PERF|11784|ONLINE|TBA|TBA|TBA|"Kim,Ah-Jeong"
TH 333|AMERICAN MUSICAL|11905|ONLINE|TBA|TBA|TBA|"Catalano,Francis"
TH 343V|VOICE/SPEECH II|10369|NH214|TuTh|02:00pm|04:40pm|"Menzies,Christine A"
TH 345|ACTING ON CAMERA|10421|OV037|TuTh|09:30am|12:00pm|"McGarry,Mary Anne"
TH 350|CULT/HIST PERSPEC|10371|TH361|TuTh|11:00am|12:15pm|"Lennon,Garry D"
TH 355|PRIN STAGE DESIGN|10372|TH361|MoWe|01:00pm|02:40pm|"Weingarten,Daniel S"
TH 361A|INT SCE/PROP TECH|10373|TH361|MoWe|03:30pm|05:10pm|"Delgadillo Jr,Efren"
TH 367|ADV MAKEUP|10632|TH358|MoWe|09:00am|10:40am|"Cox,Elizabeth A"
TH 371|CREATIVE DRAMA|10374|NH214|TuTh|09:00am|09:50am|"Piver,Debra E"
TH 371L|CR DRAMA LAB|10375|NH214|TuTh|10:00am|10:50am|"Piver,Debra E"
TH 381|MGT TECHNIQUE-TH|11634|TH361|Fr|12:00pm|02:45pm|"Weingarten,Daniel S"
TH 382A|THEA MGMT PRCTCUM|10376|TBA|TBA|TBA|TBA|"Jackson,Matthew A"
TH 382B|THEA MGMT PRCTCUM|10535|TBA|TBA|TBA|TBA|"Jackson,Matthew A"
TH 382C|THEA MGMT PRCTCUM|10377|TBA|TBA|TBA|TBA|"Jackson,Matthew A"
TH 385|STAGE MANAGEMENT|11910|TH361|Fr|09:00am|10:40am|"Jackson Jr,Penn"
TH 390A|TH PROD PARTICIP|10378|TBA|TBA|TBA|TBA|"Lennon,Garry D"
TH 390B|TH PROD PARTICIP|10379|TBA|TBA|TBA|TBA|"Weingarten,Daniel S"
TH 390C|TH PROD PARTICIP|10380|TBA|TBA|TBA|TBA|"Cox,Elizabeth A"
TH 397|TH HONRS TUTORIAL|10452|NH104|Mo|12:00pm|12:50pm|"Kim,Ah-Jeong"
TH 408A|ADVANCED ACTING|11632|NH214|Fr|11:00am|01:45pm|"Menzies,Christine A"
TH 433|MUSICAL TH US|10690|NH209|Fr|09:00am|11:45am|"Lim,Stephanie J"
TH 444|PRIN OF DIRECTING|10381|TH159|Fr|12:00pm|05:00pm|"Biederman,Larry R"
TH 444|PRIN OF DIRECTING|10775|TH159|TuTh|02:00pm|04:30pm|"Biederman,Larry R"
TH 449|TUT/PERFORM SKILL|10704|TBA|TBA|TBA|TBA|"Biederman,Larry R"
TH 473|DRA SEC LANG ART|10479|NH214|Tu|11:00am|12:40pm|"Piver,Debra E"
TH 473L|DRA LANG ART LAB|10480|NH214|Th|11:00am|12:40pm|"Piver,Debra E"
TH 490A|TH PROD PARTICIP|10706|TBA|TBA|TBA|TBA|"Jackson,Matthew A"
TH 490B|TH PROD PARTICIP|10718|TBA|TBA|TBA|TBA|"Cox,Elizabeth A"
TH 490C|TH PROD PARTICIP|10708|TBA|TBA|TBA|TBA|"Jackson,Matthew A"
TH 530|TH DRA LATIN AMER|11629|NH104|Mo|04:30pm|07:15pm|"Aviles Rodriguez,Guillermo G."
TH 535|TH THEORY & CRIT|11307|NH104|We|04:30pm|07:15pm|"Morrison,J'aime B"
TH 544|PRIN DIRECTING|20468|TH159|Fr|12:00pm|05:00pm|"Biederman,Larry R"
TH 698C|THESIS OR GR PROJ|10467|TBA|TBA|TBA|TBA|"Dwyer,Anamarie"
