UNIV  60BB,20391,BB1212,MoWe,09:30am,10:20am,Staff
UNIV  60C,20019,EU132,TuTh,08:30am,09:20am,"Cha,Cameron Hana"
UNIV  60M,20381,EU130,MoWe,11:00am,11:50am,Staff
UNIV  60M,20794,JR118,MoWe,12:30pm,01:20pm,Staff
UNIV  60M,20795,BB1125,TuTh,09:30am,10:20am,Staff
UNIV  60M,20383,JD1552,TuTh,11:00am,11:50am,Staff
UNIV  60NN,20758,TBA,We,11:00am,12:15pm,"Jimenez,Manuel Antonio"
UNIV  60NN,20759,SH182,We,04:00pm,05:15pm,"Lam,Linh Lam"
UNIV  60O,20372,SH285,MoWe,11:00am,11:50am,Staff
UNIV  60O,20374,BH317,TuTh,11:00am,11:50am,Staff
UNIV  60O,20375,BH317,MoWe,12:30pm,01:20pm,Staff
UNIV  60O,20376,BH317,MoWe,02:00pm,02:50pm,Staff
UNIV  60O,20377,OV001,TuTh,03:30pm,04:20pm,Staff
UNIV  60O,20379,BH317,MoWe,03:30pm,04:20pm,Staff
UNIV  60O,20746,BH317,MoWe,09:30am,10:20am,Staff
UNIV  60O,20747,BH317,MoWe,11:00am,11:50am,Staff
UNIV  60O,20749,LO1127,TuTh,11:00am,11:50am,Staff
UNIV  60O,20750,BH317,TuTh,09:30am,10:20am,Staff
UNIV  60S,20389,JR243,TuTh,09:30am,10:20am,Staff
UNIV  60S,21016,SG109,TuTh,11:00am,11:50am,Staff
UNIV  60S,21015,BB1204,TuTh,03:30pm,04:20pm,Staff
UNIV  60U,20387,SH302,MoWe,09:30am,10:20am,Staff
UNIV  60U,20394,BH319,TuTh,09:30am,10:20am,Staff
UNIV  60U,21018,TBA,TuTh,11:00am,11:50am,Staff
UNIV  60X,20106,BH300,MoWe,10:00am,10:50am,"Santos,Avann Beltran"
UNIV  60X,20107,BH302,MoWe,10:00am,10:50am,"Serrano,Jean Pauline"
UNIV  60X,20183,BH300,MoWe,09:00am,09:50am,"Paz,Cecilia Maria"
UNIV  60X,20184,BH302,MoWe,09:00am,09:50am,"Avitia,Guadalupe"
UNIV  60X,20187,BH300,MoWe,12:30pm,01:20pm,"Gonzalez,Cassandra"
UNIV  60X,20188,BH302,MoWe,12:30pm,01:20pm,"Licea Olvera,Katya"
UNIV  60X,20267,BH300,MoWe,02:00pm,02:50pm,"Alcauter Chavez,Claudia Emili"
UNIV  60X,20268,BH302,MoWe,02:00pm,02:50pm,"Avetikyan,Mila"
UNIV  60X,20269,OV001,MoWe,04:00pm,04:50pm,"Prado,Victor"
UNIV  60X,20270,OV002,MoWe,04:00pm,04:50pm,"Kelly,Kaylyn"
UNIV  60X,20273,BH300,MoWe,04:00pm,04:50pm,"Peet,Jared"
UNIV  60X,20292,BH302,MoWe,04:00pm,04:50pm,"Ahmadi,Tina R"
UNIV  60X,20280,JR212,MoWe,04:00pm,04:50pm,"Alcantara,Michelle A"
UNIV  60X,20282,JR354,MoWe,04:00pm,04:50pm,Staff
UNIV  60X,20311,BH300,MoWe,07:00pm,07:50pm,Staff
UNIV  60X,20284,BH300,TuTh,12:00pm,12:50pm,"Cano,Nathan Samuel"
UNIV  60X,20285,BH302,TuTh,12:00pm,12:50pm,"Stack,Samantha"
UNIV  60X,20286,BH300,TuTh,09:00am,09:50am,"Kangavary,Aileen"
UNIV  60X,20297,BH302,TuTh,09:00am,09:50am,"Cabadas,Andrea"
UNIV  60X,20299,BH300,TuTh,01:00pm,01:50pm,"Gomez,Alejandro Brandon"
UNIV  60X,20300,BH302,TuTh,01:00pm,01:50pm,"Cabadas,Andrea"
UNIV  60X,20301,JR202,TuTh,01:00pm,01:50pm,"Ahmadi,Tina R"
UNIV  60X,20317,JR203,TuTh,01:00pm,01:50pm,"Arrington,Kaitlyn"
UNIV  60X,20318,BH302,TuTh,04:00pm,04:50pm,"Dabby,Celine Bertha"
UNIV  60X,20319,BH300,TuTh,04:00pm,04:50pm,"Cabadas,Andrea"
UNIV  60X,20368,BH300,TuTh,11:00am,11:50am,"Nguyen,Ashley Tien"
UNIV  60X,20359,BH302,TuTh,11:00am,11:50am,"Carney,Sarah"
UNIV  60X,20313,BH300,TuTh,03:00pm,03:50pm,"Moreno,Paola"
UNIV  60X,20303,TBA,MoWe,12:00pm,12:50pm,"Cervantes,Glendida Haile"
UNIV  60X,20304,EU135,MoWe,12:00pm,12:50pm,"Moreno,Jake O"
UNIV  60X,20336,BH300,MoWe,03:00pm,03:50pm,"Cervantes,Glendida Haile"
UNIV  60X,20337,BH302,MoWe,03:00pm,03:50pm,"Rodriguez Lopez,Angelica"
UNIV  61A,20166,BB1240,TuTh,02:00pm,02:50pm,Staff
UNIV  61C,20115,ED1121,TuTh,11:00am,11:50am,Staff
UNIV  61E,20112,BH319,MoWe,02:00pm,02:50pm,Staff
UNIV  61E,20113,JR218,MoWe,02:00pm,02:50pm,Staff
UNIV  61E,20129,BH317,TuTh,12:30pm,01:20pm,Staff
UNIV  61E,20130,BB1236,MoWe,02:00pm,02:50pm,Staff
UNIV  61E,20131,JR217,TuTh,09:30am,10:20am,Staff
UNIV  61E,20132,BH319,MoWe,12:30pm,01:20pm,Staff
UNIV  61E,20133,SH224,MoWe,09:30am,10:20am,Staff
UNIV  61E,20134,BH319,MoWe,09:30am,10:20am,Staff
UNIV  61E,20140,BH317,TuTh,02:00pm,02:50pm,Staff
UNIV  61E,20145,JR247,MoWe,03:30pm,04:20pm,Staff
UNIV  61EOP,20220,TBA, ,TBA,TBA,Staff
UNIV  61H,20117,BB1117,MoWe,02:00pm,02:50pm,Staff
UNIV  61H,20118,ED3115,MoWe,11:00am,11:50am,Staff
UNIV  61H,20167,SH224,MoWe,11:00am,11:50am,Staff
UNIV  61H,20168,BB1240,TuTh,11:00am,11:50am,Staff
UNIV  61H,20169,SH190,MoWe,12:30pm,01:20pm,Staff
UNIV  61L,20327,JR217,TuTh,02:00pm,02:50pm,Staff
UNIV  61L,20328,ED1123,MoWe,11:00am,11:50am,Staff
UNIV  61L,20329,BH319,TuTh,12:30pm,01:20pm,Staff
UNIV  61L,20330,SH280,TuTh,02:00pm,02:50pm,Staff
UNIV  61P,20114,MZ114,TuTh,11:00am,11:50am,Staff
UNIV  61Q,20281,JD1552,MoWe,02:00pm,02:50pm,Staff
UNIV  62E,20229,BH319,MoWe,11:00am,11:50am,Staff
UNIV  62E,20258,BH319,TuTh,11:00am,11:50am,Staff
UNIV  62E,20261,SH365,MoWe,02:00pm,02:50pm,Staff
UNIV  62E,20264,BH317,TuTh,03:30pm,04:20pm,Staff
UNIV  62L,20333,BH319,TuTh,02:00pm,02:50pm,Staff
UNIV  62L,20334,JD2524,MoWe,02:00pm,02:50pm,Staff
UNIV 100,20058,SH224,MoWe,08:00am,09:15am,"Sherrill II,Anthony P."
UNIV 100,20059,BB1202,MoWe,09:30am,10:45am,"Bertacchi-Love,Tina M"
UNIV 100,20060,OV001,MoWe,11:00am,12:15pm,"Keshishyan,Andzhela"
UNIV 100,20061,JD1552,MoWe,11:00am,12:15pm,"Fabricant,Autumn"
UNIV 100,20062,BB1212,MoWe,11:00am,12:15pm,"Brusasco,Joyce Marie"
UNIV 100,20063,SG103,MoWe,12:30pm,01:45pm,"Ganjavi,Shadi"
UNIV 100,20064,SG101,MoWe,12:30pm,01:45pm,"Guevara,Monicka E"
UNIV 100,20065,SH198,MoWe,02:00pm,03:15pm,"Franco,Eduardo"
UNIV 100,20066,SG110,MoWe,02:00pm,03:15pm,"Avetisyan,Anna"
UNIV 100,20069,SG108,MoWe,02:00pm,03:15pm,"Darin,Carolyn"
UNIV 100,20078,TBA,TuTh,08:00am,09:15am,"Soto,Matthew"
UNIV 100,20079,OV002,TuTh,08:00am,09:15am,"Sosner,Jeffrey A"
UNIV 100,20067,OV002,TuTh,09:30am,10:45am,"Sosner,Jeffrey A"
UNIV 100,20068,BB1208,MoWe,02:00pm,03:15pm,"Newman,Jennifer N"
UNIV 100,20080,JD1555,TuTh,11:00am,12:15pm,"Lim,Sharon E"
UNIV 100,20070,MZ103,TuTh,11:00am,12:15pm,"Riccomini,Lisa D"
UNIV 100,20071,SG101,TuTh,12:30pm,01:45pm,"Sosner,Jeffrey A"
UNIV 100,20072,SG108,TuTh,12:30pm,01:45pm,"Givertz,Catherine E S"
UNIV 100,20073,BB1238,TuTh,12:30pm,01:45pm,"Javidzad,Erica"
UNIV 100,20074,SH225,TuTh,02:00pm,03:15pm,"Lim,Sharon E"
UNIV 100,20075,OV001,MoWe,02:00pm,03:15pm,"Tang,Derek A"
UNIV 100,20081,OV001,TuTh,09:30am,10:45am,"Bluestein,Stephanie A"
UNIV 100,20082,SG110,MoWe,11:00am,12:15pm,"Carlisle,Vanessa"
UNIV 100,20083,BB1228,TuTh,02:00pm,03:15pm,"Castaneda,Grace"
UNIV 100,20084,SG101,MoWe,11:00am,12:15pm,"Guevara,Monicka E"
UNIV 100,20085,OV002,TuTh,11:00am,12:15pm,"Battle,Conchita Y"
UNIV 100,20086,OV002,TuTh,02:00pm,03:15pm,"Teegarden,Robert M"
UNIV 100,20087,SG105,MoWe,02:00pm,03:15pm,"Villanueva,Marvin O"
UNIV 100,20088,SG101,TuTh,11:00am,12:15pm,"Riegos-Olmos,Elizabeth"
UNIV 100,20089,JR212,TuTh,02:00pm,03:15pm,"Harutyunyan,Ani"
UNIV 100,20097,OV001,TuTh,12:30pm,01:45pm,"Mercado,Debbi R"
UNIV 100,20091,SG101,MoWe,09:30am,10:45am,"Guevara,Monicka E"
UNIV 100,20092,SG110,MoWe,12:30pm,01:45pm,"Avetisyan,Anna"
UNIV 100,20098,SG101,MoWe,02:00pm,03:15pm,"Cunanan,Ronald"
UNIV 100,20100,SG101,TuTh,09:30am,10:45am,"Norwood,Amber L"
UNIV 100,20101,SG108,TuTh,09:30am,10:45am,"Fabricant,Autumn"
UNIV 100,20102,SG108,TuTh,11:00am,12:15pm,"Givertz,Catherine E S"
UNIV 100,20103,SG110,TuTh,11:00am,12:15pm,"Sosner,Jeffrey A"
UNIV 100,20105,SG105,TuTh,12:30pm,01:45pm,"Bonfiglio,Kimberly"
UNIV 100,20109,SG110,TuTh,12:30pm,01:45pm,"Sayed,Reza"
UNIV 100,20119,OV001,MoWe,09:30am,10:45am,"Quiambao,Gretchelle"
UNIV 100,20120,SG105,MoWe,12:30pm,01:45pm,"Crawford,Anne C"
UNIV 100,20124,JD1552,TuTh,09:30am,10:45am,"Lim,Sharon E"
UNIV 100,20125,SG101,TuTh,02:00pm,03:15pm,"Dalferes,Nyla J"
UNIV 100,20195,SG110,TuTh,02:00pm,03:15pm,"Crawford,Anne C"
UNIV 100,20196,SG110,TuTh,09:30am,10:45am,"Marquard-Tormey,Janet L"
UNIV 100,20197,SG108,TuTh,02:00pm,03:15pm,"Rowley,Kelly A"
UNIV 100,20198,OV001,TuTh,11:00am,12:15pm,"Bluestein,Stephanie A"
UNIV 100,20199,OV001,TuTh,02:00pm,03:15pm,"Lim,Stephanie J"
UNIV 100,20200,SG108,MoWe,09:30am,10:45am,"Ditch,Corri C"
UNIV 100,20266,SG110,MoWe,09:30am,10:45am,"Batiste,LaShandra S"
UNIV 100,20293,SG108,MoWe,12:30pm,01:45pm,"Robinson,Janice"
UNIV 100,20294,SH286,MoWe,12:30pm,01:45pm,"Glover,Star"
UNIV 100,20295,SH192,MoWe,09:30am,10:45am,"Chaparro,Grecia"
UNIV 100,20296,OV001,MoWe,08:00am,09:15am,"Quiambao,Gretchelle"
UNIV 100,20324,OV002,MoWe,08:00am,09:15am,"Sevilla,Carolina"
UNIV 100,20325,OV002,MoWe,11:00am,12:15pm,"Clements,Matthew"
UNIV 100,20326,SG108,MoWe,11:00am,12:15pm,"Mora,Peter"
UNIV 100,20361,OV002,MoWe,12:30pm,01:45pm,"Taylor,Robin"
UNIV 100,20362,OV002,MoWe,02:00pm,03:15pm,"Taylor,Curtis Neal"
UNIV 100,20363,TBA, ,TBA,TBA,"Omatsu,Glenn K"
UNIV 100,20364,JR245,MoWe,11:00am,12:15pm,"Lumague,Jason S"
UNIV 100HON,20093,OV002,MoWe,09:30am,10:45am,"Mora,Peter"
UNIV 100HON,20128,OV001,MoWe,12:30pm,01:45pm,"Miranda,Elena A"
UNIV 100HON,20310,OV002,TuTh,12:30pm,01:45pm,"Carlisle,Vanessa"
