UNIV  60BB|SI CAS 115|20391|BB1212|MoWe|09:30am|10:20am|Staff
UNIV  60C|SI CHEM 100|20019|EU132|TuTh|08:30am|09:20am|"Cha,Cameron Hana"
UNIV  60M|SI CH S 115|20381|EU130|MoWe|11:00am|11:50am|Staff
UNIV  60M|SI CH S 115|20794|JR118|MoWe|12:30pm|01:20pm|Staff
UNIV  60M|SI CH S 115|20795|BB1125|TuTh|09:30am|10:20am|Staff
UNIV  60M|SI CH S 115|20383|JD1552|TuTh|11:00am|11:50am|Staff
UNIV  60NN|SI MATH 106|20758|TBA|We|11:00am|12:15pm|"Jimenez,Manuel Antonio"
UNIV  60NN|SI MATH 106|20759|SH182|We|04:00pm|05:15pm|"Lam,Linh Lam"
UNIV  60O|SI ENGL 115|20372|SH285|MoWe|11:00am|11:50am|Staff
UNIV  60O|SI ENGL 115|20374|BH317|TuTh|11:00am|11:50am|Staff
UNIV  60O|SI ENGL 115|20375|BH317|MoWe|12:30pm|01:20pm|Staff
UNIV  60O|SI ENGL 115|20376|BH317|MoWe|02:00pm|02:50pm|Staff
UNIV  60O|SI ENGL 115|20377|OV001|TuTh|03:30pm|04:20pm|Staff
UNIV  60O|SI ENGL 115|20379|BH317|MoWe|03:30pm|04:20pm|Staff
UNIV  60O|SI ENGL 115|20746|BH317|MoWe|09:30am|10:20am|Staff
UNIV  60O|SI ENGL 115|20747|BH317|MoWe|11:00am|11:50am|Staff
UNIV  60O|SI ENGL 115|20749|LO1127|TuTh|11:00am|11:50am|Staff
UNIV  60O|SI ENGL 115|20750|BH317|TuTh|09:30am|10:20am|Staff
UNIV  60S|SI AAS 115|20389|JR243|TuTh|09:30am|10:20am|Staff
UNIV  60S|SI AAS 115|21016|SG109|TuTh|11:00am|11:50am|Staff
UNIV  60S|SI AAS 115|21015|BB1204|TuTh|03:30pm|04:20pm|Staff
UNIV  60U|SI AFRS 115|20387|SH302|MoWe|09:30am|10:20am|Staff
UNIV  60U|SI AFRS 115|20394|BH319|TuTh|09:30am|10:20am|Staff
UNIV  60U|SI AFRS 115|21018|TBA|TuTh|11:00am|11:50am|Staff
UNIV  60X|SI MATH 140|20106|BH300|MoWe|10:00am|10:50am|"Santos,Avann Beltran"
UNIV  60X|SI MATH 140|20107|BH302|MoWe|10:00am|10:50am|"Serrano,Jean Pauline"
UNIV  60X|SI MATH 140|20183|BH300|MoWe|09:00am|09:50am|"Paz,Cecilia Maria"
UNIV  60X|SI MATH 140|20184|BH302|MoWe|09:00am|09:50am|"Avitia,Guadalupe"
UNIV  60X|SI MATH 140|20187|BH300|MoWe|12:30pm|01:20pm|"Gonzalez,Cassandra"
UNIV  60X|SI MATH 140|20188|BH302|MoWe|12:30pm|01:20pm|"Licea Olvera,Katya"
UNIV  60X|SI MATH 140|20267|BH300|MoWe|02:00pm|02:50pm|"Alcauter Chavez,Claudia Emili"
UNIV  60X|SI MATH 140|20268|BH302|MoWe|02:00pm|02:50pm|"Avetikyan,Mila"
UNIV  60X|SI MATH 140|20269|OV001|MoWe|04:00pm|04:50pm|"Prado,Victor"
UNIV  60X|SI MATH 140|20270|OV002|MoWe|04:00pm|04:50pm|"Kelly,Kaylyn"
UNIV  60X|SI MATH 140|20273|BH300|MoWe|04:00pm|04:50pm|"Peet,Jared"
UNIV  60X|SI MATH 140|20292|BH302|MoWe|04:00pm|04:50pm|"Ahmadi,Tina R"
UNIV  60X|SI MATH 140|20280|JR212|MoWe|04:00pm|04:50pm|"Alcantara,Michelle A"
UNIV  60X|SI MATH 140|20282|JR354|MoWe|04:00pm|04:50pm|Staff
UNIV  60X|SI MATH 140|20311|BH300|MoWe|07:00pm|07:50pm|Staff
UNIV  60X|SI MATH 140|20284|BH300|TuTh|12:00pm|12:50pm|"Cano,Nathan Samuel"
UNIV  60X|SI MATH 140|20285|BH302|TuTh|12:00pm|12:50pm|"Stack,Samantha"
UNIV  60X|SI MATH 140|20286|BH300|TuTh|09:00am|09:50am|"Kangavary,Aileen"
UNIV  60X|SI MATH 140|20297|BH302|TuTh|09:00am|09:50am|"Cabadas,Andrea"
UNIV  60X|SI MATH 140|20299|BH300|TuTh|01:00pm|01:50pm|"Gomez,Alejandro Brandon"
UNIV  60X|SI MATH 140|20300|BH302|TuTh|01:00pm|01:50pm|"Cabadas,Andrea"
UNIV  60X|SI MATH 140|20301|JR202|TuTh|01:00pm|01:50pm|"Ahmadi,Tina R"
UNIV  60X|SI MATH 140|20317|JR203|TuTh|01:00pm|01:50pm|"Arrington,Kaitlyn"
UNIV  60X|SI MATH 140|20318|BH302|TuTh|04:00pm|04:50pm|"Dabby,Celine Bertha"
UNIV  60X|SI MATH 140|20319|BH300|TuTh|04:00pm|04:50pm|"Cabadas,Andrea"
UNIV  60X|SI MATH 140|20368|BH300|TuTh|11:00am|11:50am|"Nguyen,Ashley Tien"
UNIV  60X|SI MATH 140|20359|BH302|TuTh|11:00am|11:50am|"Carney,Sarah"
UNIV  60X|SI MATH 140|20313|BH300|TuTh|03:00pm|03:50pm|"Moreno,Paola"
UNIV  60X|SI MATH 140|20303|TBA|MoWe|12:00pm|12:50pm|"Cervantes,Glendida Haile"
UNIV  60X|SI MATH 140|20304|EU135|MoWe|12:00pm|12:50pm|"Moreno,Jake O"
UNIV  60X|SI MATH 140|20336|BH300|MoWe|03:00pm|03:50pm|"Cervantes,Glendida Haile"
UNIV  60X|SI MATH 140|20337|BH302|MoWe|03:00pm|03:50pm|"Rodriguez Lopez,Angelica"
UNIV  61A|SI AAS 113A|20166|BB1240|TuTh|02:00pm|02:50pm|Staff
UNIV  61C|SI CAS 113A|20115|ED1121|TuTh|11:00am|11:50am|Staff
UNIV  61E|SI ENGL 113A|20112|BH319|MoWe|02:00pm|02:50pm|Staff
UNIV  61E|SI ENGL 113A|20113|JR218|MoWe|02:00pm|02:50pm|Staff
UNIV  61E|SI ENGL 113A|20129|BH317|TuTh|12:30pm|01:20pm|Staff
UNIV  61E|SI ENGL 113A|20130|BB1236|MoWe|02:00pm|02:50pm|Staff
UNIV  61E|SI ENGL 113A|20131|JR217|TuTh|09:30am|10:20am|Staff
UNIV  61E|SI ENGL 113A|20132|BH319|MoWe|12:30pm|01:20pm|Staff
UNIV  61E|SI ENGL 113A|20133|SH224|MoWe|09:30am|10:20am|Staff
UNIV  61E|SI ENGL 113A|20134|BH319|MoWe|09:30am|10:20am|Staff
UNIV  61E|SI ENGL 113A|20140|BH317|TuTh|02:00pm|02:50pm|Staff
UNIV  61E|SI ENGL 113A|20145|JR247|MoWe|03:30pm|04:20pm|Staff
UNIV  61EOP|SI UNIV 061EOP|20220|TBA|TBA|TBA|TBA|Staff
UNIV  61H|SI CH S 113A|20117|BB1117|MoWe|02:00pm|02:50pm|Staff
UNIV  61H|SI CH S 113A|20118|ED3115|MoWe|11:00am|11:50am|Staff
UNIV  61H|SI CH S 113A|20167|SH224|MoWe|11:00am|11:50am|Staff
UNIV  61H|SI CH S 113A|20168|BB1240|TuTh|11:00am|11:50am|Staff
UNIV  61H|SI CH S 113A|20169|SH190|MoWe|12:30pm|01:20pm|Staff
UNIV  61L|SI LING 113A|20327|JR217|TuTh|02:00pm|02:50pm|Staff
UNIV  61L|SI LING 113A|20328|ED1123|MoWe|11:00am|11:50am|Staff
UNIV  61L|SI LING 113A|20329|BH319|TuTh|12:30pm|01:20pm|Staff
UNIV  61L|SI LING 113A|20330|SH280|TuTh|02:00pm|02:50pm|Staff
UNIV  61P|SI AFRS 113A|20114|MZ114|TuTh|11:00am|11:50am|Staff
UNIV  61Q|SI QS 113A|20281|JD1552|MoWe|02:00pm|02:50pm|Staff
UNIV  62E|SI ENGL 113B|20229|BH319|MoWe|11:00am|11:50am|Staff
UNIV  62E|SI ENGL 113B|20258|BH319|TuTh|11:00am|11:50am|Staff
UNIV  62E|SI ENGL 113B|20261|SH365|MoWe|02:00pm|02:50pm|Staff
UNIV  62E|SI ENGL 113B|20264|BH317|TuTh|03:30pm|04:20pm|Staff
UNIV  62L|SI LING 113B|20333|BH319|TuTh|02:00pm|02:50pm|Staff
UNIV  62L|SI LING 113B|20334|JD2524|MoWe|02:00pm|02:50pm|Staff
UNIV 100|FRESHMAN SEMINAR|20058|SH224|MoWe|08:00am|09:15am|"Sherrill II,Anthony P."
UNIV 100|FRESHMAN SEMINAR|20059|BB1202|MoWe|09:30am|10:45am|"Bertacchi-Love,Tina M"
UNIV 100|FRESHMAN SEMINAR|20060|OV001|MoWe|11:00am|12:15pm|"Keshishyan,Andzhela"
UNIV 100|FRESHMAN SEMINAR|20061|JD1552|MoWe|11:00am|12:15pm|"Fabricant,Autumn"
UNIV 100|FRESHMAN SEMINAR|20062|BB1212|MoWe|11:00am|12:15pm|"Brusasco,Joyce Marie"
UNIV 100|FRESHMAN SEMINAR|20063|SG103|MoWe|12:30pm|01:45pm|"Ganjavi,Shadi"
UNIV 100|FRESHMAN SEMINAR|20064|SG101|MoWe|12:30pm|01:45pm|"Guevara,Monicka E"
UNIV 100|FRESHMAN SEMINAR|20065|SH198|MoWe|02:00pm|03:15pm|"Franco,Eduardo"
UNIV 100|FRESHMAN SEMINAR|20066|SG110|MoWe|02:00pm|03:15pm|"Avetisyan,Anna"
UNIV 100|FRESHMAN SEMINAR|20069|SG108|MoWe|02:00pm|03:15pm|"Darin,Carolyn"
UNIV 100|FRESHMAN SEMINAR|20078|TBA|TuTh|08:00am|09:15am|"Soto,Matthew"
UNIV 100|FRESHMAN SEMINAR|20079|OV002|TuTh|08:00am|09:15am|"Sosner,Jeffrey A"
UNIV 100|FRESHMAN SEMINAR|20067|OV002|TuTh|09:30am|10:45am|"Sosner,Jeffrey A"
UNIV 100|FRESHMAN SEMINAR|20068|BB1208|MoWe|02:00pm|03:15pm|"Newman,Jennifer N"
UNIV 100|FRESHMAN SEMINAR|20080|JD1555|TuTh|11:00am|12:15pm|"Lim,Sharon E"
UNIV 100|FRESHMAN SEMINAR|20070|MZ103|TuTh|11:00am|12:15pm|"Riccomini,Lisa D"
UNIV 100|FRESHMAN SEMINAR|20071|SG101|TuTh|12:30pm|01:45pm|"Sosner,Jeffrey A"
UNIV 100|FRESHMAN SEMINAR|20072|SG108|TuTh|12:30pm|01:45pm|"Givertz,Catherine E S"
UNIV 100|FRESHMAN SEMINAR|20073|BB1238|TuTh|12:30pm|01:45pm|"Javidzad,Erica"
UNIV 100|FRESHMAN SEMINAR|20074|SH225|TuTh|02:00pm|03:15pm|"Lim,Sharon E"
UNIV 100|FRESHMAN SEMINAR|20075|OV001|MoWe|02:00pm|03:15pm|"Tang,Derek A"
UNIV 100|FRESHMAN SEMINAR|20081|OV001|TuTh|09:30am|10:45am|"Bluestein,Stephanie A"
UNIV 100|FRESHMAN SEMINAR|20082|SG110|MoWe|11:00am|12:15pm|"Carlisle,Vanessa"
UNIV 100|FRESHMAN SEMINAR|20083|BB1228|TuTh|02:00pm|03:15pm|"Castaneda,Grace"
UNIV 100|FRESHMAN SEMINAR|20084|SG101|MoWe|11:00am|12:15pm|"Guevara,Monicka E"
UNIV 100|FRESHMAN SEMINAR|20085|OV002|TuTh|11:00am|12:15pm|"Battle,Conchita Y"
UNIV 100|FRESHMAN SEMINAR|20086|OV002|TuTh|02:00pm|03:15pm|"Teegarden,Robert M"
UNIV 100|FRESHMAN SEMINAR|20087|SG105|MoWe|02:00pm|03:15pm|"Villanueva,Marvin O"
UNIV 100|FRESHMAN SEMINAR|20088|SG101|TuTh|11:00am|12:15pm|"Riegos-Olmos,Elizabeth"
UNIV 100|FRESHMAN SEMINAR|20089|JR212|TuTh|02:00pm|03:15pm|"Harutyunyan,Ani"
UNIV 100|FRESHMAN SEMINAR|20097|OV001|TuTh|12:30pm|01:45pm|"Mercado,Debbi R"
UNIV 100|FRESHMAN SEMINAR|20091|SG101|MoWe|09:30am|10:45am|"Guevara,Monicka E"
UNIV 100|FRESHMAN SEMINAR|20092|SG110|MoWe|12:30pm|01:45pm|"Avetisyan,Anna"
UNIV 100|FRESHMAN SEMINAR|20098|SG101|MoWe|02:00pm|03:15pm|"Cunanan,Ronald"
UNIV 100|FRESHMAN SEMINAR|20100|SG101|TuTh|09:30am|10:45am|"Norwood,Amber L"
UNIV 100|FRESHMAN SEMINAR|20101|SG108|TuTh|09:30am|10:45am|"Fabricant,Autumn"
UNIV 100|FRESHMAN SEMINAR|20102|SG108|TuTh|11:00am|12:15pm|"Givertz,Catherine E S"
UNIV 100|FRESHMAN SEMINAR|20103|SG110|TuTh|11:00am|12:15pm|"Sosner,Jeffrey A"
UNIV 100|FRESHMAN SEMINAR|20105|SG105|TuTh|12:30pm|01:45pm|"Bonfiglio,Kimberly"
UNIV 100|FRESHMAN SEMINAR|20109|SG110|TuTh|12:30pm|01:45pm|"Sayed,Reza"
UNIV 100|FRESHMAN SEMINAR|20119|OV001|MoWe|09:30am|10:45am|"Quiambao,Gretchelle"
UNIV 100|FRESHMAN SEMINAR|20120|SG105|MoWe|12:30pm|01:45pm|"Crawford,Anne C"
UNIV 100|FRESHMAN SEMINAR|20124|JD1552|TuTh|09:30am|10:45am|"Lim,Sharon E"
UNIV 100|FRESHMAN SEMINAR|20125|SG101|TuTh|02:00pm|03:15pm|"Dalferes,Nyla J"
UNIV 100|FRESHMAN SEMINAR|20195|SG110|TuTh|02:00pm|03:15pm|"Crawford,Anne C"
UNIV 100|FRESHMAN SEMINAR|20196|SG110|TuTh|09:30am|10:45am|"Marquard-Tormey,Janet L"
UNIV 100|FRESHMAN SEMINAR|20197|SG108|TuTh|02:00pm|03:15pm|"Rowley,Kelly A"
UNIV 100|FRESHMAN SEMINAR|20198|OV001|TuTh|11:00am|12:15pm|"Bluestein,Stephanie A"
UNIV 100|FRESHMAN SEMINAR|20199|OV001|TuTh|02:00pm|03:15pm|"Lim,Stephanie J"
UNIV 100|FRESHMAN SEMINAR|20200|SG108|MoWe|09:30am|10:45am|"Ditch,Corri C"
UNIV 100|FRESHMAN SEMINAR|20266|SG110|MoWe|09:30am|10:45am|"Batiste,LaShandra S"
UNIV 100|FRESHMAN SEMINAR|20293|SG108|MoWe|12:30pm|01:45pm|"Robinson,Janice"
UNIV 100|FRESHMAN SEMINAR|20294|SH286|MoWe|12:30pm|01:45pm|"Glover,Star"
UNIV 100|FRESHMAN SEMINAR|20295|SH192|MoWe|09:30am|10:45am|"Chaparro,Grecia"
UNIV 100|FRESHMAN SEMINAR|20296|OV001|MoWe|08:00am|09:15am|"Quiambao,Gretchelle"
UNIV 100|FRESHMAN SEMINAR|20324|OV002|MoWe|08:00am|09:15am|"Sevilla,Carolina"
UNIV 100|FRESHMAN SEMINAR|20325|OV002|MoWe|11:00am|12:15pm|"Clements,Matthew"
UNIV 100|FRESHMAN SEMINAR|20326|SG108|MoWe|11:00am|12:15pm|"Mora,Peter"
UNIV 100|FRESHMAN SEMINAR|20361|OV002|MoWe|12:30pm|01:45pm|"Taylor,Robin"
UNIV 100|FRESHMAN SEMINAR|20362|OV002|MoWe|02:00pm|03:15pm|"Taylor,Curtis Neal"
UNIV 100|FRESHMAN SEMINAR|20363|TBA|TBA|TBA|TBA|"Omatsu,Glenn K"
UNIV 100|FRESHMAN SEMINAR|20364|JR245|MoWe|11:00am|12:15pm|"Lumague,Jason S"
UNIV 100HON|FRESHMAN SEMINAR|20093|OV002|MoWe|09:30am|10:45am|"Mora,Peter"
UNIV 100HON|FRESHMAN SEMINAR|20128|OV001|MoWe|12:30pm|01:45pm|"Miranda,Elena A"
UNIV 100HON|FRESHMAN SEMINAR|20310|OV002|TuTh|12:30pm|01:45pm|"Carlisle,Vanessa"
