URBS 150|DISCOVER CITY|12142|SH286|MoWe|09:30am|10:45am|"Calvert,Bradley"
URBS 150|DISCOVER CITY|13069|SH286|TuTh|12:30pm|01:45pm|"Willey,Claude S"
URBS 150|DISCOVER CITY|12236|SH286|MoWe|11:00am|12:15pm|"Palasani-Minassians,Henrik"
URBS 150|DISCOVER CITY|12405|SH286|Fr|11:00am|01:45pm|"Willey,Claude S"
URBS 150|DISCOVER CITY|12699|ONLINE|TBA|TBA|TBA|"Toker,Zeynep"
URBS 150|DISCOVER CITY|12863|SH286|TuTh|09:30am|10:45am|"Willey,Claude S"
URBS 150|DISCOVER CITY|13101|SH342|TuTh|11:00am|12:15pm|"Willey,Claude S"
URBS 150|DISCOVER CITY|20588|SH286|MoWe|08:00am|09:15am|"Zanotto,Juliana"
URBS 150|DISCOVER CITY|20607|SH286|TuTh|08:00am|09:15am|"Thomas,Ward F"
URBS 206|GRAPHIC COMM URBS|12904|SH278B|TuTh|12:30pm|01:45pm|"Kim,Cecilia"
URBS 250|PLNG MULT ETH CITY|12144|SH286|TuTh|11:00am|12:15pm|"Shannon,Brettany"
URBS 310|SUST DEV CITIES|12246|SH280|MoWe|11:00am|12:15pm|"Vrat,Dev"
URBS 310|SUST DEV CITIES|12407|OV025|TuTh|09:30am|10:45am|"Thomas,Ward F"
URBS 310|SUST DEV CITIES|12622|SH184|TuTh|12:30pm|01:45pm|"Thomas,Ward F"
URBS 310|SUST DEV CITIES|12825|SH342|MoWe|08:00am|09:15am|"Vrat,Dev"
URBS 310|SUST DEV CITIES|13105|ONLINE|TBA|TBA|TBA|"Palasani-Minassians,Henrik"
URBS 340A|QUAN URB RES METH|12146|SH374|TuTh|09:30am|10:45am|"Olwert,Craig T"
URBS 340A|QUAN URB RES METH|12321|SH278B|TuTh|03:30pm|04:45pm|"Olwert,Craig T"
URBS 345|GEN PLAN & ZONING|13070|SH391|MoWe|12:30pm|01:45pm|"Vrat,Dev"
URBS 350|DEV WORLD CITIES|12143|SH286|Fr|08:00am|10:45am|"Willey,Claude S"
URBS 350|DEV WORLD CITIES|13072|ONLINE|TBA|TBA|TBA|"Deoliveira,Euripedes B"
URBS 350|DEV WORLD CITIES|13103|TBA|TBA|TBA|TBA|Staff
URBS 380|L.A. PAST FUTURE|13161|SH380|Fr|11:00am|01:45pm|"Shannon,Brettany"
URBS 416|URBAN HOUSING|12617|TBA|TBA|TBA|TBA|Staff
URBS 440|URB DESIGN|12249|TBA|TBA|TBA|TBA|Staff
URBS 440|URB DESIGN|12270|SH278B|MoWe|02:00pm|03:15pm|"Toker,Zeynep"
URBS 450|SENIOR SEMINAR|12327|SH382|MoWe|04:00pm|05:40pm|"Palasani-Minassians,Henrik"
URBS 460|PLANNING&LAW|12621|SH286|Mo|06:00pm|08:45pm|"Varat,Diana H"
URBS 490C|FIELD WORK|12147|SH278B|Fr|08:00am|10:45am|"Woldeamanuel,Mintesnot G"
URBS 494C|INTERNSHIP|12762|TBA|TBA|TBA|TBA|"Kent,Rob"
URBS 610|CONT URB LNG USCA|12906|SH278B|Tu|06:00pm|08:45pm|"Woldeamanuel,Mintesnot G"
URBS 630|SUSDEVENVIMPANAL|13226|SH278B|We|06:00pm|08:45pm|"Jared,Andrew L"
URBS 660|PLANNING LAW|13003|SH278B|Mo|06:00pm|08:45pm|"Howard,Scott H"
URBS 670|VISUAL COMM SKILL|12907|SH278B|Sa|09:30am|12:15pm|"Kim,Cecilia"
URBS 680|QUANT ANALYSIS|12905|SH278B|Th|06:00pm|08:45pm|"Olwert,Craig T"
URBS 690|FIELDPROJURBPLNG|13002|SH389|Sa|09:30am|12:15pm|"Toker,Zeynep"
