{
  "version": "1.0",
  "defaultProvider": "cdnjs",
  "libraries": [
    {
      "library": "popper.js@1.15.0",
      "destination": "wwwroot/lib/popper.js/"
    },
    {
      "library": "jquery@3.4.1",
      "destination": "wwwroot/lib/jquery/"
    },
    {
      "library": "twitter-bootstrap@4.3.1",
      "destination": "wwwroot/lib/twitter-bootstrap/"
    },
    {
      "provider": "unpkg",
      "library": "bootstrap@4.3.1",
      "destination": "wwwroot/lib/bootstrap/"
    },
    {
      "library": "bootstrap-select@1.13.11",
      "destination": "wwwroot/lib/bootstrap-select/"
    },
    {
      "library": "mdbootstrap@4.8.10",
      "destination": "wwwroot/lib/mdbootstrap/"
    },
    {
      "library": "font-awesome@5.11.2",
      "destination": "wwwroot/lib/font-awesome/"
    }
  ]
}