ASTR 152,17949,BP3100,MoWe,08:00am,09:15am,"Wallingford,Ronald H"
ASTR 152,17100,BP3100,MoWe,09:30am,10:45am,"Collins,Eric M"
ASTR 152,17101,BP3100,TuTh,09:30am,10:45am,"Wallingford,Ronald H"
ASTR 152,17325,BP3100,TuTh,12:30pm,01:45pm,"Long,Austin R"
ASTR 152,17447,BP3100,Fr,08:00am,10:45am,"Morales,Farisa Y"
ASTR 152,18122,ONLINE,TBA,TBA,TBA,"Wallingford,Ronald H"
ASTR 152,18123,ONLINE,TBA,TBA,TBA,"Haley,Lucas L"
ASTR 152,18124,ONLINE,TBA,TBA,TBA,"Haley,Lucas L"
ASTR 152,18126,ONLINE,TBA,TBA,TBA,"Choudhary,Debi Prasad"
ASTR 152,18127,ONLINE,TBA,TBA,TBA,"Karapetyan,Karapet"
ASTR 154,21044,ONLINE,TBA,TBA,TBA,"Dobias,Jan J"
ASTR 154,21050,ONLINE,TBA,TBA,TBA,"Dobias,Jan J"
ASTR 154L,17103,EH2104,Mo,11:00am,01:45pm,"Casillas,Lizet S"
ASTR 154L,17104,EH2104,Mo,02:00pm,04:45pm,"Romich,Kristine Marie"
ASTR 154L,17105,EH2104,Tu,08:00am,10:45am,"Shevchuk,Joshua M"
ASTR 154L,17106,EH2104,Tu,11:00am,01:45pm,"Shevchuk,Joshua M"
ASTR 154L,17561,EH2104,Th,08:00am,10:45am,"Digal,Phillip"
ASTR 154L,17562,EH2104,Th,11:00am,01:45pm,"Clapper,Andrew Michael"
ASTR 154L,17563,EH2104,Th,02:00pm,04:45pm,"Walsh,Dylan Thomas"
ASTR 154L,17564,EH2104,Mo,08:00am,10:45am,"Chambers,Jacob"
ASTR 154L,17565,EH2104,Tu,02:00pm,04:45pm,"Walsh,Dylan Thomas"
ASTR 154L,18128,ONLINE,TBA,TBA,TBA,"Collins,Eric M"
ASTR 154L,18130,ONLINE,TBA,TBA,TBA,"Collins,Eric M"
ASTR 154L,18131,ONLINE,TBA,TBA,TBA,"Collins,Eric M"
ASTR 154L,18132,ONLINE,TBA,TBA,TBA,"Ren,Deqing"
ASTR 154L,18133,ONLINE,TBA,TBA,TBA,"Ren,Deqing"
ASTR 154L,18134,ONLINE,TBA,TBA,TBA,"Ren,Deqing"
ASTR 154L,18143,ONLINE,TBA,TBA,TBA,"Conner,Jaime Lynn"
ASTR 154L,18144,ONLINE,TBA,TBA,TBA,"Conner,Jaime Lynn"
ASTR 301,17569,LO1124,MoWe,02:00pm,03:15pm,"Mohageg,Makan"
ASTR 352,17107,BP3100,MoWe,02:00pm,03:15pm,"Dobias,Jan J"
ASTR 352,20611,BP3100,TuTh,11:00am,12:15pm,"Dobias,Jan J"
ASTR 352L,17446,EH2104,We,11:00am,01:30pm,"Dobias,Jan J"
