BIOL 100,17958,CR5125,MoWe,11:00am,11:50am,"Ebneshahidi,Ali"
BIOL 100,17141,EH2132,TuTh,12:30pm,01:20pm,"Beck,Maurie J"
BIOL 100,17504,LO1117,MoWe,02:00pm,02:50pm,"Beck,Maurie J"
BIOL 100,17142,TBA,TBA,TBA,TBA,Staff
BIOL 100,18159,LA181,Tu,09:30am,10:20am,"Goetting,Desiree Lynn"
BIOL 100L,17357,ONLINE,TBA,TBA,TBA,"Alvarado,Dulce Maria"
BIOL 100L,18450,ONLINE,TBA,TBA,TBA,"Chubak,Benjamin R"
BIOL 100L,18451,ONLINE,TBA,TBA,TBA,"Alvarado,Dulce Maria"
BIOL 100L,18452,ONLINE,TBA,TBA,TBA,"Wenner,Sarah Michelle"
BIOL 100L,18453,ONLINE,TBA,TBA,TBA,"Cohn,Brian"
BIOL 100L,18454,ONLINE,TBA,TBA,TBA,"Manohar,Subrajaa"
BIOL 100L,18455,ONLINE,TBA,TBA,TBA,"Glanz,Jessica"
BIOL 100L,18456,ONLINE,TBA,TBA,TBA,"Wenner,Sarah Michelle"
BIOL 100L,18457,ONLINE,TBA,TBA,TBA,"Chubak,Benjamin R"
BIOL 100L,18459,ONLINE,TBA,TBA,TBA,"Panos,Demetra Ann"
BIOL 101,17144,CR5125,MoWe,08:00am,09:15am,"Ebneshahidi,Ali"
BIOL 101,17961,CR5125,TuTh,09:30am,10:45am,"Kay-Nishiyama,Cynthia A"
BIOL 101,17143,CR5125,TuTh,11:00am,12:15pm,"Tsounis,Georgios"
BIOL 101,18157,ONLINE,TBA,TBA,TBA,"Russell,Cody A"
BIOL 101,18181,CR5125,TuTh,05:00pm,06:15pm,"Richardson,Terri S"
BIOL 101,21295,CR5126,TuTh,03:30pm,04:45pm,"Beck,Maurie J"
BIOL 101L,17148,CR5231,We,06:00pm,08:45pm,"Goodman,Jamie Sasha"
BIOL 101L,17327,CR5231,Fr,11:00am,01:45pm,"Pascal,Florine"
BIOL 101L,17145,CR5235,Tu,08:00am,10:50am,"Hannibal,Katherine"
BIOL 101L,17146,CR5235,Tu,11:00am,01:45pm,"Plaza,Mikhail"
BIOL 101L,17149,CR5235,Tu,02:00pm,04:50pm,"Alcaraz,Jake"
BIOL 101L,17406,CR5235,We,08:00am,10:50am,"Plaza,Mikhail"
BIOL 101L,17147,CR5235,We,11:00am,01:50pm,"Rossi,Sarina Mae"
BIOL 101L,17413,CR5235,We,02:00pm,04:50pm,"Williams,Megan"
BIOL 101L,17150,CR5235,Th,08:00am,10:50am,"Isaak,Ashtyn Lynne"
BIOL 101L,17501,CR5235,Th,11:00am,01:50pm,"Smith,Taylorann Morgan"
BIOL 101L,17506,CR5235,Th,02:00pm,04:50pm,"Hannibal,Katherine"
BIOL 101L,17507,CR5231,We,08:00am,10:45am,"Long,Gavin Robert"
BIOL 101L,17508,CR5231,We,02:00pm,04:45pm,"Pascal,Florine"
BIOL 101L,17509,CR5231,Mo,06:00pm,08:50pm,"Estrada,Alexis C"
BIOL 101L,17510,CR5235,Tu,06:00pm,08:50pm,"Williams,Megan"
BIOL 101L,17511,CR5235,We,06:00pm,08:50pm,"Smith,Taylorann Morgan"
BIOL 101L,17512,CR5235,Th,06:00pm,08:50pm,"Estrada,Alexis C"
BIOL 101L,18091,CR5231,Tu,11:00am,01:50pm,"Rossi,Sarina Mae"
BIOL 101L,18092,CR5231,Tu,02:00pm,04:50pm,"Odom,Daniel P"
BIOL 101L,18093,CR5231,We,11:00am,01:45pm,"Isaak,Ashtyn Lynne"
BIOL 101L,18115,CR5231,Th,11:00am,01:50pm,"Burns,Elizabeth Hayleigh"
BIOL 101L,18116,CR5231,Th,02:00pm,04:50pm,"Odom,Daniel P"
BIOL 101L,18117,CR5231,Th,06:30pm,09:20pm,"Moffat,Jennica"
BIOL 101L,18187,CR5231,Tu,08:00am,10:45am,"Isaak,Ashtyn Lynne"
BIOL 101L,18189,CR5235,Fr,11:00am,01:45pm,"Camacho-Avila,Alexis Careli"
BIOL 106,17234,CR5122,TuTh,09:30am,10:45am,"Robertson,Jeanne M"
BIOL 106,17151,CR5122,MoWe,11:00am,12:15pm,"Nickols,Kerry J"
BIOL 106L,17154,CR5236,Mo,02:00pm,04:50pm,"Menjivar,Stephanie"
BIOL 106L,17362,CR5236,Tu,08:00am,10:50am,"Fields,Jennifer Breann"
BIOL 106L,17158,CR5236,Tu,11:00am,01:50pm,"Hogg,Robert"
BIOL 106L,17159,CR5236,Tu,02:00pm,04:50pm,"Jensen,Robyn"
BIOL 106L,17155,CR5236,We,08:00am,10:50am,"Kehrmeyer,Shaun Daniel"
BIOL 106L,17157,CR5236,We,02:00pm,04:50pm,"Chiachi,Amanda E"
BIOL 106L,17407,CR5236,Th,08:00am,10:50am,"Jensen,Robyn"
BIOL 106L,17408,CR5236,Th,11:00am,01:50pm,"Hoffbeck,Carmen"
BIOL 106L,17161,CR5236,Th,02:00pm,04:50pm,"Chiachi,Amanda E"
BIOL 106L,17379,CR5236,Fr,08:00am,10:50am,"Hogg,Robert"
BIOL 106L,17160,CR5236,Fr,11:00am,01:50pm,"Hoffbeck,Carmen"
BIOL 106L,17553,CR5236,Tu,06:00pm,08:50pm,"Menjivar,Stephanie"
BIOL 106L,17554,CR5236,We,06:00pm,08:50pm,"Tyler,Kaela"
BIOL 106L,17555,CR5236,Th,06:00pm,08:50pm,"Menjivar,Stephanie"
BIOL 107,17404,CR5125,TuTh,02:00pm,03:15pm,"Kay-Nishiyama,Cynthia A"
BIOL 107,18120,EH2132,MoWe,09:30am,10:45am,"Ruiz Rueda,Cristian"
BIOL 107L,17409,CR5232,Tu,11:00am,01:50pm,"Salazar,Jonathan Alfonso"
BIOL 107L,17410,CR5232,Tu,02:00pm,04:50pm,"Geller,Cameron J"
BIOL 107L,17165,CR5232,We,08:00am,10:50am,"MacGregor,Caitlin"
BIOL 107L,17166,CR5232,We,11:00am,01:50pm,"Bharadwaj,Bhiolina"
BIOL 107L,17167,CR5232,We,02:00pm,04:50pm,"Kazerskiy,Daniel"
BIOL 107L,17168,CR5232,Th,08:00am,10:50am,"Kazerskiy,Daniel"
BIOL 107L,17235,CR5232,Th,11:00am,01:50pm,"MacGregor,Caitlin"
BIOL 107L,17170,CR5232,Th,02:00pm,04:45pm,"Bharadwaj,Bhiolina"
BIOL 107L,17513,CR5232,Tu,06:00pm,08:50pm,"Geller,Cameron J"
BIOL 211,17171,EH2132,TuTh,11:00am,11:50am,"Odom,Daniel P"
BIOL 211,18180,ONLINE,TBA,TBA,TBA,"Lonquich,Paul D"
BIOL 212,17174,EH2211,We,08:00am,10:50am,"Brisson,Chelsea A"
BIOL 212,17405,EH2211,We,11:00am,01:50pm,"Bloom,Elliott Jacob"
BIOL 212,17172,EH2211,We,02:00pm,04:50pm,"Bloom,Elliott Jacob"
BIOL 212,17173,EH2211,Tu,05:00pm,07:45pm,"Ruppert,Trevor Cullen"
BIOL 212,17175,EH2211,Th,11:00am,01:50pm,"Brisson,Chelsea A"
BIOL 212,17176,EH2211,Tu,02:00pm,04:50pm,"Holmes,Jacob Matthew"
BIOL 212,17498,EH2211,Tu,11:00am,01:45pm,"Holmes,Jacob Matthew"
BIOL 212,17500,EH2211,Th,05:00pm,07:50pm,"Esparza,Jeffrey M"
BIOL 212,18440,ONLINE,TBA,TBA,TBA,"Russell,Cody A"
BIOL 215,17177,LO1117,TuTh,01:00pm,01:50pm,"Harmon,Dana E"
BIOL 215L,17414,MG4207,TuTh,09:00am,11:50am,"Harmon,Dana E"
BIOL 215L,17178,MG4207,TuTh,02:00pm,04:50pm,"Harmon,Dana E"
BIOL 241,20420,ONLINE,TBA,TBA,TBA,"Stein,Mary-Patricia"
BIOL 281,17236,EH2132,MoWe,12:30pm,01:45pm,"Ebneshahidi,Ali"
BIOL 281,18158,ONLINE,TBA,TBA,TBA,"Hitchcock,Cynthia J"
BIOL 281,18346,CR5122,TuTh,03:30pm,04:45pm,"Murray,Sean R"
BIOL 282,17182,CS3209,We,09:30am,12:20pm,"Peria,Jessica"
BIOL 282,17400,CS3209,We,12:30pm,03:20pm,"Girard,John"
BIOL 282,17183,CS3209,We,03:30pm,06:20pm,"Fry,Zachary"
BIOL 282,17181,CS3209,Th,11:00am,01:50pm,"Mahloch,Alexis"
BIOL 282,17445,CS3209,We,06:30pm,09:20pm,"Fry,Zachary"
BIOL 282,17517,CS3209,Th,05:30pm,08:20pm,"Girard,John"
BIOL 312,17192,CR5330,TuTh,01:00pm,01:50pm,"Espinoza,Robert E"
BIOL 312L,17655,CR5330,Tu,02:00pm,04:45pm,"Espinoza,Robert E"
BIOL 315,17193,CR5122,MoWe,12:30pm,01:20pm,"Takahashi,Melissa K"
BIOL 315L,17497,MG4209,MoWe,09:00am,11:50am,"Mackelprang,Rachel"
BIOL 315L,17196,MG4211,MoWe,02:00pm,04:50pm,"Takahashi,Melissa K"
BIOL 315L,17415,MG4209,MoWe,02:00pm,04:50pm,"Ruiz Rueda,Cristian"
BIOL 315L,17195,MG4211,TuTh,09:00am,11:50am,"Snyder,Michael William"
BIOL 315L,17197,MG4209,TuTh,09:00am,11:50am,"Sanchez,Francesca"
BIOL 315L,18162,MG4209,TuTh,02:00pm,04:50pm,"Koch,Karen"
BIOL 322,17449,CR5126,TuTh,02:00pm,03:15pm,"Schiffman,Paula M"
BIOL 322,17237,CR5126,MoWe,02:00pm,03:15pm,"Yoder,Jeremy B"
BIOL 323,17392,CR5126,Fr,09:30am,12:15pm,"Wilson PhD,Paul Siri"
BIOL 325,18178,ONLINE,TBA,TBA,TBA,"Franklin,Michael P"
BIOL 325,20552,ONLINE,TBA,TBA,TBA,"Kubler,Janet E"
BIOL 325,21195,ONLINE,TBA,TBA,TBA,"Kubler,Janet E"
BIOL 325L,17239,MG4111,Mo,08:00am,10:45am,"Tsounis,Georgios"
BIOL 325L,17793,ONLINE,TBA,TBA,TBA,"Drake,Jeana"
BIOL 325L,18621,ONLINE,TBA,TBA,TBA,"Tsounis,Georgios"
BIOL 327,17465,ONLINE,TBA,TBA,TBA,"Kubler,Janet E"
BIOL 330,17346,CR5427,TuTh,01:00pm,01:50pm,"Dudgeon,Steven R"
BIOL 330L,17347,CR5427,TuTh,02:00pm,03:15pm,"Dudgeon,Steven R"
BIOL 360,17241,CR5125,TuTh,03:30pm,04:45pm,"Loza Coll,Mariano A"
BIOL 360,17960,CR5125,MoWe,02:00pm,03:15pm,"Odom,Daniel P"
BIOL 380,17401,EH2132,TuTh,09:30am,10:45am,"Stein,Mary-Patricia"
BIOL 380,17242,EH2132,MoWe,11:00am,12:15pm,"Odom,Daniel P"
BIOL 381,17243,CS3209,Mo,02:00pm,04:50pm,"Salazar,Jonathan Alfonso"
BIOL 381,17244,CS3209,Mo,05:00pm,07:50pm,"Wallace,Matthew"
BIOL 381,17245,CS3209,Tu,02:00pm,04:50pm,"Kazerskiy,Daniel"
BIOL 381,18184,CS3209,Tu,05:00pm,07:45pm,"Le,Vivian Vy Ngan"
BIOL 382,18260,CR5126,TuTh,11:00am,12:15pm,"De Bellard,Maria E"
BIOL 382L,18265,EH2211,Tu,08:00am,10:45am,"Ruppert,Trevor Cullen"
BIOL 382L,18266,EH2211,Th,08:00am,10:45am,"Ruppert,Trevor Cullen"
BIOL 382L,18267,EH2211,Th,02:00pm,04:45pm,"Batresian,Arada"
BIOL 392E,17668,CR5335,Fr,12:30pm,03:50pm,"Wilson PhD,Paul Siri"
BIOL 392F,17666,CR5330,Th,02:00pm,04:45pm,"Espinoza,Robert E"
BIOL 404,18308,MG4111,MoWe,01:00pm,01:50pm,"Carpenter,Robert C"
BIOL 404L,18309,MG4111,Mo,02:00pm,04:45pm,"Carpenter,Robert C"
BIOL 410,17246,LO1117,MoWe,01:00pm,01:50pm,"Bermudes,David G"
BIOL 410L,17247,MG4213,TuTh,09:00am,11:50am,"Koch,Karen"
BIOL 410L,18161,MG4213,MoWe,02:00pm,04:50pm,"Bermudes,David G"
BIOL 411,17248,CR5332,MoWe,01:00pm,01:50pm,"Courtney-Hogue,Cheryl C"
BIOL 411L,17249,CR5332,MoWe,02:00pm,04:45pm,"Courtney-Hogue,Cheryl C"
BIOL 419,17252,EH2202,MoWe,01:00pm,01:50pm,"Flores,Gilberto E"
BIOL 419L,17253,EH2202,Mo,02:00pm,04:45pm,"Flores,Gilberto E"
BIOL 421,17358,CR5335,MoWe,01:00pm,01:50pm,"Franklin,Michael P"
BIOL 421L,17359,CR5335,Mo,02:00pm,04:45pm,"Franklin,Michael P"
BIOL 422,17794,CS3214,TuTh,01:00pm,01:50pm,"Edmunds,Peter J"
BIOL 422L,17795,CS3214,TuTh,02:00pm,04:50pm,"Edmunds,Peter J"
BIOL 427,17348,CR5332,TuTh,08:00am,08:50am,"terHorst,Casey P"
BIOL 427A,18313,MG4111,TuTh,08:00am,08:50am,"Franklin,Michael P"
BIOL 427AL,18314,MG4111,Tu,09:00am,11:45am,"Franklin,Michael P"
BIOL 427L,17349,CR5332,Tu,09:00am,11:50am,"terHorst,Casey P"
BIOL 429,18467,MG4111,TuTh,01:00pm,01:50pm,"Silbiger,Nyssa J"
BIOL 429L,18468,MG4111,Tu,02:00pm,04:45pm,"Silbiger,Nyssa J"
BIOL 430,18317,MG4111,Fr,08:00am,09:40am,"Allen,Larry G"
BIOL 430L,18318,MG4111,Fr,10:00am,12:45pm,"Allen,Larry G"
BIOL 432,17791,LO1117,MoWe,05:00pm,05:50pm,"Hertel,Fritz S"
BIOL 432L,17792,EH2211,MoWe,06:30pm,09:15pm,"Russell,Cody A"
BIOL 433,18089,CR5330,Mo,01:00pm,02:40pm,"Hertel,Fritz S"
BIOL 433L,18090,CR5330,Mo,03:00pm,05:45pm,"Hertel,Fritz S"
BIOL 435,17556,CR5332,MoWe,08:00am,08:50am,"Courtney-Hogue,Cheryl C"
BIOL 435L,17557,CR5332,MoWe,09:00am,11:45am,"Courtney-Hogue,Cheryl C"
BIOL 442,18322,CS3219,TuTh,12:30pm,01:20pm,"Hong,Ray L"
BIOL 442L,18323,CS3219,TuTh,01:30pm,04:15pm,"Hong,Ray L"
BIOL 447,17566,CS3219,MoWe,01:00pm,01:50pm,"Van Buskirk,Cheryl L"
BIOL 447L,17567,CS3219,MoWe,02:00pm,04:45pm,"Van Buskirk,Cheryl L"
BIOL 456,18321,CR5335,TuTh,08:00am,09:15am,"Schiffman,Paula M"
BIOL 468,17254,CR5125,TuTh,12:30pm,01:45pm,"Medh,Rheem D"
BIOL 475,18331,CR5436,MoWe,01:00pm,01:50pm,"Kwok,Ernest Y"
BIOL 475L,18332,CR5436,MoWe,02:00pm,04:45pm,"Kwok,Ernest Y"
BIOL 476,18038,CR5436,Fr,03:00pm,05:45pm,"Banner,Lisa R"
BIOL 483,18335,CR5430,MoWe,08:00am,09:15am,"Banner,Lisa R"
BIOL 483L,18336,CR5430,Mo,09:30am,12:15pm,"Banner,Lisa R"
BIOL 487,17365,CR5436,TuTh,12:30pm,01:20pm,"Lonquich,Paul D"
BIOL 487L,17366,CR5436,TuTh,01:30pm,04:15pm,"Lonquich,Paul D"
BIOL 490,17724,CR5125,Fr,02:00pm,03:50pm,"Hertel,Fritz S"
BIOL 490,17725,LO1117,Fr,10:30am,01:15pm,"Zavala,MariaElena"
BIOL 490,18619,CR5436,Fr,09:00am,11:45am,"Loza Coll,Mariano A"
BIOL 492B,17669,CR5335,We,02:00pm,04:45pm,"Franklin,Michael P"
BIOL 492BB,18340,MG4111,Fr,01:00pm,03:00pm,"Allen,Larry G"
BIOL 492C,17670,EH2202,We,02:00pm,04:45pm,"Flores,Gilberto E"
BIOL 492H,17671,CR5332,Th,09:00am,11:45am,"terHorst,Casey P"
BIOL 492I,18469,MG4111,Th,02:00pm,04:45pm,"Silbiger,Nyssa J"
BIOL 492L,18341,MG4111,Th,09:00am,11:45am,"Franklin,Michael P"
BIOL 492O,18338,CR5335,Th,09:30am,12:15pm,"Schiffman,Paula M"
BIOL 492Y,18342,MG4111,We,02:00pm,04:45pm,"Carpenter,Robert C"
BIOL 495C,17727,TBA,TBA,TBA,TBA,"Banner,Lisa R"
BIOL 495D,17778,TBA,TBA,TBA,TBA,"Oppenheimer,Steven B"
BIOL 495E,17779,TBA,TBA,TBA,TBA,"Hong,Ray L"
BIOL 497EEA,17291,TBA,TBA,TBA,TBA,"Banner,Lisa R"
BIOL 497EEB,17377,TBA,TBA,TBA,TBA,"Banner,Lisa R"
BIOL 497EEC,17293,TBA,TBA,TBA,TBA,"Banner,Lisa R"
BIOL 499A,18036,TBA,TBA,TBA,TBA,"Karels,Tim J"
BIOL 502,17295,CR5427,TuTh,05:00pm,06:15pm,"Dudgeon,Steven R"
BIOL 502L,17296,CR5427,TuTh,06:30pm,07:45pm,"Dudgeon,Steven R"
BIOL 503,18359,CR5427,Tu,09:00am,11:45am,"Oberholzer Vandergon,Virginia M"
BIOL 503L,18360,CR5427,Th,09:00am,11:45am,"Oberholzer Vandergon,Virginia M"
BIOL 615C,17393,CR5427,Fr,11:00am,01:45pm,"Steele,Mark A"
BIOL 615F,17642,CR5230,We,05:00pm,07:45pm,"terHorst,Casey P"
BIOL 655D,17657,EH2202,Mo,05:00pm,07:45pm,"Mackelprang,Rachel"
BIOL 691,17722,CR5330,We,06:00pm,08:45pm,"Espinoza,Robert E"
BIOL 691,17723,CR5230,Fr,09:30am,12:15pm,"Schiffman,Paula M"
BIOL 692,17726,CR5330,Fr,02:00pm,03:50pm,"Hertel,Fritz S"
BIOL 696C,17782,TBA,TBA,TBA,TBA,"Ruiz Rueda,Cristian"
BIOL 696E,17784,TBA,TBA,TBA,TBA,"Wilson PhD,Paul Siri"
BIOL 698C,17748,CR5227,Fr,08:00am,10:45am,"Wilson PhD,Paul Siri"
