BLAW 280,13506,BB1121,MoWe,12:30pm,01:45pm,"Silvia,Hilary M"
BLAW 280,13507,JA100,Th,04:00pm,06:45pm,"Ng,Christopher E"
BLAW 280,13535,BB1234,TuTh,09:30am,10:45am,"Samuels,Sandor"
BLAW 280,13536,BB1121,TuTh,12:30pm,01:45pm,"Samuels,Sandor"
BLAW 280,13537,TBA,TBA,TBA,TBA,Staff
BLAW 280,13548,TBA,TBA,TBA,TBA,Staff
BLAW 280,13554,BB1240,Mo,04:00pm,06:45pm,"McNulty,Francis"
BLAW 280,13555,BB1129,Tu,03:30pm,06:15pm,"Cooper,Allan B"
BLAW 280,13636,TBA,TBA,TBA,TBA,Staff
BLAW 280,13659,TBA,TBA,TBA,TBA,Staff
BLAW 280,13661,BB1129,We,07:00pm,09:45pm,"Campbell,Mark D"
BLAW 280,13678,BB1129,Tu,07:00pm,09:45pm,"Gorginian,Sevan"
BLAW 280,13781,BB1119,Tu,04:00pm,06:45pm,"Serritella,Anthony P"
BLAW 308,13508,BB1234,MoWe,09:30am,10:45am,"Flugge Goyer,Valerie"
BLAW 308,13715,BB1121,MoWe,02:00pm,03:15pm,"Flugge Goyer,Valerie"
BLAW 308,13477,BB1121,Mo,03:30pm,06:15pm,"Ramaprakash,Tarini V"
BLAW 308,13525,BB1121,We,04:00pm,06:45pm,"Sayers,Caroline A H"
BLAW 308,13539,BB1121,TuTh,09:30am,10:45am,"Flugge Goyer,Valerie"
BLAW 308,13540,BB1234,TuTh,11:00am,12:15pm,"Golden,Nina G"
BLAW 308,13541,OV025,Tu,04:00pm,06:45pm,"Gorginian,Sevan"
BLAW 308,13542,BB1121,TuTh,02:00pm,03:15pm,"Flugge Goyer,Valerie"
BLAW 308,13679,BB1133,TuTh,02:00pm,03:15pm,"Golden,Nina G"
BLAW 308,13843,TBA,TBA,TBA,TBA,Staff
BLAW 308,13844,BB1121,Tu,04:00pm,06:45pm,"Ross,Lauren"
BLAW 308,13894,BB1119,Th,04:00pm,06:45pm,"Ross,Lauren"
BLAW 308,13895,BB1206,Fr,09:00am,11:45am,"Rymsza,Leonard J"
BLAW 308,13937,BB1234,We,07:00pm,09:45pm,"Newman,David M"
BLAW 308,13938,BB1121,Sa,08:00am,10:45am,"Young,Gregory L"
BLAW 308,13959,BB1127,Th,07:00pm,09:45pm,"Serritella,Anthony P"
BLAW 368,13813,BB1117,TuTh,09:30am,10:45am,"Williams,Melanie S"
BLAW 368,13962,BB1133,TuTh,12:30pm,01:45pm,"Williams,Melanie S"
BLAW 368,13993,BB1121,Mo,07:00pm,09:45pm,"Chumney,Wade M"
BLAW 372,13990,BB1121,MoWe,09:30am,10:45am,"Chumney,Wade M"
BLAW 374,20551,BB1121,MoWe,08:00am,09:15am,"Chumney,Wade M"
BLAW 391,13773,BB1234,Tu,07:00pm,09:45pm,"Golden,Nina G"
BLAW 430,20554,BB1234,MoWe,12:30pm,01:45pm,"Flugge Goyer,Valerie"
BLAW 450,13921,BB1121,TuTh,11:00am,12:15pm,"Saunders,Kurt"
BLAW 451,13939,BB1234,We,02:00pm,03:15pm,"Carr,Nanci K"
BLAW 453,20555,BB1121,Fr,09:00am,12:45pm,"Williams,Melanie S"
BLAW 481,13556,BB1121,MoWe,11:00am,12:15pm,"Silvia,Hilary M"
BLAW 481,20559,BB1121,We,07:00pm,09:45pm,"Silvia,Hilary M"
BLAW 485,13854,BB1121,TuTh,08:00am,09:15am,"Samuels,Sandor"
BLAW 508,13557,BB1232,Th,07:00pm,09:45pm,"Carr,Nanci K"
