CADV 150,18673,LA181,TuTh,12:30pm,01:45pm,"Miodrag,Nancy"
CADV 150,19384,SQ104,TuTh,08:00am,09:15am,"Field,Kelly A"
CADV 150,19815,SQ109,Mo,07:00pm,09:45pm,"Brusasco,Joyce Marie"
CADV 250,18671,OV025,We,04:00pm,06:45pm,"Villarreal,Jennifer"
CADV 250,19852,JA100,TuTh,12:30pm,01:45pm,"Garcia,Evelyn Torres"
CADV 310,19713,SQ104,MoWe,11:00am,12:15pm,"Meyer,Rika Marita Leilani"
CADV 327,19888,JD1610,MoWe,02:00pm,03:15pm,"Toolan,Christina Kang"
CADV 350,18979,SG100,TuTh,11:00am,12:15pm,"Grote,Kandice Soraya"
CADV 350,18980,SQ104,MoWe,12:30pm,01:45pm,"Russell,Emily E"
CADV 350,19715,SQ109,Sa,11:00am,01:45pm,"Edwards,Darcy Amber"
CADV 350,19716,SG109,TuTh,09:30am,10:45am,"Pandey,JoAnne Shwayder"
CADV 352,18940,LA181,MoWe,02:00pm,03:15pm,"Huynh,Virginia W"
CADV 352,18978,SQ101,TuTh,08:00am,09:15am,"Pandey,JoAnne Shwayder"
CADV 352,19221,SQ109,Sa,11:00am,01:45pm,"Edwards,Darcy Amber"
CADV 361,19385,SQ109,We,07:00pm,09:45pm,"Fasan,Elena R"
CADV 380,18668,SQ100,MoWe,09:30am,10:45am,"Pandey,JoAnne Shwayder"
CADV 380,18669,SQ109,Mo,09:30am,10:45am,"Camacho,Tissyana C."
CADV 380,18981,SQ103,Mo,11:00am,12:15pm,"Camacho,Tissyana C."
CADV 380,19630,SQ103,Mo,08:00am,10:45am,"Brill,Shira B"
CADV 380,19632,SQ103,We,04:00pm,06:45pm,"Ewing,Tracy S"
CADV 380,19893,SQ102,Fr,12:00pm,02:45pm,"Cobian,Krystle"
CADV 380L,19273,SQ246,Mo,08:00am,09:15am,"Pandey,JoAnne Shwayder"
CADV 380L,19274,SQ246,We,09:30am,10:45am,"Camacho,Tissyana C."
CADV 380L,19275,SQ246,We,11:00am,12:15pm,"Camacho,Tissyana C."
CADV 380L,19633,SQ246,We,08:00am,09:15am,"Brill,Shira B"
CADV 380L,19635,SQ246,We,07:00pm,09:45pm,"Ewing,Tracy S"
CADV 380L,19898,RE276,Fr,09:00am,11:45am,"Cobian,Krystle"
CADV 381,19719,SQ103,We,09:30am,10:45am,"Toolan,Christina Kang"
CADV 381,19897,SQ102,Fr,12:00pm,02:45pm,"Cobian,Krystle"
CADV 381,19914,SQ103,Mo,04:00pm,06:45pm,"Ewing,Tracy S"
CADV 381L,19721,SQ246,Mo,09:30am,10:45am,"Toolan,Christina Kang"
CADV 381L,19899,RE276,Fr,09:00am,11:45am,"Cobian,Krystle"
CADV 381L,19900,SQ246,Mo,07:00pm,09:45pm,"Ewing,Tracy S"
CADV 394,19222,SQ103,Fr,09:30am,10:45am,"Taylor,April Z"
CADV 394,19223,SQ103,Fr,11:00am,12:15pm,"Taylor,April Z"
CADV 456,20456,SQ103,MoWe,02:00pm,03:15pm,"Gonzalez,Rosemary"
CADV 460,18674,SQ103,Tu,04:00pm,06:45pm,"Saafir,Amirah"
CADV 460,19177,SQ103,Th,09:30am,10:45am,"Rivas,Karen Gabriela"
CADV 460,19724,SQ109,We,09:30am,10:45am,"Rivas,Karen Gabriela"
CADV 460,19904,SQ103,Th,11:00am,12:15pm,"Haddad,Dima J"
CADV 460,18672,SQ102,We,12:30pm,01:45pm,"Gonzalez,Rosemary"
CADV 460,20520,SQ103,Mo,07:00pm,09:45pm,"Gomez,Ana"
CADV 460,21310,OV002,We,07:00pm,09:45pm,"Haro,Bianca"
CADV 470,18670,SQ103,Tu,09:30am,10:45am,"Moschetti,Roxanne V"
CADV 470,18921,SQ103,Tu,11:00am,12:15pm,"Moschetti,Roxanne V"
CADV 470,19451,SQ109,Mo,02:00pm,03:15pm,"Moschetti,Roxanne V"
CADV 470,19725,SQ103,Tu,07:00pm,09:45pm,"Ewing,Tracy S"
CADV 495A,20457,SQ109,Sa,08:00am,10:45am,"Gomez,Ana"
CADV 495B,19348,JD2522,MoWe,12:30pm,01:45pm,"Meyer,Rika Marita Leilani"
CADV 495B,19853,SQ109,Sa,08:00am,10:45am,"Gomez,Ana"
CADV 497AE,20604,RE153,MoWe,12:30pm,01:45pm,"Moschetti,Roxanne V"
