CD 361,18701,ONLINE,TBA,TBA,TBA,"Hall,Edward P"
CD 405,18696,MH101,TuTh,09:00am,10:15am,"Yu,Vickie Y"
CD 405,18946,MH101,Th,04:00pm,06:45pm,"Tappen,Dana M"
CD 410,18698,MH101,Tu,12:30pm,03:15pm,"Jin,SuHyun"
CD 410,19702,MH101,Mo,07:00pm,09:45pm,"Malan,John D"
CD 415,18699,JC228,We,12:30pm,03:15pm,"Miller,Amanda B"
CD 415,19354,JC228,Fr,11:30am,02:15pm,"Miller,Amanda B"
CD 442,18703,MH101,TuTh,10:30am,11:45am,"Yu,Vickie Y"
CD 442,18947,MH341,We,04:00pm,06:45pm,"Cho,Kristine K"
CD 445,18704,MH101,We,12:30pm,03:15pm,"Jin,SuHyun"
CD 445,19822,MH101,We,04:00pm,06:45pm,"Ramakrishna,Yugandhar"
CD 446,18705,MH334,MoWe,12:30pm,01:45pm,"Malan,John D"
CD 446,19437,MH101,Th,07:00pm,09:45pm,"Malan,John D"
CD 450,18706,MH101,Mo,04:00pm,06:45pm,"Lew,Gail W"
CD 450,19377,TBA,TBA,TBA,TBA,Staff
CD 451,18707,MH101,MoWe,11:00am,12:15pm,"Roussos,Christine S"
CD 451,19378,MH334,MoWe,11:00am,12:15pm,"Kochis-Jennings,Karen A"
CD 462,19440,ONLINE,TBA,TBA,TBA,"Weber,Elizabeth G"
CD 462,19444,ONLINE,TBA,TBA,TBA,"Weber,Elizabeth G"
CD 465,19081,MH101,TBA,TBA,TBA,"Haddad,Youmna"
CD 465,19082,MH100,MoWe,09:00am,11:50am,"Ballan,Laura"
CD 465,19083,MH100,TuTh,09:00am,11:50am,"Fondevilla-Perez,Maureen J"
CD 465,19084,MH100,MoWe,04:00pm,06:50pm,"Fenig,Marshall J"
CD 465,19085,MH100,MoWe,04:00pm,06:50pm,"Cartwright,Laurie M"
CD 465,19086,MH100,MoWe,09:00am,11:50am,"Lange,Barbara"
CD 465,19087,MH100,TuTh,04:00pm,06:50pm,"Fondevilla-Perez,Maureen J"
CD 465,19088,MH100,TBA,TBA,TBA,"Lew,Gail W"
CD 465,19089,MH100,Sa,09:00am,11:50am,"Fenig,Marshall J"
CD 465,19090,MH100,TuTh,09:00am,11:50am,"Lange,Barbara"
CD 465,19091,MH100,MoWe,04:00pm,06:50pm,"Kochis-Jennings,Karen A"
CD 465,19092,MH100,MoWe,04:00pm,06:50pm,"Hernandez,Amalia W"
CD 465,19093,MH100,TuTh,04:00pm,06:50pm,"Anvari,Padideh"
CD 465,19094,MH100,TBA,TBA,TBA,"Khiantani,Samira K"
CD 465,19178,MH100,TBA,TBA,TBA,"Schmidt,Deandra M"
CD 469A,18708,MH101,MoWe,08:30am,09:45am,"Roussos,Christine S"
CD 469A,19445,MH101,Fr,02:30pm,05:15pm,"LaRue,Linda C"
CD 469O,18709,MH304,Mo,12:30pm,03:15pm,"Cartwright,Laurie M"
CD 469O,19446,MH304,We,12:30pm,03:15pm,"Cartwright,Laurie M"
CD 475,19123,MH100,TBA,TBA,TBA,"Spayd,Karen A"
CD 480,18711,MH101,Fr,11:00am,01:45pm,"LaRue,Linda C"
CD 485,19055,TBA,TBA,TBA,TBA,Staff
CD 485,19641,MH341,Th,04:00pm,06:45pm,"Fenig,Marshall J"
CD 500,19791,ONLINE,TBA,TBA,TBA,"Yu,Vickie Y"
CD 502,18712,JC228,Mo,12:30pm,03:15pm,"Sinclair,Steve"
CD 502,19793,MH341,Mo,12:30pm,03:15pm,"Biel,Michael E"
CD 552,19441,ONLINE,TBA,TBA,TBA,"Weber,Elizabeth G"
CD 558,18713,MH334,Tu,12:30pm,03:15pm,"Kochis-Jennings,Karen A"
CD 558,19642,MH334,Tu,09:00am,11:45am,"Biel,Michael E"
CD 565,19827,MH101,TBA,TBA,TBA,"Haddad,Youmna"
CD 565,19828,MH100,MoWe,09:00am,11:50am,"Ballan,Laura"
CD 565,19829,MH100,TuTh,09:00am,11:50am,"Fondevilla-Perez,Maureen J"
CD 565,19830,MH100,MoWe,04:00pm,06:50pm,"Fenig,Marshall J"
CD 565,19831,MH100,MoWe,04:00pm,06:50pm,"Cartwright,Laurie M"
CD 565,19906,MH100,MoWe,09:00am,11:50am,"Lange,Barbara"
CD 565,19832,MH100,TuTh,04:00pm,06:50pm,"Fondevilla-Perez,Maureen J"
CD 565,19833,MH100,TBA,TBA,TBA,"Lew,Gail W"
CD 565,19834,MH100,Sa,09:00am,11:50am,"Fenig,Marshall J"
CD 565,19907,MH100,TuTh,09:00am,11:50am,"Lange,Barbara"
CD 565,19908,MH100,MoWe,04:00pm,06:50pm,"Kochis-Jennings,Karen A"
CD 565,19835,MH100,MoWe,04:00pm,06:50pm,"Hernandez,Amalia W"
CD 565,19836,MH100,TuTh,04:00pm,06:50pm,"Anvari,Padideh"
CD 565,19837,MH100,TBA,TBA,TBA,"Khiantani,Samira K"
CD 565,19909,MH100,TBA,TBA,TBA,"Schmidt,Deandra M"
CD 566,19095,MH101,TBA,TBA,TBA,"Haddad,Youmna"
CD 566,19096,MH100,MoWe,09:00am,11:50am,"Ballan,Laura"
CD 566,19097,MH100,TuTh,09:00am,11:50am,"Fondevilla-Perez,Maureen J"
CD 566,19098,MH100,MoWe,04:00pm,06:50pm,"Fenig,Marshall J"
CD 566,19099,MH100,MoWe,04:00pm,06:50pm,"Cartwright,Laurie M"
CD 566,19100,MH100,MoWe,09:00am,11:50am,"Lange,Barbara"
CD 566,19101,MH100,TuTh,04:00pm,06:50pm,"Fondevilla-Perez,Maureen J"
CD 566,19102,MH100,TBA,TBA,TBA,"Lew,Gail W"
CD 566,19103,MH100,Sa,09:00am,11:50am,"Fenig,Marshall J"
CD 566,19104,MH100,TuTh,09:00am,11:50am,"Lange,Barbara"
CD 566,19105,MH100,MoWe,04:00pm,06:50pm,"Kochis-Jennings,Karen A"
CD 566,19106,MH100,MoWe,04:00pm,06:50pm,"Hernandez,Amalia W"
CD 566,19107,MH100,TuTh,04:00pm,06:50pm,"Anvari,Padideh"
CD 566,19108,MH100,TBA,TBA,TBA,"Khiantani,Samira K"
CD 566,19179,MH100,TBA,TBA,TBA,"Schmidt,Deandra M"
CD 567,19109,MH101,TBA,TBA,TBA,"Haddad,Youmna"
CD 567,19110,MH100,MoWe,09:00am,11:50am,"Ballan,Laura"
CD 567,19111,MH100,TuTh,09:00am,11:50am,"Fondevilla-Perez,Maureen J"
CD 567,19112,MH100,MoWe,04:00pm,06:50pm,"Fenig,Marshall J"
CD 567,19113,MH100,MoWe,04:00pm,06:50pm,"Cartwright,Laurie M"
CD 567,19114,MH100,MoWe,09:00am,11:50am,"Lange,Barbara"
CD 567,19115,MH100,TuTh,04:00pm,06:50pm,"Fondevilla-Perez,Maureen J"
CD 567,19116,MH100,TBA,TBA,TBA,"Lew,Gail W"
CD 567,19117,MH100,Sa,09:00am,11:50am,"Fenig,Marshall J"
CD 567,19118,MH100,TuTh,09:00am,11:50am,"Lange,Barbara"
CD 567,19119,MH100,MoWe,04:00pm,06:50pm,"Kochis-Jennings,Karen A"
CD 567,19120,MH100,MoWe,04:00pm,06:50pm,"Hernandez,Amalia W"
CD 567,19121,MH100,TuTh,04:00pm,06:50pm,"Anvari,Padideh"
CD 567,19122,MH100,TBA,TBA,TBA,"Khiantani,Samira K"
CD 567,19180,MH100,TBA,TBA,TBA,"Schmidt,Deandra M"
CD 576,19126,MH100,TBA,TBA,TBA,"Spayd,Karen A"
CD 577,19129,MH100,TBA,TBA,TBA,"Spayd,Karen A"
CD 599A,21342,TBA,TBA,TBA,TBA,"Kochis-Jennings,Karen A"
CD 651,19236,MH334,Th,09:00am,11:45am,"Roussos,Christine S"
CD 651,19825,MH334,Th,12:30pm,03:15pm,"Roussos,Christine S"
CD 661,18714,MH101,Mo,12:30pm,03:15pm,"Kochis-Jennings,Karen A"
CD 662,19442,ONLINE,TBA,TBA,TBA,"Weber,Elizabeth G"
CD 663,18715,MH341,Fr,08:30am,11:15am,"Yu,Vickie Y"
CD 663,19643,MH334,Fr,08:30am,11:15am,"Biel,Michael E"
CD 668,18716,MH334,Fr,12:30pm,03:15pm,"Biel,Michael E"
CD 672A,19175,TBA,TBA,TBA,TBA,"Ballan,Laura"
CD 672C,20471,TBA,TBA,TBA,TBA,"Seymour,Patricia J"
CD 674,19283,MH341,Tu,07:00pm,09:45pm,"Karahalios,Delia"
CD 697,19164,TBA,TBA,TBA,TBA,"Kochis-Jennings,Karen A"
CD 708,20534,MH315,Tu,06:00pm,08:45pm,"Jin,SuHyun"
CD 724,20535,MH315,Mo,12:30pm,03:15pm,"Jin,SuHyun"
CD 730,20536,MH315,Th,06:00pm,08:45pm,"Ramakrishna,Yugandhar"
CD 760,20537,MH315,We,12:30pm,03:15pm,"Sinclair,Steve"
CD 770,20538,MH100,TBA,TBA,TBA,"Karahalios,Delia"
