CIT 101,16542,JD1538,TuTh,11:30am,12:20pm,"Vasikarla,Shantaram"
CIT 101,16665,JD1538,TuTh,08:30am,09:20am,"Vasikarla,Shantaram"
CIT 101L,16543,JD1538,TuTh,12:30pm,01:45pm,"Vasikarla,Shantaram"
CIT 101L,16666,JD1538,TuTh,09:30am,10:45am,"Vasikarla,Shantaram"
CIT 160,17020,JD1600,MoWe,11:00am,11:50am,"Fitzgerald,Steven M"
CIT 160L,17021,JD1600,MoWe,09:30am,10:45am,"Smith,Lisa L"
CIT 160L,17022,JD1600,MoWe,12:30pm,01:45pm,"Fitzgerald,Steven M"
CIT 210,16873,JD1538,We,07:00pm,09:45pm,"Benson,Ilia"
CIT 210L,16846,JD1538,Sa,08:00am,10:45am,"Benson,Ilia"
CIT 210L,16874,JD1538,Sa,11:00am,01:45pm,"Benson,Ilia"
CIT 270,16548,JD1600,TuTh,02:00pm,03:15pm,"Dhillon,Harjit S"
CIT 270L,16549,JD1538,TuTh,03:30pm,04:45pm,"Dhillon,Harjit S"
CIT 270L,16811,JD1538,TuTh,05:00pm,06:15pm,"Rafique,Zahid"
CIT 360,16618,JD1600A,Sa,08:00am,09:45am,"Isayan,Sevada"
CIT 360L,16969,JD1600A,Sa,10:00am,12:45pm,"Isayan,Sevada"
CIT 425,17006,JD2216,MoWe,11:30am,12:20pm,"Kaplan,Adam B"
CIT 425L,17007,JD2216,MoWe,12:30pm,01:45pm,"Kaplan,Adam B"
CIT 480,16669,JD2217,MoWe,10:00am,10:50am,"Fitzgerald,Steven M"
CIT 480,16808,JD2217,MoWe,01:00pm,01:50pm,"Dhillon,Harjit S"
CIT 480,16882,JD2217,Sa,04:00pm,05:45pm,"Smith,Lisa L"
CIT 480L,16670,JD2217,TuTh,09:30am,10:45am,"Fitzgerald,Steven M"
CIT 480L,16809,JD2217,MoWe,02:00pm,03:15pm,"Dhillon,Harjit S"
CIT 480L,16883,JD2217,Sa,01:00pm,03:45pm,"Smith,Lisa L"
CIT 496P,20770,JD2217,MoWe,08:00am,09:15am,"Kaplan,Adam B"
