CM 110,16673,JD1565E,Mo,08:00am,08:50am,"Lazaris,Spiridon A"
CM 110,17046,JD1561,Tu,08:00am,08:50am,"Lazaris,Spiridon A"
CM 110L,16674,JD1565E,Mo,09:00am,11:45am,"Lazaris,Spiridon A"
CM 110L,17047,JD1561,Tu,09:00am,11:45am,"Lazaris,Spiridon A"
CM 208,16675,JD1565,Fr,08:00am,09:40am,"Amirkhanian,Jora"
CM 208L,16676,JD1565,Fr,10:00am,12:45pm,"Amirkhanian,Jora"
CM 240,16677,JD1538,Mo,02:00pm,03:40pm,"Hegab,Mohamed Y"
CM 240L,16678,JD1565E,Mo,04:00pm,06:45pm,"Hegab,Mohamed Y"
CM 321,16679,JD2221,Fr,02:00pm,03:50pm,"Osorno,Ignacio B"
CM 326,16680,JD1117,Fr,09:00am,10:45am,"Lazaris,Spiridon A"
CM 326L,16681,JD1117,Fr,11:00am,01:45pm,"Lazaris,Spiridon A"
CM 336,16682,JD1610,Sa,09:00am,10:50am,"Marfi,Joseph B"
CM 336L,16683,JD1610,Sa,11:00am,01:45pm,"Marfi,Joseph B"
CM 340,16684,JD1561,TuTh,12:30pm,01:45pm,"Alroomi,Anwar S"
CM 401,16685,JD1565E,We,09:30am,12:15pm,"El-Sharkawi,Ayman I"
CM 415,16686,JD1565E,We,02:00pm,03:45pm,"Hegab,Mohamed Y"
CM 415L,16687,JD1565E,We,04:00pm,06:45pm,"Hegab,Mohamed Y"
CM 441,16926,JD1565E,Tu,02:00pm,03:40pm,"Hegab,Mohamed Y"
CM 441L,16927,JD1565E,Tu,04:00pm,06:45pm,"Hegab,Mohamed Y"
CM 480,16804,JD1565E,Fr,09:00am,11:50am,"El-Sharkawi,Ayman I"
CM 488A,16688,JD1565E,MoWe,07:00pm,09:45pm,"Alroomi,Anwar S"
CM 494,16689,TBA,TBA,TBA,TBA,"Dermendjian,Nazaret"
