CTVA 100,11507,JR315,Mo,04:00pm,06:45pm,"Halloran,Tim"
CTVA 100,10859,MZ361,Tu,04:00pm,06:45pm,"Halloran,Tim"
CTVA 100,10663,MZ361,Fr,02:00pm,04:45pm,"Halloran,Tim"
CTVA 100,12012,JR315,We,02:00pm,04:45pm,"Halloran,Tim"
CTVA 100,21259,MZ100,MoWe,09:30am,10:45am,"Gateward,Frances K"
CTVA 210,11250,MZ100,Mo,11:00am,01:45pm,"Gateward,Frances K"
CTVA 210,10573,MZ100,We,02:00pm,04:45pm,"Wynter,Dianah E"
CTVA 210,11980,MZ100,Fr,11:00am,01:45pm,"Gateward,Frances K"
CTVA 210,11982,MZ100,Th,08:00am,10:45am,"Wynter,Dianah E"
CTVA 220,10258,JR244,MoWe,11:00am,12:15pm,"Price,Matthew T"
CTVA 220,10259,MZ124,MoWe,12:30pm,01:45pm,"Rappaport,Jared H"
CTVA 220,10260,MZ113,TuTh,12:30pm,01:45pm,"Riley,Nancy H"
CTVA 220,10418,MZ124,MoWe,11:00am,12:15pm,"Rappaport,Jared H"
CTVA 220,10742,MZ124,Th,04:00pm,06:45pm,"McWilliams,Thomas"
CTVA 220,10257,MZ113,TuTh,02:00pm,03:15pm,"Riley,Nancy H"
CTVA 220,11278,MZ124,Tu,04:00pm,06:45pm,"McWilliams,Thomas"
CTVA 220,11279,MZ113,Fr,11:00am,01:45pm,"Riley,Nancy H"
CTVA 220,11508,MZ124,Mo,04:00pm,06:45pm,"Childs,Christopher"
CTVA 220,11527,MZ113,MoWe,02:00pm,03:15pm,"McWilliams,Thomas"
CTVA 220,11671,MZ111,Fr,11:00am,01:45pm,"Childs,Christopher"
CTVA 220,20480,JR330,TuTh,11:00am,12:15pm,"Kailani,Kaleigh"
CTVA 240,10263,MZ180,MoWe,08:00am,10:45am,"Jackson,J.J."
CTVA 240,10264,MZ180,MoWe,02:00pm,04:45pm,"Pearl,Rachel A"
CTVA 240,10262,MZ180,TuTh,02:00pm,04:45pm,"Sipos,Julie"
CTVA 240,10724,MZ180,TuTh,07:00pm,09:45pm,"Stratford,William M"
CTVA 250,10266,MZ113,MoWe,08:00am,10:45am,"Carpenter,Karen D"
CTVA 250,10268,MZ170,MoWe,11:00am,01:45pm,"Carpenter,Karen D"
CTVA 250,10267,MZ101,TuTh,08:00am,10:45am,"Cymerman,Henryk"
CTVA 250,10265,MZ101,TuTh,11:00am,01:45pm,"Lengyel,Jeffrey E"
CTVA 260,11952,MZ103,MoWe,11:00am,01:45pm,"Cymerman,Henryk"
CTVA 260,11953,MZ103,MoWe,08:00am,10:45am,"Cymerman,Henryk"
CTVA 301,10870,MZ124,TuTh,11:00am,12:15pm,"de las Carreras,Maria E"
CTVA 301,11495,MZ124,Mo,07:00pm,09:45pm,"Soumah,Hamidou"
CTVA 301,11650,MZ124,MoWe,09:30am,10:45am,"Soumah,Hamidou"
CTVA 301,11718,MZ124,TuTh,02:00pm,03:15pm,"Holmes,Todd A"
CTVA 305,10574,MZ130,Th,04:00pm,06:45pm,"Johnson Jr.,Michael"
CTVA 305,11217,ONLINE,Sa,11:00am,01:45pm,"Johnson Jr.,Michael"
CTVA 305,11509,MZ361,Fr,11:00am,01:45pm,"Fuller,Andrea P"
CTVA 309,10273,MZ100,Tu,02:00pm,04:45pm,"Soumah,Hamidou"
CTVA 309,10871,MZ100,Fr,08:00am,10:45am,"de las Carreras,Maria E"
CTVA 310,10415,MZ100,Tu,11:00am,01:45pm,"Desser,David M"
CTVA 310,12045,MZ100,Th,02:00pm,04:45pm,"Fuller,Andrea P"
CTVA 315,10490,CY113,TuTh,09:30am,10:45am,"Piersimoni,Anna Marie"
CTVA 315,11284,MZ103,TuTh,12:30pm,01:45pm,"Piersimoni,Anna Marie"
CTVA 319,10279,MZ100,Mo,02:00pm,04:45pm,"Soumah,Hamidou"
CTVA 319,11913,MZ100,Tu,07:00pm,09:45pm,"Soumah,Hamidou"
CTVA 320,10943,MZ113,Th,04:00pm,06:45pm,"Steiner,Carley R"
CTVA 320,10283,MZ113,MoWe,12:30pm,01:45pm,"McWilliams,Thomas"
CTVA 327,10284,MZ113,Fr,02:00pm,04:45pm,"Steiner,Carley R"
CTVA 327,10615,SG110,TuTh,04:00pm,05:15pm,"Mason,Billie J"
CTVA 327,21226,SH310,Tu,04:00pm,06:45pm,"Feldman,Paul Jay"
CTVA 329A,10285,TBA,TBA,TBA,TBA,"Vickroy,Thelma J"
CTVA 329B,10286,TBA,TBA,TBA,TBA,"Vickroy,Thelma J"
CTVA 329C,10287,TBA,TBA,TBA,TBA,"Vickroy,Thelma J"
CTVA 340,10649,MZ180,MoWe,11:00am,01:45pm,"Ramuno,Philip"
CTVA 340,10288,MZ180,TuTh,11:00am,01:45pm,"Boccio,Erik"
CTVA 340,11370,MZ180,MoWe,07:00pm,09:45pm,"Stratford,William M"
CTVA 341,10650,MZ160A,MoWe,08:00am,10:45am,"Saunders,Quinn C"
CTVA 341,10289,MZ265,MoWe,08:00am,10:45am,"Sipos,Julie"
CTVA 341,11705,MZ160A,TuTh,02:00pm,04:45pm,"Jacchia,Alessandro"
CTVA 342,10580,MZ180,Fr,11:00am,04:25pm,"Boccio,Erik"
CTVA 350,10944,MZ170,MoWe,02:00pm,04:45pm,"Lengyel,Jeffrey E"
CTVA 350,10589,MZ170,TuTh,02:00pm,04:45pm,"Laidman,Harvey S."
CTVA 350,10290,MZ170,TuTh,11:00am,01:45pm,"Laidman,Harvey S."
CTVA 351,10291,MZ361,Th,07:00pm,09:45pm,"Thomas,Nate"
CTVA 352,10292,MZ295,MoWe,08:00am,10:45am,"Pearl,Rachel A"
CTVA 352,10491,MZ295,Fr,11:00am,04:45pm,"Petschek,Paul M"
CTVA 352,11285,MZ295,MoWe,11:00am,01:45pm,"Pearl,Rachel A"
CTVA 355,10294,MZ170,TuTh,08:00am,10:45am,"Thomas,Nate"
CTVA 355,10293,MZ170,MoWe,08:00am,10:45am,"Hoggan,Michael B"
CTVA 356,10295,MZ295,TuTh,08:00am,10:45am,"Hoggan,Michael B"
CTVA 357,10296,MZ170,MoWe,07:00pm,09:45pm,"Ollis,Richard R"
CTVA 358,10848,MZ295,Tu,07:00pm,09:45pm,"Vaughan,Ryan"
CTVA 358,10581,MZ170,Fr,09:00am,01:45pm,"Ginsburg,Fred H"
CTVA 359,10585,MZ265,Tu,07:00pm,09:45pm,"Krantz,Joel"
CTVA 359,11231,TBA,TBA,TBA,TBA,Staff
CTVA 361,10297,MZ285,TuTh,02:00pm,04:45pm,"Chambers,Richard C"
CTVA 361,10881,MZ285,MoWe,07:00pm,09:45pm,"Chambers,Richard C"
CTVA 362,10383,MZ103,Mo,04:00pm,06:45pm,"Mason,Billie J"
CTVA 362,11592,SG108,We,04:00pm,06:45pm,"Mason,Billie J"
CTVA 384,10298,MZ112,We,04:00pm,06:45pm,"Gilbert,Jeffrey A"
CTVA 400,10299,MZ112,Th,11:00am,01:45pm,"Wynter,Dianah E"
CTVA 413,11218,MZ100,We,11:00am,01:45pm,"Wynter,Dianah E"
CTVA 415S,10837,MZ100,Th,11:00am,01:45pm,"Gateward,Frances K"
CTVA 416,10300,MZ103,Th,07:00pm,09:45pm,"de las Carreras,Maria E"
CTVA 420,10619,MZ115,Mo,04:00pm,06:45pm,"Land,Morgan E"
CTVA 420,10620,MZ113,Tu,04:00pm,06:45pm,"Krasilovsky,Alexis R"
CTVA 421,10621,MZ103,We,04:00pm,06:45pm,"Rappaport,Jared H"
CTVA 421,11497,MZ112,Tu,04:00pm,06:45pm,"Bucklin,Michael RC"
CTVA 422,12014,MZ113,We,04:00pm,06:45pm,"Vandergriff,Jonathan L"
CTVA 425,10622,MZ103,Tu,07:00pm,09:45pm,"Bucklin,Michael RC"
CTVA 425,11289,MZ113,Mo,04:00pm,06:45pm,"Krasilovsky,Alexis R"
CTVA 428,10623,MZ101,Th,04:00pm,06:45pm,"Vandergriff,Jonathan L"
CTVA 428,11788,MZ101,We,04:00pm,06:45pm,"Carr,Patricia"
CTVA 440,10349,MZ180,Th,08:00am,10:45am,"Lengyel,Jeffrey E"
CTVA 440,11286,MZ180,Fr,08:00am,10:45am,"Jacchia,Alessandro"
CTVA 440,11842,MZ113,Mo,07:00pm,09:45pm,"Saunders,Quinn C"
CTVA 441,10616,MZ160A,MoWe,11:00am,01:45pm,"Braverman,Chuck"
CTVA 442,10617,MZ112,We,11:00am,03:15pm,"Saunders,Quinn C"
CTVA 442,11382,MZ160A,TuTh,09:30am,01:45pm,"Jacchia,Alessandro"
CTVA 452,10350,ONLINE,Tu,02:00pm,04:45pm,"Thomas,Nate"
CTVA 453,10702,MZ265,Fr,09:00am,05:25pm,"Hoggan,Michael B"
CTVA 455,11903,MZ124,We,04:00pm,06:45pm,"Carpenter,Karen D"
CTVA 455,20452,MZ112,Mo,04:00pm,06:45pm,"Lavelle,Edward"
CTVA 461,10351,MZ285,TuTh,08:00am,10:45am,"VerPlank,Mary S"
CTVA 464,10664,MZ285,TuTh,11:00am,01:45pm,"Chambers,Richard C"
CTVA 467,10356,MZ115,Tu,07:00pm,09:45pm,"Ciaccio,Greg"
CTVA 468,10579,MZ285,MoWe,08:00am,10:45am,"Leister,Elizabeth J"
CTVA 468,11293,MZ285,MoWe,11:00am,01:45pm,"Leister,Elizabeth J"
CTVA 475,10352,MZ124,Tu,07:00pm,09:45pm,"Holmes,Todd A"
CTVA 475,10744,SH391,Mo,07:00pm,09:45pm,"Holmes,Todd A"
CTVA 480,10353,SG103,We,04:00pm,06:45pm,"Holmes,Todd A"
CTVA 480,10869,SH280,Th,04:00pm,06:45pm,"Smith,Roger N"
CTVA 481,10354,MZ101,Th,07:00pm,09:45pm,"Overman,James M"
CTVA 482,10489,OFFCAM,We,07:00pm,09:45pm,"Gray,Earlene"
CTVA 482,10882,OFFCAM,Mo,07:00pm,09:45pm,"Frank,Edward C"
CTVA 487,10355,MZ103,Tu,04:00pm,06:45pm,"Marlett,David Robert"
CTVA 494A,11999,TBA,TBA,TBA,TBA,"Sturgeon,Scott A"
CTVA 494B,12000,TBA,TBA,TBA,TBA,"Sturgeon,Scott A"
CTVA 494C,12001,TBA,TBA,TBA,TBA,"Sturgeon,Scott A"
CTVA 494D,12002,TBA,TBA,TBA,TBA,"Sturgeon,Scott A"
CTVA 495D,12080,OFFCAM,We,07:00pm,09:45pm,"Lynch,John D"
CTVA 505,11899,MZ103,Mo,07:00pm,09:45pm,"Edson,Eric"
CTVA 510,11379,MZ112,Th,07:00pm,09:45pm,"Rappaport,Jared H"
CTVA 595A,12027,MZ113,We,07:00pm,09:45pm,"Walsh-Hodson,Laurence Estlin"
CTVA 595D,11651,MZ124,We,07:00pm,09:45pm,"Carr,Patricia"
CTVA 595E,12008,MZ113,Tu,07:00pm,09:45pm,"Lengyel,Jeffrey E"
CTVA 625,11380,MZ113,Th,07:00pm,09:45pm,"Land,Morgan E"
CTVA 692,10510,MZ361,Mo,07:00pm,09:45pm,"Sturgeon,Scott A"
