GEOG 101,12191,NH113,MoWe,08:00am,09:15am,"Laity,Julie E"
GEOG 101,12995,SH120,TuTh,12:30pm,01:45pm,"Graves,Steven M"
GEOG 101,13108,TBA,TBA,TBA,TBA,Staff
GEOG 101A,21162,SH160,TuTh,03:30pm,04:20pm,"Giraldo,Mario A"
GEOG 101AL,21163,SH170,Tu,04:30pm,06:10pm,"Seguerra,Jamie Christine"
GEOG 102,13050,SH170,We,11:00am,12:40pm,"Tejeda,Jonathan I"
GEOG 102,13053,SH170,Mo,02:00pm,03:40pm,"Seguerra,Jamie Christine"
GEOG 102,13073,TBA,TBA,TBA,TBA,Staff
GEOG 102,13074,SH170,Th,02:00pm,03:40pm,"DeVera III,Luis G"
GEOG 103,12322,TBA,TBA,TBA,TBA,Staff
GEOG 103,20405,SH120,TuTh,09:30am,10:45am,"Giraldo,Mario A"
GEOG 103A,21164,TBA,TBA,TBA,TBA,Staff
GEOG 103AL,21165,TBA,TBA,TBA,TBA,Staff
GEOG 105,13054,SH170,We,03:30pm,05:10pm,"Notto,Christopher A"
GEOG 105,13055,TBA,TBA,TBA,TBA,Staff
GEOG 105,20419,SH170,Th,11:00am,12:40pm,"Vasquez,Vanessa Crystal"
GEOG 107,12303,SQ104,TuTh,11:00am,12:15pm,"Graves,Steven M"
GEOG 107,12614,SH120,Fr,11:00am,01:45pm,"Sonksen,Karen D"
GEOG 107,20560,SH120,MoWe,09:30am,10:45am,"Sonksen,Karen D"
GEOG 150,12192,LO1219,TuTh,09:30am,10:45am,"Adhikari,Sanchayeeta"
GEOG 150,12193,SH120,MoWe,03:30pm,04:45pm,"Davidson,Ronald A"
GEOG 150,12687,SH120,Fr,08:00am,10:45am,"Adhikari,Sanchayeeta"
GEOG 150,13110,ONLINE,TBA,TBA,TBA,"Sun,Yifei"
GEOG 170,13080,SH166,MoWe,09:30am,10:45am,"Orme,Amalie J"
GEOG 206,12283,SH107,MoWe,09:30am,10:20am,"Drake,Luke P"
GEOG 206,12495,SH107,Th,05:00pm,06:40pm,"Maas,Regan M"
GEOG 206L,13057,SH107,MoWe,10:20am,11:10am,"Gerlich,Gina Michelle"
GEOG 206L,13058,SH107,Th,06:40pm,08:20pm,"Munoz Jr,Alejandro"
GEOG 300,12502,SH166,MoWe,11:00am,12:15pm,"Drake,Luke P"
GEOG 301,12599,SH106,TuTh,03:30pm,04:45pm,"Davidson,Ronald A"
GEOG 305,12676,SH103,Mo,05:00pm,06:40pm,"Deis,David A"
GEOG 305L,12677,SH103,Mo,06:40pm,08:20pm,"Deis,David A"
GEOG 306,12288,TBA,TBA,TBA,TBA,Staff
GEOG 306,13262,SH103,MoWe,11:00am,11:50am,"Boroushaki,Soheil"
GEOG 306,20408,SH107,Tu,05:00pm,06:40pm,"Woods,Donald"
GEOG 306L,12289,TBA,TBA,TBA,TBA,Staff
GEOG 306L,13263,SH103,MoWe,11:50am,12:40pm,"Boroushaki,Soheil"
GEOG 306L,20409,SH107,Tu,06:40pm,08:20pm,"Woods,Donald"
GEOG 316,12915,SH160,TuTh,11:00am,12:15pm,"Adhikari,Sanchayeeta"
GEOG 318,12916,ONLINE,TBA,TBA,TBA,"Vallade,Martine"
GEOG 321,12680,ONLINE,TBA,TBA,TBA,"Craine,James W"
GEOG 322,13067,ONLINE,TBA,TBA,TBA,"Baughn,Melissa L"
GEOG 324,12681,SH160,TuTh,09:30am,10:45am,"Sun,Yifei"
GEOG 330,12305,SH120,Fr,02:00pm,04:45pm,"Sonksen,Karen D"
GEOG 330,20466,SH106,MoWe,09:30am,10:45am,"Davidson,Ronald A"
GEOG 334,13114,SH106,TuTh,11:00am,12:15pm,"Drake,Luke P"
GEOG 340,12917,SH107,TuTh,09:30am,10:45am,"Graves,Steven M"
GEOG 364,20515,TBA,TBA,TBA,TBA,Staff
GEOG 364L,20516,TBA,TBA,TBA,TBA,Staff
GEOG 365,12323,SH166,MoWe,08:00am,09:15am,"Orme,Amalie J"
GEOG 365L,12324,SH170,Fr,08:00am,09:40am,"Orme,Amalie J"
GEOG 366,13112,SH160,MoWe,09:30am,10:45am,"Laity,Julie E"
GEOG 366L,13113,SH170,Mo,11:00am,12:40pm,"Hurst,Tracy A"
GEOG 370,20410,SH166,TuTh,02:00pm,03:15pm,"Giraldo,Mario A"
GEOG 404TC,20465,SH166,Fr,09:00am,02:00pm,"Giraldo,Mario A"
GEOG 406,12678,SH103,MoWe,02:00pm,02:50pm,"Boroushaki,Soheil"
GEOG 406L,12679,SH103,MoWe,02:50pm,03:40pm,"Boroushaki,Soheil"
GEOG 408C,20414,TBA,TBA,TBA,TBA,Staff
GEOG 408CL,20415,TBA,TBA,TBA,TBA,Staff
GEOG 460,12552,SH107,MoWe,12:30pm,01:20pm,"Sun,Yifei"
GEOG 460L,12553,SH107,MoWe,01:20pm,02:10pm,"Sun,Yifei"
GEOG 467,20416,SH160,MoWe,11:00am,11:50am,"Laity,Julie E"
GEOG 467L,20417,SH160,MoWe,11:50am,12:40pm,"Laity,Julie E"
GEOG 486,13267,TBA,TBA,TBA,TBA,Staff
GEOG 490,12195,SH166,Tu,03:30pm,06:00pm,"Maas,Regan M"
GEOG 494,12260,SH130A,Fr,11:00am,01:45pm,"Laity,Julie E"
GEOG 497C,12988,TBA,TBA,TBA,TBA,Staff
GEOG 499A,21168,TBA,TBA,TBA,TBA,"Adhikari,Sanchayeeta"
GEOG 499C,12199,TBA,TBA,TBA,TBA,"Drake,Luke P"
GEOG 499C,12209,TBA,TBA,TBA,TBA,Staff
GEOG 600,12196,SH166,Tu,06:00pm,08:45pm,"Craine,James W"
GEOG 630C,20463,SH166,Sa,08:00am,10:45am,"Orme,Amalie J"
GEOG 630E,20418,SH130A,Th,05:00pm,07:45pm,"Adhikari,Sanchayeeta"
GEOG 650A,21349,TBA,TBA,TBA,TBA,"Davidson,Ronald A"
GEOG 690J,13121,SH103,We,06:00pm,08:45pm,"Boroushaki,Soheil"
GEOG 696,12539,SH103,Tu,06:00pm,08:45pm,"Sun,Yifei"
GEOG 698,12203,TBA,TBA,TBA,TBA,"Maas,Regan M"
GEOG 698,12237,TBA,TBA,TBA,TBA,Staff
GEOG 698,12238,TBA,TBA,TBA,TBA,Staff
GEOG 699A,21351,TBA,TBA,TBA,TBA,"Boroushaki,Soheil"
GEOG 699C,12213,TBA,TBA,TBA,TBA,Staff
GEOG 699C,12214,TBA,TBA,TBA,TBA,Staff
