HIST 110,12326,SH184,MoWe,09:30am,10:45am,"Howes,Rachel T"
HIST 110,12868,SH186,We,04:00pm,06:45pm,"Howes,Rachel T"
HIST 111,12982,SH280,MoWe,02:00pm,03:15pm,"Addison,Kathleen E"
HIST 151,12700,SH186,TuTh,11:00am,12:15pm,"Fouser,David C"
HIST 151,13162,SH186,TuTh,12:30pm,01:45pm,"Goldner,Erik H"
HIST 161,12913,SH184,Mo,02:00pm,03:30pm,"Juarez-Dappe,Patricia I"
HIST 161,13327,SH184,We,02:00pm,03:30pm,"Juarez-Dappe,Patricia I"
HIST 192,13170,SH184,TuTh,11:00am,12:15pm,"Horowitz,Richard S"
HIST 210,13239,JR214,TuTh,09:30am,10:45am,"Goodfriend,Elaine A"
HIST 270,12328,CR5125,Fr,08:00am,10:45am,"Smithers,Leslie A"
HIST 270,12584,OV025,MoWe,11:00am,12:15pm,"Addison,Kathleen E"
HIST 270,12931,JA100,Tu,07:00pm,09:45pm,"Ward,Michael K"
HIST 270,13241,SH309,TuTh,02:00pm,03:15pm,"Smithers,Leslie A"
HIST 271,12604,CR5122,TuTh,12:30pm,01:45pm,"Devine,Thomas W"
HIST 271,12619,CR5122,Mo,07:00pm,09:45pm,"Ward,Michael K"
HIST 271,12932,TBA,TBA,TBA,TBA,Staff
HIST 271,12981,CR5122,MoWe,02:00pm,03:15pm,"Traviolia,Tristan J"
HIST 301,12329,SH288,MoWe,09:30am,10:45am,"O'Sullivan,Donal B"
HIST 301,12247,SH186,TuTh,02:00pm,03:15pm,"Neirick,Miriam B"
HIST 301,12602,SH279,We,07:00pm,09:45pm,"Yamane,Nancy A"
HIST 303,12301,SH186,MoWe,11:00am,12:15pm,"Marcos,Moyses"
HIST 303,12256,SH186,MoWe,02:00pm,03:15pm,"Oliver,Clementine"
HIST 341,12701,SH186,Tu,04:00pm,06:45pm,"Goldner,Erik H"
HIST 342,12702,SH186,MoWe,12:30pm,01:45pm,"O'Sullivan,Donal B"
HIST 345,20447,SH186,Mo,04:00pm,06:45pm,"Fitzpatrick-Behrens,Susan R"
HIST 349A,12968,SH268,TuTh,11:00am,12:15pm,"Broussard,Joyce L"
HIST 366,12911,SH386,TuTh,11:00am,12:15pm,"Rivero-Valdes,Orlando"
HIST 370,12583,SH184,TuTh,09:30am,10:45am,"Traviolia,Tristan J"
HIST 370,12847,SH186,Sa,12:30pm,03:15pm,"Traviolia,Tristan J"
HIST 371,12261,SH268,TuTh,02:00pm,03:15pm,"Broussard,Joyce L"
HIST 371HON,12813,SH184,Fr,11:00am,01:45pm,"Kim,Jessica M"
HIST 374,20539,SH265,Sa,09:30am,12:15pm,"Thompson,Neil H"
HIST 411,13172,SH268,MoWe,08:00am,09:15am,"Marcos,Moyses"
HIST 415,12929,SG103,TuTh,02:00pm,03:15pm,"Addison,Kathleen E"
HIST 417,12738,SH184,Sa,09:30am,12:15pm,"Kovalesky,Brian R"
HIST 417,13328,SH287,Fr,02:00pm,04:45pm,"Yamane,Nancy A"
HIST 420,13171,SH186,MoWe,09:30am,10:45am,"Oliver,Clementine"
HIST 424,13024,SH184,MoWe,12:30pm,01:45pm,"Howes,Rachel T"
HIST 429,20446,SH184,We,04:00pm,06:45pm,"Juarez-Dappe,Patricia I"
HIST 433,12736,SH268,We,04:00pm,06:45pm,"Kim,Jessica M"
HIST 435,13098,TBA,TBA,TBA,TBA,Staff
HIST 457,13012,SH268,MoWe,02:00pm,03:15pm,"O'Sullivan,Donal B"
HIST 467,20530,TBA,TBA,TBA,TBA,Staff
HIST 479B,20529,SH268,MoWe,11:00am,12:15pm,"Traviolia,Tristan J"
HIST 488,12871,SH279,TuTh,08:00am,09:15am,"Yamane,Nancy A"
HIST 489,12928,SH186,TuTh,09:30am,10:45am,"Sides,Josh"
HIST 491B,13166,SH288,TuTh,02:00pm,03:15pm,"Horowitz,Richard S"
HIST 494SOC,12183,TBA,TBA,TBA,TBA,"Kim,Jessica M"
HIST 496MN,21057,SH288,Fr,09:30am,12:15pm,"Neirick,Miriam B"
HIST 497A,12823,TBA,TBA,TBA,TBA,Staff
HIST 497B,12870,SH288,Th,07:00pm,09:45pm,"Horowitz,Richard S"
HIST 497C,12872,SH302,MoWe,11:00am,12:15pm,"Rivero-Valdes,Orlando"
HIST 498C,12325,SH288,Tu,04:00pm,06:45pm,"Broussard,Joyce L"
HIST 498C,12653,SH279,Th,07:00pm,09:45pm,"Goldner,Erik H"
HIST 498C,12864,SH279,Mo,04:00pm,06:45pm,"Marcos,Moyses"
HIST 545,13296,SH288,Mo,04:00pm,06:45pm,"Howes,Rachel T"
HIST 572,12820,SH268,Th,07:00pm,09:45pm,"Broussard,Joyce L"
HIST 574,13168,SH288,We,07:00pm,09:45pm,"Devine,Thomas W"
HIST 594,13028,TBA,TBA,TBA,TBA,"Fitzpatrick-Behrens,Susan R"
HIST 601,12310,SH288,Tu,07:00pm,09:45pm,"Neirick,Miriam B"
HIST 620,20542,SH288,We,04:00pm,06:45pm,"Oliver,Clementine"
HIST 681,13020,SH268,Tu,04:00pm,06:45pm,"Sides,Josh"
HIST 694,12401,TBA,TBA,TBA,TBA,"O'Sullivan,Donal B"
