IS 212,13979,LA181,Mo,07:00pm,08:15pm,"Eslami,Seyed Pouyan"
IS 212,13983,BB1131,We,04:00pm,05:15pm,"Savin,Jerald M"
IS 212,20524,NA101,Fr,02:00pm,03:15pm,"Liu,David"
IS 212,20735,JR315,Mo,11:00am,12:15pm,"Miller,David W"
IS 212,21258,BB1131,Mo,03:30pm,04:45pm,"Miller,David W"
IS 312,13619,BB2212,MoWe,05:00pm,06:15pm,"Hu,Tao"
IS 312,13620,BB2125,TuTh,11:00am,12:15pm,"Zhang,Yue"
IS 312,13621,BB2212,TuTh,02:00pm,03:15pm,"Sharbaf,Mehrdad"
IS 312,13622,JD1600,Fr,11:00am,01:45pm,"Primes,David M"
IS 312,13623,BB2212,MoWe,02:00pm,03:15pm,"Zhang,Yue"
IS 312,13624,BB2125,We,07:00pm,09:45pm,"Nguyen,Dat Dao"
IS 312,13626,BB2212,Tu,07:00pm,09:45pm,"Hu,Tao"
IS 312,13627,BB2212,Mo,07:00pm,09:45pm,"Hu,Tao"
IS 335,13533,TBA,TBA,TBA,TBA,Staff
IS 431,13488,BB1117,TuTh,11:00am,12:15pm,"Nguyen,Dat Dao"
IS 431,13907,BB1119,Th,07:00pm,09:45pm,"Nguyen,Dat Dao"
IS 431,13958,JD1600,Mo,07:00pm,09:45pm,"Garlington,Christopher"
IS 435,13489,SG100,TuTh,09:30am,10:45am,"Ye,Richard"
IS 435,13906,BB1210,We,07:00pm,09:45pm,"Ye,Richard"
IS 441,13490,BB1119,Mo,07:00pm,09:45pm,"Zhang,Yue"
IS 441,13905,BB2125,TuTh,04:00pm,05:15pm,"Davoudian,Alen"
IS 451,13523,BB1119,We,07:00pm,09:45pm,"Savin,Jerald M"
IS 457,13635,BB1117,Th,07:00pm,09:45pm,"Ye,Richard"
IS 497B,13879,BB1117,Tu,07:00pm,09:45pm,"Sharbaf,Mehrdad"
IS 498B,13742,TBA,TBA,TBA,TBA,"Vedd,Rishma R"
IS 498C,13743,BB2204,Sa,09:45am,12:30pm,"Vedd,Rishma R"
IS 499A,13744,TBA,TBA,TBA,TBA,"Vedd,Rishma R"
IS 499B,13745,TBA,TBA,TBA,TBA,"Vedd,Rishma R"
IS 499C,13746,TBA,TBA,TBA,TBA,"Liu,David"
IS 530,13765,BB2125,Sa,09:00am,02:45pm,"Primes,David M"
IS 699C,13475,TBA,TBA,TBA,TBA,"Vedd,Rishma R"
