MSE 101,16661,ONLINE,TBA,TBA,TBA,"Elias,Gus H"
MSE 101L,16239,JD1126,Sa,10:00am,12:45pm,"Elias,Gus H"
MSE 227,16403,JD1593,We,07:00pm,09:45pm,"Samimi,Babak"
MSE 227,16242,JD3504,TuTh,11:00am,12:15pm,"Reiner,Lisa R"
MSE 227,16495,JD3504,MoWe,11:00am,12:15pm,"Reiner,Lisa R"
MSE 227,16579,JD3504,TuTh,02:00pm,03:15pm,"Shin,Hans"
MSE 227,16728,JD3504,MoWe,09:30am,10:45am,"Reiner,Lisa R"
MSE 227,16785,JD3504,TuTh,09:30am,10:45am,"Reiner,Lisa R"
MSE 227,16824,JD1609,Sa,01:00pm,03:45pm,"Balasan Avanessian,Aline"
MSE 227L,16471,JD1504,Mo,07:00pm,09:45pm,"Magee,Anthony B"
MSE 227L,16421,JD1504,Tu,02:00pm,04:45pm,"Reiner,Lisa R"
MSE 227L,16243,JD1504,We,07:00pm,09:45pm,"Magee,Anthony B"
MSE 227L,16244,JD1504,We,02:00pm,04:45pm,"Balasan Avanessian,Aline"
MSE 227L,16504,JD1504,Th,02:00pm,04:45pm,"Canzona,Guido"
MSE 227L,16580,JD1504,Fr,09:00am,11:45am,"Ojukwu,Chima O"
MSE 227L,16599,JD1504,Fr,02:00pm,04:45pm,"Ojukwu,Chima O"
MSE 227L,16729,JD1504,Mo,02:00pm,04:45pm,"Jahangiri,Jaleh"
MSE 227L,16769,JD1504,Th,07:00pm,09:45pm,"Canzona,Guido"
MSE 227L,16826,JD1504,Tu,09:00am,11:45am,"Jahangiri,Jaleh"
MSE 300,16425,JD1553,Sa,01:00pm,03:45pm,"Tovar,Salpy R"
MSE 302,16597,ONLINE,TBA,TBA,TBA,"Lavassani,Fereshteh"
MSE 302,16735,ONLINE,TBA,TBA,TBA,"Lavassani,Fereshteh"
MSE 302,16764,ONLINE,TBA,TBA,TBA,"Lavassani,Fereshteh"
MSE 302,16773,ONLINE,TBA,TBA,TBA,"Lavassani,Fereshteh"
MSE 302,16960,ONLINE,TBA,TBA,TBA,"Tovar,Salpy R"
MSE 302,16961,ONLINE,TBA,TBA,TBA,"Elias,Gus H"
MSE 302,20776,ONLINE,TBA,TBA,TBA,"Tovar,Salpy R"
MSE 303,16598,ONLINE,TBA,TBA,TBA,"Gholami,Hamid"
MSE 303,16763,ONLINE,TBA,TBA,TBA,"Gholami,Hamid"
MSE 304,16245,JD3504,MoWe,03:30pm,04:45pm,"Elias,Gus H"
MSE 304,16373,ONLINE,TBA,TBA,TBA,"Sarfaraz,Ahmad R"
MSE 304,16743,JD3504,Mo,07:00pm,09:45pm,"Tabibzadeh,Maryam"
MSE 304,16744,JD1610,Tu,07:00pm,09:45pm,"Li,Bingbing"
MSE 304,16745,ONLINE,TBA,TBA,TBA,"Elias,Gus H"
MSE 304,16746,ONLINE,TBA,TBA,TBA,"Wainess,Scott R"
MSE 304,16748,JD3504,Sa,01:00pm,03:45pm,"Vazan,Shahriar"
MSE 304,16770,ONLINE,TBA,TBA,TBA,"Vazan,Shahriar"
MSE 304,16771,JD3504,MoWe,05:00pm,06:15pm,"Gholami,Hamid"
MSE 304,16994,JD3504,MoWe,02:00pm,03:15pm,"Tabibzadeh,Maryam"
MSE 304,20777,SG101,Fr,09:00am,11:45am,"Behdinan,Khashayar"
MSE 401,16727,JD1593,Mo,07:00pm,09:45pm,"Rajai,Mark R"
MSE 403CS,16487,JD1610,Th,02:00pm,04:45pm,"Li,Bingbing"
MSE 409,16246,JD1115,Mo,01:30pm,03:10pm,"Behdinan,Khashayar"
MSE 409L,16247,JD1115,Mo,03:15pm,05:20pm,"Behdinan,Khashayar"
MSE 420,17005,EU135,MoWe,05:30pm,06:45pm,"Gandhi,Shereazad Jimmy"
MSE 488A,16457,JD1126,TuTh,09:00am,11:50am,"Behdinan,Khashayar"
MSE 494A,16430,TBA,TBA,TBA,TBA,"Bavarian,Behzad B"
MSE 507,16431,SG110,Tu,07:00pm,09:45pm,"Hamade,Jay N"
MSE 508,16478,JD1126,Fr,05:00pm,06:40pm,"Li,Bingbing"
MSE 508L,16479,JD1126,Fr,07:00pm,09:30pm,"Li,Bingbing"
MSE 511,16249,JD1115,Th,06:00pm,07:40pm,"Behdinan,Khashayar"
MSE 511L,16250,JD1115,Th,07:45pm,10:15pm,"Behdinan,Khashayar"
MSE 512,16582,JD3520,Mo,07:00pm,09:45pm,"Conner,Robert D"
MSE 527,16583,JD1504,Tu,06:00pm,07:40pm,"Bavarian,Behzad B"
MSE 527L,16584,JD1504,Tu,07:45pm,10:15pm,"Balasan Avanessian,Aline"
MSE 531,16585,JD1553,We,07:00pm,09:45pm,"Bavarian,Behzad B"
MSE 600,16858,JD1609,We,07:00pm,09:45pm,"Tabibzadeh,Maryam"
MSE 603,16460,BB1107,We,07:00pm,09:45pm,"Sita,Adrian"
MSE 604,16254,BB1206,Mo,07:00pm,09:45pm,"Sarfaraz,Ahmad R"
MSE 606,16860,SG105,Tu,07:00pm,09:45pm,"Wainess,Scott R"
MSE 608B,16446,SG105,Th,07:00pm,09:45pm,"Rajai,Mark R"
MSE 610,17024,EU135,Th,07:00pm,09:45pm,"Gandhi,Shereazad Jimmy"
MSE 617,16660,BB1107,Fr,07:00pm,09:45pm,"Echeverria,Luis A"
MSE 690,16256,TBA,TBA,TBA,TBA,"Bavarian,Behzad B"
MSE 697MFS,16452,TBA,TBA,TBA,TBA,"Bavarian,Behzad B"
MSE 697MGT,16451,TBA,TBA,TBA,TBA,"Sarfaraz,Ahmad R"
MSE 697MTL,16453,TBA,TBA,TBA,TBA,"Bavarian,Behzad B"
