MUS 105,10008,MZ130,Fr,02:00pm,04:45pm,"Hofmann,Richard Glenn"
MUS 105,10007,NH113,MoWe,02:00pm,03:15pm,"Dorsa,James"
MUS 105,10634,ONLINE,TBA,TBA,TBA,"Dorsa,James"
MUS 105,10858,ONLINE,TBA,TBA,TBA,"Allport Counseller,Allison"
MUS 105,10861,ONLINE,TBA,TBA,TBA,"Dorsa,James"
MUS 105,11642,ONLINE,TBA,TBA,TBA,"Dolas,Helen G"
MUS 106HH,10635,NH113,Fr,08:00am,10:45am,"Garrett,Glen R"
MUS 107,10002,ONLINE,TBA,TBA,TBA,"Buonamassa,John N"
MUS 107,10003,NH113,MoWe,09:30am,10:45am,"Pozzi,David A"
MUS 107,10004,CR5122,Fr,08:00am,10:45am,"Edelstein,David G"
MUS 107,11403,CY159,MoWe,08:00am,09:15am,"Pozzi,David A"
MUS 107,11776,NH113,Th,04:00pm,06:45pm,"Garrett,Glen R"
MUS 108,10006,NH113,MoWe,11:00am,12:15pm,"Malpede,William V"
MUS 108,10005,NH113,Fr,11:00am,01:45pm,"Rusich,Clinton"
MUS 108,10461,OV025,MoWe,12:30pm,01:45pm,"Cross,Mark C"
MUS 110A,10011,CY240,MoWe,08:30am,09:20am,"Lancaster,Emanuel L"
MUS 110A,10009,CY240,MoWe,03:00pm,03:50pm,"Kowalchyk,Gayle"
MUS 110A,10012,CY240,TuTh,08:30am,09:20am,"Stoll,Jason A V"
MUS 110A,10010,CY240,TuTh,02:00pm,02:50pm,"Kowalchyk,Gayle"
MUS 111,10747,CY270,MoWe,09:30am,09:55am,"Whitener,John L"
MUS 111,10014,CY270,MoWe,08:00am,08:25am,"Whitener,John L"
MUS 111,10013,CY217,MoWe,09:30am,09:55am,"Allport Counseller,Allison"
MUS 111L,10748,CY270,MoWe,09:55am,10:45am,"Whitener,John L"
MUS 111L,10016,CY270,MoWe,08:25am,09:15am,"Whitener,John L"
MUS 111L,10015,CY217,MoWe,09:55am,10:45am,"Allport Counseller,Allison"
MUS 130,11963,CY108,We,01:00pm,01:50pm,"Fasola,Bryan K"
MUS 131A,10614,CY240,TuTh,12:00pm,12:50pm,"Kowalchyk,Gayle"
MUS 132A,11782,CY240,TuTh,01:00pm,01:50pm,"Howard,Timothy P"
MUS 133A,10017,CY108,We,02:00pm,03:40pm,"Fasola,Bryan K"
MUS 140A,10117,TBA,TBA,TBA,TBA,"Iles,Sandra K"
MUS 140B,10947,TBA,TBA,TBA,TBA,"Clark,Heather A"
MUS 140B,10948,TBA,TBA,TBA,TBA,"Kaplan,Lawrence E"
MUS 140B,21257,TBA,TBA,TBA,TBA,"Iles,Sandra K"
MUS 141A,10118,TBA,TBA,TBA,TBA,"Gilad,Kimaree T"
MUS 141B,10949,TBA,TBA,TBA,TBA,"Gilad,Kimaree T"
MUS 142A,10119,TBA,TBA,TBA,TBA,"Wood,William Jay"
MUS 143A,10120,TBA,TBA,TBA,TBA,"Badgley,Candis E"
MUS 143B,10951,TBA,TBA,TBA,TBA,"Heinen,Julia M"
MUS 143B,11326,TBA,TBA,TBA,TBA,"Heinen,Julia M"
MUS 144A,10121,TBA,TBA,TBA,TBA,"Sorrell,Benjamin D"
MUS 144A,10122,TBA,TBA,TBA,TBA,"Golan,Shai S"
MUS 144B,10952,TBA,TBA,TBA,TBA,"Mull,Michael Joseph"
MUS 144B,10953,TBA,TBA,TBA,TBA,"Sorrell,Benjamin D"
MUS 144B,10954,TBA,TBA,TBA,TBA,"Golan,Shai S"
MUS 144B,10955,TBA,TBA,TBA,TBA,"Mull,Michael Joseph"
MUS 145A,10555,TBA,TBA,TBA,TBA,"Shear,Howard L"
MUS 145A,10556,TBA,TBA,TBA,TBA,"Hofmann,Richard Glenn"
MUS 145B,10956,TBA,TBA,TBA,TBA,"Lewis,Jon L"
MUS 145B,10957,TBA,TBA,TBA,TBA,"Hofmann,Richard Glenn"
MUS 145B,10958,TBA,TBA,TBA,TBA,"Lewis,Jon L"
MUS 145B,11327,TBA,TBA,TBA,TBA,"Shear,Howard L"
MUS 146B,10959,TBA,TBA,TBA,TBA,"Bosler,Anna"
MUS 147A,10600,TBA,TBA,TBA,TBA,"Radke,Paul"
MUS 147B,10961,TBA,TBA,TBA,TBA,"Cooper,Philip Blake"
MUS 147B,10962,TBA,TBA,TBA,TBA,"Radke,Paul"
MUS 147B,10963,TBA,TBA,TBA,TBA,"Whitfield,Scott"
MUS 148B,10964,TBA,TBA,TBA,TBA,"Cooper,Philip Blake"
MUS 149A,10165,TBA,TBA,TBA,TBA,"Magnussen,John P"
MUS 149A,10166,TBA,TBA,TBA,TBA,"Smith,Aaron Todd"
MUS 149A,10655,TBA,TBA,TBA,TBA,"Harnell,Jason"
MUS 149A,11159,TBA,TBA,TBA,TBA,"Mancini,Nicholas J"
MUS 149B,10965,TBA,TBA,TBA,TBA,"Roscigno,John A"
MUS 149B,10966,TBA,TBA,TBA,TBA,"Magnussen,John P"
MUS 149B,10967,TBA,TBA,TBA,TBA,"Smith,Aaron Todd"
MUS 150A,10167,TBA,TBA,TBA,TBA,"Kowalchyk,Gayle"
MUS 150A,10168,TBA,TBA,TBA,TBA,"Rachmanov,Dmitry"
MUS 150A,10169,TBA,TBA,TBA,TBA,"Stoll,Jason A V"
MUS 150A,10170,TBA,TBA,TBA,TBA,"Tadmor,Tali"
MUS 150B,10970,TBA,TBA,TBA,TBA,"Kowalchyk,Gayle"
MUS 150B,10971,TBA,TBA,TBA,TBA,"Stoll,Jason A V"
MUS 150B,10972,TBA,TBA,TBA,TBA,"Rachmanov,Dmitry"
MUS 150B,10973,TBA,TBA,TBA,TBA,"Richman,Mark"
MUS 150B,10974,TBA,TBA,TBA,TBA,"Tadmor,Tali"
MUS 154A,10175,TBA,TBA,TBA,TBA,"Baker,Katherine R"
MUS 154A,10180,TBA,TBA,TBA,TBA,"Davis,Erica G"
MUS 154A,10181,TBA,TBA,TBA,TBA,"Rivera,Trisha Leigh"
MUS 154B,10979,TBA,TBA,TBA,TBA,"Davis,Erica G"
MUS 154B,10980,TBA,TBA,TBA,TBA,Staff
MUS 154B,10981,TBA,TBA,TBA,TBA,"Ketchie-Saar,Diane"
MUS 154B,10982,TBA,TBA,TBA,TBA,"Moreno,Anthony"
MUS 155A,10184,TBA,TBA,TBA,TBA,"Moon,Jeongah"
MUS 155A,11331,TBA,TBA,TBA,TBA,"Cani,Roberto"
MUS 155B,10986,TBA,TBA,TBA,TBA,"Gamma,Lorenz A"
MUS 155B,10987,TBA,TBA,TBA,TBA,"Cani,Roberto"
MUS 155B,21225,TBA,TBA,TBA,TBA,"Moon,Jeongah"
MUS 157A,10186,TBA,TBA,TBA,TBA,"Roscetti,Diane H"
MUS 157B,10989,TBA,TBA,TBA,TBA,"Roscetti,Diane H"
MUS 158A,10187,TBA,TBA,TBA,TBA,"Kasper,Donald J"
MUS 158A,10188,TBA,TBA,TBA,TBA,"Herman,Jory"
MUS 158B,10991,TBA,TBA,TBA,TBA,"Robaire,David Joshua"
MUS 158B,10992,TBA,TBA,TBA,TBA,"Robaire,David Joshua"
MUS 159A,10712,TBA,TBA,TBA,TBA,"Fasola,Bryan K"
MUS 159A,10190,TBA,TBA,TBA,TBA,"Rosenn,Tristen James"
MUS 159B,10995,TBA,TBA,TBA,TBA,"Rosenn,Tristen James"
MUS 159B,10996,TBA,TBA,TBA,TBA,"Fasola,Bryan K"
MUS 159B,10997,TBA,TBA,TBA,TBA,"Thachuk,Steven J"
MUS 159B,10998,TBA,TBA,TBA,TBA,"Pisano,John J"
MUS 168,10018,NH107,We,07:00pm,09:45pm,"Rabe,Gigi L"
MUS 170,10019,CY159,MoWe,11:00am,12:15pm,"Baker,Katherine R"
MUS 172,10020,NH107,TuTh,01:00pm,03:40pm,"Smith,Paul A"
MUS 177,10022,NH107,MoWe,12:30pm,01:45pm,"Baker,Katherine R"
MUS 178,10023,NH106,Th,02:00pm,04:45pm,"Alviso,Ric"
MUS 179A,10024,CY159,MoWe,03:30pm,04:50pm,"Gonzales,Ryan"
MUS 179B,10025,CY159,TuTh,01:00pm,03:40pm,"Stoffel,Lawrence F"
MUS 181A,10026,CY159,TuTh,04:00pm,05:15pm,"Mull,Michael Joseph"
MUS 181B,10027,CY159,MoWe,05:00pm,07:40pm,"Whitfield,Scott"
MUS 182,10028,CY159,MoWe,12:30pm,03:10pm,"Stoffel,Lawrence F"
MUS 187,11366,CY159,Fr,11:00am,12:40pm,"Magnussen,John P"
MUS 189,10029,CY120,We,08:00pm,10:45pm,"Harris,Matthew L"
MUS 189,10637,CY120,Mo,08:00pm,10:45pm,"Mancini,Nicholas J"
MUS 191,10100,CY238,TuTh,10:00am,10:50am,"Buonamassa,John N"
MUS 191,10101,CY238,MoWe,11:00am,11:50am,"Buonamassa,John N"
MUS 191L,10102,CY238,TuTh,11:00am,11:50am,"Buonamassa,John N"
MUS 191L,10103,CY238,MoWe,12:00pm,12:50pm,"Buonamassa,John N"
MUS 201,10030,CY113,TuTh,11:00am,12:15pm,"Thachuk,Steven J"
MUS 201,11383,CY105,MoWe,02:00pm,03:15pm,"Pisaro,Kathryn G"
MUS 201,12033,CY105,Fr,11:00am,01:45pm,"Pisaro,Kathryn G"
MUS 210A,10032,CY240,MoWe,09:30am,10:20am,"Lancaster,Emanuel L"
MUS 210A,10598,CY240,TuTh,11:00am,11:50am,"Kowalchyk,Gayle"
MUS 210A,10033,CY240,TuTh,03:00pm,03:50pm,"Kowalchyk,Gayle"
MUS 210A,10769,CY240,MoWe,02:00pm,02:50pm,"Kowalchyk,Gayle"
MUS 210AJ,10034,CY240,MoWe,11:00am,11:50am,"Fukushima,Gary A"
MUS 211,10036,CY265,MoWe,09:30am,09:55am,"Magnussen,John P"
MUS 211,10035,CY113,MoWe,11:00am,11:25am,"McCaffrey,Arthur J"
MUS 211,10037,CY113,TuTh,08:00am,08:25am,"Pratt,Gary W"
MUS 211,10610,CY265,TuTh,11:00am,11:25am,"Magnussen,John P"
MUS 211L,10039,CY265,MoWe,09:55am,10:45am,"Magnussen,John P"
MUS 211L,10038,CY113,MoWe,11:25am,12:15pm,"McCaffrey,Arthur J"
MUS 211L,10040,CY113,TuTh,08:25am,09:15am,"Pratt,Gary W"
MUS 211L,10611,CY265,TuTh,11:25am,12:15pm,"Magnussen,John P"
MUS 213,10041,CY111,MoWe,08:00am,09:15am,"Grey,Benoit"
MUS 213,10609,CY111,TuTh,11:00am,12:15pm,"Howard,Timothy P"
MUS 213,11324,CY111,MoWe,09:30am,10:45am,"Howard,Timothy P"
MUS 219A,10075,CY120,TuTh,11:00am,11:50am,"Fukushima,Gary A"
MUS 235C,11582,TBA,TBA,TBA,TBA,Staff
MUS 238A,10745,CY215,TuTh,01:00pm,01:50pm,"Ketchie-Saar,Diane"
MUS 240A,10191,TBA,TBA,TBA,TBA,"Iles,Sandra K"
MUS 240A,10192,TBA,TBA,TBA,TBA,"Clark,Heather A"
MUS 240A,21224,TBA,TBA,TBA,TBA,"Kaplan,Lawrence E"
MUS 240B,11001,TBA,TBA,TBA,TBA,"Clark,Heather A"
MUS 241A,10193,TBA,TBA,TBA,TBA,"Gilad,Kimaree T"
MUS 241B,11003,TBA,TBA,TBA,TBA,"Gilad,Kimaree T"
MUS 242A,10195,TBA,TBA,TBA,TBA,"Wood,William Jay"
MUS 243A,10196,TBA,TBA,TBA,TBA,"Badgley,Candis E"
MUS 243B,11005,TBA,TBA,TBA,TBA,"Badgley,Candis E"
MUS 244A,10197,TBA,TBA,TBA,TBA,"Sorrell,Benjamin D"
MUS 244B,11007,TBA,TBA,TBA,TBA,"Golan,Shai S"
MUS 244B,11008,TBA,TBA,TBA,TBA,"Mull,Michael Joseph"
MUS 244B,11009,TBA,TBA,TBA,TBA,"Sorrell,Benjamin D"
MUS 245A,10558,TBA,TBA,TBA,TBA,"Hofmann,Richard Glenn"
MUS 245B,11012,TBA,TBA,TBA,TBA,"Lewis,Jon L"
MUS 245B,11013,TBA,TBA,TBA,TBA,"Shear,Howard L"
MUS 245B,11014,TBA,TBA,TBA,TBA,"Bergeron,Wayne J"
MUS 246A,10894,TBA,TBA,TBA,TBA,"Bosler,Anna"
MUS 246B,11016,TBA,TBA,TBA,TBA,"Bosler,Anna"
MUS 247A,10199,TBA,TBA,TBA,TBA,"Radke,Paul"
MUS 247B,11018,TBA,TBA,TBA,TBA,"Whitfield,Scott"
MUS 247B,11019,TBA,TBA,TBA,TBA,"Cooper,Philip Blake"
MUS 248A,10200,TBA,TBA,TBA,TBA,"Cooper,Philip Blake"
MUS 248B,11021,TBA,TBA,TBA,TBA,"Cooper,Philip Blake"
MUS 249A,10201,TBA,TBA,TBA,TBA,"Magnussen,John P"
MUS 249A,10202,TBA,TBA,TBA,TBA,"Smith,Aaron Todd"
MUS 249B,11024,TBA,TBA,TBA,TBA,"Magnussen,John P"
MUS 250A,10203,TBA,TBA,TBA,TBA,"Edelstein,David G"
MUS 250A,10204,TBA,TBA,TBA,TBA,"Kowalchyk,Gayle"
MUS 250A,10205,TBA,TBA,TBA,TBA,"Tsu,Ming"
MUS 250A,10207,TBA,TBA,TBA,TBA,"Stoll,Jason A V"
MUS 250A,10475,TBA,TBA,TBA,TBA,"Tadmor,Tali"
MUS 250B,11028,TBA,TBA,TBA,TBA,"Kowalchyk,Gayle"
MUS 250B,11029,TBA,TBA,TBA,TBA,"Rachmanov,Dmitry"
MUS 250B,11030,TBA,TBA,TBA,TBA,"Fukushima,Gary A"
MUS 250B,11031,TBA,TBA,TBA,TBA,"Richman,Mark"
MUS 250B,11032,TBA,TBA,TBA,TBA,"Stoll,Jason A V"
MUS 254A,10211,TBA,TBA,TBA,TBA,"Baker,Katherine R"
MUS 254A,10212,TBA,TBA,TBA,TBA,"Ketchie-Saar,Diane"
MUS 254A,10213,TBA,TBA,TBA,TBA,"Davis,Erica G"
MUS 254A,10214,TBA,TBA,TBA,TBA,"Rivera,Trisha Leigh"
MUS 254B,11036,TBA,TBA,TBA,TBA,"Ketchie-Saar,Diane"
MUS 254B,11037,TBA,TBA,TBA,TBA,"Davis,Erica G"
MUS 254B,11038,TBA,TBA,TBA,TBA,"Moreno,Anthony"
MUS 255A,10217,TBA,TBA,TBA,TBA,"Gamma,Lorenz A"
MUS 255B,11044,TBA,TBA,TBA,TBA,"Gamma,Lorenz A"
MUS 255B,11045,TBA,TBA,TBA,TBA,"Cani,Roberto"
MUS 255B,21341,TBA,TBA,TBA,TBA,"Moon,Jeongah"
MUS 256A,10218,TBA,TBA,TBA,TBA,"Berg,Robert"
MUS 256B,11046,TBA,TBA,TBA,TBA,"Gamma,Lorenz A"
MUS 257A,10219,TBA,TBA,TBA,TBA,"Roscetti,Diane H"
MUS 258A,10220,TBA,TBA,TBA,TBA,"Kasper,Donald J"
MUS 258B,11049,TBA,TBA,TBA,TBA,"Herman,Jory"
MUS 258B,11050,TBA,TBA,TBA,TBA,"Robaire,David Joshua"
MUS 259A,10720,TBA,TBA,TBA,TBA,"Fasola,Bryan K"
MUS 259A,10222,TBA,TBA,TBA,TBA,"Pisano,John J"
MUS 259B,11053,TBA,TBA,TBA,TBA,"Fasola,Bryan K"
MUS 259B,11054,TBA,TBA,TBA,TBA,"Dearman,John B"
MUS 259B,11055,TBA,TBA,TBA,TBA,"Thachuk,Steven J"
MUS 266,10515,CY108,We,05:00pm,06:40pm,"Whitener,John L"
MUS 276,10042,CY239,Tu,03:00pm,05:00pm,"Ketchie-Saar,Diane"
MUS 287,10108,TBA,TBA,TBA,TBA,"Gamma,Lorenz A"
MUS 287,10110,TBA,TBA,TBA,TBA,"Roscetti,Diane H"
MUS 287,10109,TBA,TBA,TBA,TBA,"Dearman,John B"
MUS 287,10656,TBA,TBA,TBA,TBA,"Badgley,Candis E"
MUS 287,11205,TBA,TBA,TBA,TBA,"Bosler,Anna"
MUS 287,11212,TBA,TBA,TBA,TBA,"Sorrell,Benjamin D"
MUS 287,11319,TBA,TBA,TBA,TBA,"Tsu,Ming"
MUS 287,11320,TBA,TBA,TBA,TBA,"Tsu,Ming"
MUS 287,21339,TBA,TBA,TBA,TBA,"Dearman,John B"
MUS 292,10419,CY108,TuTh,11:00am,11:50am,"Borczon,Ronald M"
MUS 293,11580,CY113,Tu,01:00pm,02:40pm,"Izzo,Jeffrey S"
MUS 293L,11581,CY111,Fr,01:00pm,03:30pm,"Izzo,Jeffrey S"
MUS 303A,11648,CY105,TuTh,05:00pm,06:15pm,"Surmani,Andrew L"
MUS 304,11384,CY114,We,01:00pm,03:45pm,"Surmani,Karen D"
MUS 306,10045,CY105,MoWe,11:00am,12:15pm,"Pozzi,David A"
MUS 306,10046,ONLINE,TBA,TBA,TBA,"Robaire,David Joshua"
MUS 306,10044,NH113,Fr,02:00pm,04:45pm,"Garrett,Glen R"
MUS 306,11373,CY105,MoWe,08:00am,09:15am,"Surmani,Andrew L"
MUS 307,10047,CY105,Th,11:00am,12:15pm,"Alviso,Ric"
MUS 307,10691,CY105,Tu,02:00pm,03:15pm,"Alviso,Ric"
MUS 309,10048,CY111,Fr,09:00am,10:15am,"Rabe,Gigi L"
MUS 309,10867,CY111,Fr,11:00am,12:15pm,"Rabe,Gigi L"
MUS 309,11962,CY111,We,12:30pm,01:45pm,"Rabe,Gigi L"
MUS 309,11983,CY111,We,02:00pm,03:15pm,"Rabe,Gigi L"
MUS 309,11985,CY105,Tu,11:00am,12:15pm,"Alviso,Ric"
MUS 310,10049,CY217,Fr,11:00am,01:45pm,"Garcia,Peter J"
MUS 311,10050,CY266,MoWe,09:30am,09:55am,"McCaffrey,Arthur J"
MUS 311,10051,CY266,TuTh,09:30am,09:55am,"McCaffrey,Arthur J"
MUS 311J,11576,CY120,TuTh,01:00pm,01:25pm,"Robaire,David Joshua"
MUS 311JL,11577,CY120,TuTh,01:30pm,02:20pm,"Robaire,David Joshua"
MUS 311L,10052,CY266,MoWe,09:55am,10:45am,"McCaffrey,Arthur J"
MUS 311L,10420,CY266,TuTh,09:55am,10:45am,"McCaffrey,Arthur J"
MUS 316,10053,CY217,MoWe,08:00am,09:15am,"Howard,Timothy P"
MUS 316,10054,CY217,TuTh,11:00am,12:15pm,"McCaffrey,Arthur J"
MUS 317A,10055,CY108,MoWe,10:00am,10:50am,"Fukushima,Gary A"
MUS 317A,11200,CY120,MoWe,10:00am,10:50am,"Mull,Michael Joseph"
MUS 319A,11777,CY119,MoWe,02:00pm,02:50pm,"Fukushima,Gary A"
MUS 321,10076,CY217,MoWe,01:00pm,01:50pm,"McCaffrey,Arthur J"
MUS 322,10077,CY105,We,05:00pm,06:40pm,"Rusich,Clinton"
MUS 335,20400,CY114,Th,05:00pm,06:50pm,"Whitener,John L"
MUS 337,11850,CY110,Tu,05:00pm,06:40pm,"Whitener,John L"
MUS 338A,10520,CY265,MoWe,02:00pm,03:15pm,"Davis,Erica G"
MUS 339B,11385,CY270,MoWe,02:00pm,02:50pm,"Ketchie-Saar,Diane"
MUS 340A,10249,TBA,TBA,TBA,TBA,"Kaplan,Lawrence E"
MUS 340A,10250,TBA,TBA,TBA,TBA,"Iles,Sandra K"
MUS 340B,11056,TBA,TBA,TBA,TBA,"Clark,Heather A"
MUS 340B,11057,TBA,TBA,TBA,TBA,"Iles,Sandra K"
MUS 340B,21329,TBA,TBA,TBA,TBA,"Kaplan,Lawrence E"
MUS 341A,10251,TBA,TBA,TBA,TBA,"Gilad,Kimaree T"
MUS 341B,11058,TBA,TBA,TBA,TBA,"Gilad,Kimaree T"
MUS 343A,10253,TBA,TBA,TBA,TBA,"Badgley,Candis E"
MUS 343A,11343,TBA,TBA,TBA,TBA,Staff
MUS 343B,11060,TBA,TBA,TBA,TBA,"Badgley,Candis E"
MUS 343B,11061,TBA,TBA,TBA,TBA,"Heinen,Julia M"
MUS 344A,10255,TBA,TBA,TBA,TBA,"Sorrell,Benjamin D"
MUS 344B,11062,TBA,TBA,TBA,TBA,"Golan,Shai S"
MUS 344B,11063,TBA,TBA,TBA,TBA,"Sorrell,Benjamin D"
MUS 344B,11064,TBA,TBA,TBA,TBA,Staff
MUS 344B,11065,TBA,TBA,TBA,TBA,Staff
MUS 345A,10560,TBA,TBA,TBA,TBA,"Hofmann,Richard Glenn"
MUS 345B,11066,TBA,TBA,TBA,TBA,"Lewis,Jon L"
MUS 346B,11069,TBA,TBA,TBA,TBA,"Bosler,Anna"
MUS 347A,10274,TBA,TBA,TBA,TBA,"Cooper,Philip Blake"
MUS 347A,11161,TBA,TBA,TBA,TBA,"Radke,Paul"
MUS 347B,11071,TBA,TBA,TBA,TBA,"Whitfield,Scott"
MUS 347B,11072,TBA,TBA,TBA,TBA,"Radke,Paul"
MUS 347B,12094,TBA,TBA,TBA,TBA,"Meshulam,Ido"
MUS 348A,10275,TBA,TBA,TBA,TBA,"Cooper,Philip Blake"
MUS 348B,11074,TBA,TBA,TBA,TBA,"Cooper,Philip Blake"
MUS 349A,10276,TBA,TBA,TBA,TBA,"Magnussen,John P"
MUS 349A,10277,TBA,TBA,TBA,TBA,"Smith,Aaron Todd"
MUS 349B,11075,TBA,TBA,TBA,TBA,"Magnussen,John P"
MUS 349B,11076,TBA,TBA,TBA,TBA,"Harnell,Jason"
MUS 349B,11077,TBA,TBA,TBA,TBA,"Smith,Aaron Todd"
MUS 350A,10280,TBA,TBA,TBA,TBA,"Stoll,Jason A V"
MUS 350A,10281,TBA,TBA,TBA,TBA,Staff
MUS 350A,10282,TBA,TBA,TBA,TBA,"Edelstein,David G"
MUS 350A,10477,TBA,TBA,TBA,TBA,"Tadmor,Tali"
MUS 350B,11080,TBA,TBA,TBA,TBA,"Fukushima,Gary A"
MUS 350B,11081,TBA,TBA,TBA,TBA,"Rachmanov,Dmitry"
MUS 350B,11082,TBA,TBA,TBA,TBA,"Harris,Matthew L"
MUS 350B,11083,TBA,TBA,TBA,TBA,"Rosenn,Tristen James"
MUS 350B,11084,TBA,TBA,TBA,TBA,"Tadmor,Tali"
MUS 350B,11085,TBA,TBA,TBA,TBA,"Tsu,Ming"
MUS 350B,11086,TBA,TBA,TBA,TBA,"Stoll,Jason A V"
MUS 350B,21311,TBA,TBA,TBA,TBA,"Kowalchyk,Gayle"
MUS 350B,21321,TBA,TBA,TBA,TBA,"Richman,Mark"
MUS 351B,11087,TBA,TBA,TBA,TBA,"Howard,Timothy P"
MUS 354A,10301,TBA,TBA,TBA,TBA,"Baker,Katherine R"
MUS 354A,10302,TBA,TBA,TBA,TBA,"Davis,Erica G"
MUS 354A,10303,TBA,TBA,TBA,TBA,"Ketchie-Saar,Diane"
MUS 354A,10305,TBA,TBA,TBA,TBA,Staff
MUS 354B,11088,TBA,TBA,TBA,TBA,"Ketchie-Saar,Diane"
MUS 354B,11089,TBA,TBA,TBA,TBA,"Davis,Erica G"
MUS 354B,11090,TBA,TBA,TBA,TBA,"Moreno,Anthony"
MUS 354B,11091,TBA,TBA,TBA,TBA,"Matsumoto,Shigemi Eve"
MUS 354B,11092,TBA,TBA,TBA,TBA,Staff
MUS 355A,10307,TBA,TBA,TBA,TBA,"Gamma,Lorenz A"
MUS 355B,11095,TBA,TBA,TBA,TBA,"Gamma,Lorenz A"
MUS 355B,11096,TBA,TBA,TBA,TBA,"Cani,Roberto"
MUS 356A,10308,TBA,TBA,TBA,TBA,Staff
MUS 356B,11097,TBA,TBA,TBA,TBA,"Gamma,Lorenz A"
MUS 356B,11970,TBA,TBA,TBA,TBA,"Berg,Robert"
MUS 357A,10309,TBA,TBA,TBA,TBA,"Gamma,Lorenz A"
MUS 357B,11098,TBA,TBA,TBA,TBA,"Roscetti,Diane H"
MUS 358A,10310,TBA,TBA,TBA,TBA,Staff
MUS 358B,11101,TBA,TBA,TBA,TBA,"Robaire,David Joshua"
MUS 358B,11348,TBA,TBA,TBA,TBA,"Herman,Jory"
MUS 359A,11270,TBA,TBA,TBA,TBA,"Fasola,Bryan K"
MUS 359A,10312,TBA,TBA,TBA,TBA,"Rosenn,Tristen James"
MUS 359B,11103,TBA,TBA,TBA,TBA,"Thachuk,Steven J"
MUS 359B,11104,TBA,TBA,TBA,TBA,"Dearman,John B"
MUS 359B,11105,TBA,TBA,TBA,TBA,"Rosenn,Tristen James"
MUS 359B,11106,TBA,TBA,TBA,TBA,"Pisano,John J"
MUS 361,10596,CY110,MoWe,02:00pm,02:50pm,"Schliff,Mary A"
MUS 361,10104,CY110,Mo,06:00pm,07:40pm,"Whitener,John L"
MUS 361L,10597,CY110,MoWe,03:00pm,03:50pm,"Schliff,Mary A"
MUS 361L,10106,CY110,Mo,08:00pm,09:40pm,"Whitener,John L"
MUS 362,11767,CY110,Th,06:00pm,07:40pm,"Surmani,Karen D"
MUS 362,20438,CY110,TuTh,02:00pm,02:50pm,"Surmani,Karen D"
MUS 362L,11768,CY110,Th,08:00pm,08:50pm,"Surmani,Karen D"
MUS 362L,20437,CY110,TuTh,02:50pm,03:15pm,"Surmani,Karen D"
MUS 363,10056,NH106,TuTh,09:00am,09:50am,"Baker,Katherine R"
MUS 363L,10057,NH106,TuTh,10:00am,10:50am,"Baker,Katherine R"
MUS 364,11851,CY159,Tu,10:00am,11:40am,"Pratt,Gary W"
MUS 364L,11852,CY159,Th,10:00am,11:40am,"Pratt,Gary W"
MUS 368,10058,NH107,We,07:00pm,09:45pm,"Rabe,Gigi L"
MUS 370,10059,CY159,MoWe,11:00am,12:15pm,"Baker,Katherine R"
MUS 372,10060,NH107,TuTh,01:00pm,03:40pm,"Smith,Paul A"
MUS 377,10062,NH107,MoWe,12:30pm,01:45pm,"Baker,Katherine R"
MUS 378,10063,NH106,Th,02:00pm,04:45pm,"Alviso,Ric"
MUS 379A,10064,CY159,MoWe,03:30pm,04:50pm,"Gonzales,Ryan"
MUS 379B,10065,CY159,TuTh,01:00pm,03:40pm,"Stoffel,Lawrence F"
MUS 381A,10066,CY159,TuTh,04:00pm,05:15pm,"Mull,Michael Joseph"
MUS 381B,10067,CY159,MoWe,05:00pm,07:40pm,"Whitfield,Scott"
MUS 382,10068,CY159,MoWe,12:30pm,03:10pm,"Stoffel,Lawrence F"
MUS 387,11367,CY159,Fr,11:00am,12:40pm,"Magnussen,John P"
MUS 388,10422,NH106,Th,06:00pm,08:45pm,"Grey,Benoit"
MUS 388,11301,CY159,Th,06:00pm,08:45pm,"Buonamassa,John N"
MUS 389,10408,CY120,We,08:00pm,10:45pm,"Harris,Matthew L"
MUS 389,10638,CY120,Mo,08:00pm,10:45pm,"Mancini,Nicholas J"
MUS 390MI,10599,CY108,Th,03:30pm,05:10pm,"Borczon,Ronald M"
MUS 391,10069,CY238,TuTh,01:00pm,01:50pm,"Cross,Mark C"
MUS 391L,10070,CY238,TuTh,02:00pm,02:50pm,"Cross,Mark C"
MUS 393A,11578,CY105,TuTh,09:30am,10:45am,"Izzo,Jeffrey S"
MUS 397L,11386,CY238,MoWe,05:00pm,05:50pm,"Calvert,Philip A"
MUS 397R,11387,CY238,MoWe,06:00pm,06:50pm,"Calvert,Philip A"
MUS 405,11986,CY217,TuTh,09:30am,10:45am,"Stoffel,Lawrence F"
MUS 409,11779,CY103,Fr,11:00am,12:40pm,"Aks,David"
MUS 419,10587,TBA,TBA,TBA,TBA,Staff
MUS 421,10079,CY103,MoWe,01:00pm,01:50pm,"Marinescu,Liviu"
MUS 422A,11453,TBA,TBA,TBA,TBA,"Rusich,Clinton"
MUS 422A,11454,TBA,TBA,TBA,TBA,"Kotcheff,Thomas"
MUS 422A,11455,TBA,TBA,TBA,TBA,"Marinescu,Liviu"
MUS 422A,11515,TBA,TBA,TBA,TBA,"Cross,Mark C"
MUS 422A,12032,TBA,TBA,TBA,TBA,"Sellers,Elizabeth A"
MUS 427,10078,TBA,TBA,TBA,TBA,Staff
MUS 437,11299,CY159,Fr,02:00pm,02:50pm,"Magnussen,John P"
MUS 437L,11300,CY159,Fr,03:00pm,03:50pm,"Magnussen,John P"
MUS 440B,11107,TBA,TBA,TBA,TBA,"Iles,Sandra K"
MUS 440B,11108,TBA,TBA,TBA,TBA,Staff
MUS 441A,10318,TBA,TBA,TBA,TBA,"Gilad,Kimaree T"
MUS 441B,11109,TBA,TBA,TBA,TBA,"Gilad,Kimaree T"
MUS 443A,10320,TBA,TBA,TBA,TBA,Staff
MUS 443A,11350,TBA,TBA,TBA,TBA,"Badgley,Candis E"
MUS 443B,11111,TBA,TBA,TBA,TBA,"Heinen,Julia M"
MUS 444A,10321,TBA,TBA,TBA,TBA,"Sorrell,Benjamin D"
MUS 444A,10322,TBA,TBA,TBA,TBA,Staff
MUS 444B,11112,TBA,TBA,TBA,TBA,"Golan,Shai S"
MUS 444B,11113,TBA,TBA,TBA,TBA,Staff
MUS 445A,10564,TBA,TBA,TBA,TBA,"Hofmann,Richard Glenn"
MUS 445B,11116,TBA,TBA,TBA,TBA,"Lewis,Jon L"
MUS 445B,11117,TBA,TBA,TBA,TBA,"Shear,Howard L"
MUS 446B,11120,TBA,TBA,TBA,TBA,"Bosler,Anna"
MUS 447B,11122,TBA,TBA,TBA,TBA,"Radke,Paul"
MUS 447B,11123,TBA,TBA,TBA,TBA,"Whitfield,Scott"
MUS 447B,11124,TBA,TBA,TBA,TBA,"Meshulam,Ido"
MUS 448A,10326,TBA,TBA,TBA,TBA,"Cooper,Philip Blake"
MUS 448B,11125,TBA,TBA,TBA,TBA,"Cooper,Philip Blake"
MUS 449A,10327,TBA,TBA,TBA,TBA,"Magnussen,John P"
MUS 449A,10328,TBA,TBA,TBA,TBA,"Smith,Aaron Todd"
MUS 449B,11126,TBA,TBA,TBA,TBA,"Magnussen,John P"
MUS 449B,11127,TBA,TBA,TBA,TBA,"Smith,Aaron Todd"
MUS 449B,11128,TBA,TBA,TBA,TBA,"Coye,Gene M"
MUS 449B,11129,TBA,TBA,TBA,TBA,"Harnell,Jason"
MUS 449B,11202,TBA,TBA,TBA,TBA,"Mancini,Nicholas J"
MUS 450A,10330,TBA,TBA,TBA,TBA,"Stoll,Jason A V"
MUS 450A,10331,TBA,TBA,TBA,TBA,"Tadmor,Tali"
MUS 450A,10332,TBA,TBA,TBA,TBA,"Fukushima,Gary A"
MUS 450A,10625,TBA,TBA,TBA,TBA,"Edelstein,David G"
MUS 450B,11130,TBA,TBA,TBA,TBA,"Stoll,Jason A V"
MUS 450B,11131,TBA,TBA,TBA,TBA,"Fukushima,Gary A"
MUS 450B,11132,TBA,TBA,TBA,TBA,"Rachmanov,Dmitry"
MUS 450B,11133,TBA,TBA,TBA,TBA,"Richman,Mark"
MUS 450B,11134,TBA,TBA,TBA,TBA,"Harris,Matthew L"
MUS 451B,11136,TBA,TBA,TBA,TBA,"Howard,Timothy P"
MUS 454A,10339,TBA,TBA,TBA,TBA,"Ketchie-Saar,Diane"
MUS 454A,10340,TBA,TBA,TBA,TBA,"Davis,Erica G"
MUS 454A,10341,TBA,TBA,TBA,TBA,"Baker,Katherine R"
MUS 454A,10342,TBA,TBA,TBA,TBA,Staff
MUS 454A,10343,TBA,TBA,TBA,TBA,Staff
MUS 454B,11137,TBA,TBA,TBA,TBA,"Ketchie-Saar,Diane"
MUS 454B,11138,TBA,TBA,TBA,TBA,"Davis,Erica G"
MUS 454B,11139,TBA,TBA,TBA,TBA,"Moreno,Anthony"
MUS 454B,11140,TBA,TBA,TBA,TBA,"Matsumoto,Shigemi Eve"
MUS 454B,11141,TBA,TBA,TBA,TBA,Staff
MUS 455A,10345,TBA,TBA,TBA,TBA,Staff
MUS 455B,11143,TBA,TBA,TBA,TBA,"Gamma,Lorenz A"
MUS 455B,11144,TBA,TBA,TBA,TBA,Staff
MUS 456A,10346,TBA,TBA,TBA,TBA,Staff
MUS 456B,11145,TBA,TBA,TBA,TBA,"Gamma,Lorenz A"
MUS 457A,10347,TBA,TBA,TBA,TBA,"Roscetti,Diane H"
MUS 457B,11146,TBA,TBA,TBA,TBA,"Roscetti,Diane H"
MUS 458A,10348,TBA,TBA,TBA,TBA,"Herman,Jory"
MUS 458B,11149,TBA,TBA,TBA,TBA,"Herman,Jory"
MUS 458B,11150,TBA,TBA,TBA,TBA,Staff
MUS 458B,11151,TBA,TBA,TBA,TBA,"Robaire,David Joshua"
MUS 459A,10335,TBA,TBA,TBA,TBA,"Fasola,Bryan K"
MUS 459A,10336,TBA,TBA,TBA,TBA,"Rosenn,Tristen James"
MUS 459B,11152,TBA,TBA,TBA,TBA,"Thachuk,Steven J"
MUS 459B,11153,TBA,TBA,TBA,TBA,"Fasola,Bryan K"
MUS 459B,11154,TBA,TBA,TBA,TBA,"Dearman,John B"
MUS 459B,11155,TBA,TBA,TBA,TBA,"Rosenn,Tristen James"
MUS 461A,11390,CY239,MoWe,12:30pm,12:55pm,"Kowalchyk,Gayle"
MUS 461AL,11391,CY239,MoWe,12:55pm,01:50pm,"Kowalchyk,Gayle"
MUS 462,11392,CY217,Th,01:00pm,01:50pm,"Fasola,Bryan K"
MUS 462L,11393,CY217,Th,02:00pm,02:50pm,"Fasola,Bryan K"
MUS 465,11394,CY105,Fr,02:00pm,03:40pm,"Bosler,Anna"
MUS 468,12025,CY265,Fr,10:00am,10:50am,"Davis,Erica G"
MUS 468L,12026,CY265,Fr,11:00am,12:40pm,"Davis,Erica G"
MUS 476,10072,CY239,Tu,03:00pm,05:00pm,"Ketchie-Saar,Diane"
MUS 477,10073,CY108,TuTh,08:30am,09:20am,"Dolas,Helen G"
MUS 483ME,11584,CY113,MoWe,12:30pm,12:55pm,"Roscetti,Diane H"
MUS 483ME,11586,CY113,TuTh,05:00pm,05:25pm,"Roscetti,Diane H"
MUS 483MEL,11585,CY113,MoWe,01:00pm,02:15pm,"Roscetti,Diane H"
MUS 483MEL,11587,CY113,TuTh,05:30pm,06:45pm,"Roscetti,Diane H"
MUS 485,10768,CY108,Mo,01:00pm,02:40pm,"Fasola,Bryan K"
MUS 487,10111,TBA,TBA,TBA,TBA,"Gamma,Lorenz A"
MUS 487,10113,TBA,TBA,TBA,TBA,"Roscetti,Diane H"
MUS 487,10657,TBA,TBA,TBA,TBA,"Dearman,John B"
MUS 487,11214,TBA,TBA,TBA,TBA,"Badgley,Candis E"
MUS 487,11215,TBA,TBA,TBA,TBA,"Bosler,Anna"
MUS 487,11277,TBA,TBA,TBA,TBA,"Sorrell,Benjamin D"
MUS 487,11321,TBA,TBA,TBA,TBA,"Tsu,Ming"
MUS 487,11322,TBA,TBA,TBA,TBA,"Tsu,Ming"
MUS 487,11323,TBA,TBA,TBA,TBA,"Dearman,John B"
MUS 488A,10613,NH107,TuTh,04:30pm,05:45pm,"Godin,Maurice E"
MUS 488B,10746,NH107,TuTh,04:30pm,05:45pm,"Godin,Maurice E"
MUS 491,11395,CY108,TuTh,09:30am,10:45am,"Dolas,Helen G"
MUS 493C,11583,CY113,Fr,09:30am,12:15pm,"Izzo,Jeffrey S"
MUS 494A,10828,TBA,TBA,TBA,TBA,"Sellers,Elizabeth A"
MUS 494A,10829,TBA,TBA,TBA,TBA,"Izzo,Jeffrey S"
MUS 494A,10830,CY108,Th,01:00pm,03:00pm,"Borczon,Ronald M"
MUS 494B,10831,TBA,TBA,TBA,TBA,"Sellers,Elizabeth A"
MUS 494B,10832,TBA,TBA,TBA,TBA,"Izzo,Jeffrey S"
MUS 494B,10833,TBA,TBA,TBA,TBA,"Borczon,Ronald M"
MUS 494C,10834,TBA,TBA,TBA,TBA,"Sellers,Elizabeth A"
MUS 494C,10835,TBA,TBA,TBA,TBA,"Izzo,Jeffrey S"
MUS 494C,10836,CY108,Mo,06:00pm,08:00pm,"Borczon,Ronald M"
MUS 495,10074,TBA,TBA,TBA,TBA,"Alviso,Ric"
MUS 495,10440,TBA,TBA,TBA,TBA,"Gamma,Lorenz A"
MUS 495,10441,TBA,TBA,TBA,TBA,"Ketchie-Saar,Diane"
MUS 495,10442,TBA,TBA,TBA,TBA,"Sellers,Elizabeth A"
MUS 495,10443,TBA,TBA,TBA,TBA,"Davis,Erica G"
MUS 495,10444,TBA,TBA,TBA,TBA,"Roscigno,John A"
MUS 495,10445,TBA,TBA,TBA,TBA,"Rachmanov,Dmitry"
MUS 495,10430,TBA,TBA,TBA,TBA,"Moreno,Anthony"
MUS 495,10431,TBA,TBA,TBA,TBA,"Sorrell,Benjamin D"
MUS 495,10432,TBA,TBA,TBA,TBA,"Marinescu,Liviu"
MUS 495,10433,TBA,TBA,TBA,TBA,"Cooper,Philip Blake"
MUS 495,10434,TBA,TBA,TBA,TBA,"Golan,Shai S"
MUS 495,10435,TBA,TBA,TBA,TBA,"Rosenn,Tristen James"
MUS 495,10436,TBA,TBA,TBA,TBA,"Hofmann,Richard Glenn"
MUS 495,10437,TBA,TBA,TBA,TBA,"Fukushima,Gary A"
MUS 495,10438,TBA,TBA,TBA,TBA,"Rosenn,Tristen James"
MUS 500,10673,CY266,Fr,09:30am,12:15pm,"Howard,Timothy P"
MUS 501,10674,CY105,MoWe,03:30pm,04:45pm,"Pisaro,Kathryn G"
MUS 565,10081,NH107,Th,10:00am,11:40am,"Golka,Tomasz"
MUS 588B,10363,NH107,TuTh,04:30pm,05:45pm,"Godin,Maurice E"
MUS 601,10082,CY103,Tu,04:00pm,06:45pm,"Davis,Eric"
MUS 601,11663,CY103,We,04:00pm,06:45pm,"Gordillo,Bernard"
MUS 603D,11396,CY103,Mo,04:00pm,06:45pm,"Davis,Eric"
MUS 604,10684,CY103,MoWe,11:00am,12:15pm,"Marinescu,Liviu"
MUS 605,11397,CY103,MoWe,09:30am,10:45am,"Marinescu,Liviu"
MUS 630,10080,CY103,MoWe,01:00pm,01:50pm,"Marinescu,Liviu"
MUS 639A,11456,TBA,TBA,TBA,TBA,"Marinescu,Liviu"
MUS 639A,11513,TBA,TBA,TBA,TBA,"Kotcheff,Thomas"
MUS 640B,10568,TBA,TBA,TBA,TBA,"Iles,Sandra K"
MUS 641B,10853,TBA,TBA,TBA,TBA,"Gilad,Kimaree T"
MUS 643B,10463,TBA,TBA,TBA,TBA,"Badgley,Candis E"
MUS 643B,21183,TBA,TBA,TBA,TBA,"Heinen,Julia M"
MUS 645B,10569,TBA,TBA,TBA,TBA,"Lewis,Jon L"
MUS 647B,21347,TBA,TBA,TBA,TBA,"Radke,Paul"
MUS 649B,10465,TBA,TBA,TBA,TBA,"Smith,Aaron Todd"
MUS 650A,10538,TBA,TBA,TBA,TBA,"Tadmor,Tali"
MUS 650A,10675,TBA,TBA,TBA,TBA,"Rachmanov,Dmitry"
MUS 650A,11411,TBA,TBA,TBA,TBA,"Richman,Mark"
MUS 650B,10394,TBA,TBA,TBA,TBA,"Richman,Mark"
MUS 650B,10676,TBA,TBA,TBA,TBA,"Rachmanov,Dmitry"
MUS 650B,11156,TBA,TBA,TBA,TBA,"Stoll,Jason A V"
MUS 650B,11669,TBA,TBA,TBA,TBA,"Tadmor,Tali"
MUS 650B,11965,TBA,TBA,TBA,TBA,"Tsu,Ming"
MUS 654B,10391,TBA,TBA,TBA,TBA,"Ketchie-Saar,Diane"
MUS 654B,10392,TBA,TBA,TBA,TBA,"Davis,Erica G"
MUS 654B,10393,TBA,TBA,TBA,TBA,"Moreno,Anthony"
MUS 654B,10525,TBA,TBA,TBA,TBA,"Matsumoto,Shigemi Eve"
MUS 654B,10547,TBA,TBA,TBA,TBA,Staff
MUS 655B,10410,TBA,TBA,TBA,TBA,"Gamma,Lorenz A"
MUS 655B,11157,TBA,TBA,TBA,TBA,"Cani,Roberto"
MUS 656B,11787,TBA,TBA,TBA,TBA,"Gamma,Lorenz A"
MUS 657A,12081,TBA,TBA,TBA,TBA,"Roscetti,Diane H"
MUS 657B,10411,TBA,TBA,TBA,TBA,"Roscetti,Diane H"
MUS 658B,10466,TBA,TBA,TBA,TBA,Staff
MUS 659B,10414,TBA,TBA,TBA,TBA,"Dearman,John B"
MUS 659B,10703,TBA,TBA,TBA,TBA,"Thachuk,Steven J"
MUS 659B,11312,TBA,TBA,TBA,TBA,Staff
MUS 660A,10395,TBA,TBA,TBA,TBA,"Stoffel,Lawrence F"
MUS 660B,10396,TBA,TBA,TBA,TBA,"Stoffel,Lawrence F"
MUS 660B,10397,TBA,TBA,TBA,TBA,"Roscigno,John A"
MUS 676,11457,CY239,Mo,10:00am,11:45am,"Tadmor,Tali"
MUS 679,11259,TBA,TBA,TBA,TBA,"Stoffel,Lawrence F"
MUS 682,11232,TBA,TBA,TBA,TBA,"Stoffel,Lawrence F"
MUS 687,11644,TBA,TBA,TBA,TBA,"Gamma,Lorenz A"
MUS 687,11664,TBA,TBA,TBA,TBA,"Roscetti,Diane H"
MUS 687,11665,TBA,TBA,TBA,TBA,"Dearman,John B"
MUS 687,11676,TBA,TBA,TBA,TBA,"Badgley,Candis E"
MUS 687,21322,TBA,TBA,TBA,TBA,"Tsu,Ming"
MUS 687,21323,TBA,TBA,TBA,TBA,"Tsu,Ming"
MUS 687,21340,TBA,TBA,TBA,TBA,"Dearman,John B"
MUS 687,12092,TBA,TBA,TBA,TBA,"Bosler,Anna"
MUS 696A,10606,TBA,TBA,TBA,TBA,"Stoffel,Lawrence F"
MUS 696B,10464,TBA,TBA,TBA,TBA,"Stoffel,Lawrence F"
MUS 698,10083,TBA,TBA,TBA,TBA,"Gamma,Lorenz A"
MUS 698,10446,TBA,TBA,TBA,TBA,"Ketchie-Saar,Diane"
MUS 698,10447,TBA,TBA,TBA,TBA,"Moreno,Anthony"
MUS 698,10448,TBA,TBA,TBA,TBA,"Rachmanov,Dmitry"
MUS 698,10449,TBA,TBA,TBA,TBA,"Roscigno,John A"
MUS 698,10450,TBA,TBA,TBA,TBA,"Matsumoto,Shigemi Eve"
MUS 698,10451,TBA,TBA,TBA,TBA,"Thachuk,Steven J"
MUS 698,10486,TBA,TBA,TBA,TBA,"McCaffrey,Arthur J"
MUS 698,10487,TBA,TBA,TBA,TBA,"Roscetti,Diane H"
MUS 698,10488,TBA,TBA,TBA,TBA,"Marinescu,Liviu"
MUS 698,10682,TBA,TBA,TBA,TBA,"Pisaro,Kathryn G"
