POLS 155,12119,LA181,Fr,11:00am,01:45pm,"Saroukhanian,Talin"
POLS 155,12120,OV025,Mo,04:00pm,06:45pm,"Becker,Lawrence A"
POLS 155,12121,LA181,MoWe,09:30am,10:45am,"Hogen-Esch,Tom J"
POLS 155,12279,SH270,Sa,08:00am,10:45am,"Buckley,Alan D"
POLS 155,12302,MZ130,TuTh,12:30pm,01:45pm,"Alvarez,Linda"
POLS 155,12634,LA181,TuTh,08:00am,09:15am,"Garcia-Acevedo,Maria R"
POLS 155,12635,NH113,TuTh,02:00pm,03:15pm,"Hartman,Thomas R"
POLS 155,12986,CR5122,We,07:00pm,09:45pm,"Hughes,Tyler J"
POLS 155HON,12921,SH266,MoWe,11:00am,12:15pm,"Ricks,Boris E"
POLS 156,12311,ONLINE,TBA,TBA,TBA,"Hirata,Keiko"
POLS 197,12851,SH120,MoWe,02:00pm,03:15pm,"Ricks,Boris E"
POLS 225,13032,SH266,Fr,08:00am,10:45am,"Guevara,Gloria Y"
POLS 310,12122,SH309,TuTh,12:30pm,01:45pm,"Mitchell,James A"
POLS 321,12708,SH270,Fr,08:00am,10:45am,"Saroukhanian,Talin"
POLS 332,12963,SH342,TuTh,08:00am,09:15am,"Alvarez,Linda"
POLS 347,12709,SH270,MoWe,02:00pm,03:15pm,"Renetzky,Craig Allen"
POLS 350,12616,MZ130,MoWe,08:00am,09:15am,"Dungey,Nicholas W"
POLS 350,12922,SH309,TuTh,11:00am,12:15pm,"Motameni,Ahmad R"
POLS 355,12124,SH386,Fr,11:00am,01:45pm,"Nabulsi,Kassem"
POLS 355,12637,SH120,MoWe,08:00am,09:15am,"Buckley,Alan D"
POLS 355,12636,ONLINE,TBA,TBA,TBA,"Guevara,Gloria Y"
POLS 355,12710,SH270,Th,07:00pm,09:45pm,"Buckley,Alan D"
POLS 355,13177,SH309,TuTh,09:30am,10:45am,"Mitchell,James A"
POLS 360,12330,SH270,Fr,11:00am,01:45pm,"Kappas,Peter D"
POLS 361,13033,SH270,MoWe,09:30am,10:45am,"Saroukhanian,Talin"
POLS 372,12125,SH303,MoWe,08:00am,09:15am,"Macias,Alexandra"
POLS 372,12126,SH303,MoWe,02:00pm,03:15pm,"Macias,Alexandra"
POLS 372,12127,SH303,Th,07:00pm,09:45pm,"Guevara,Gloria Y"
POLS 372,12711,SH303,Sa,11:00am,01:45pm,"Guevara,Gloria Y"
POLS 380,13034,SH270,TuTh,11:00am,12:15pm,"Rowlands,Lauren"
POLS 405,12853,SH270,MoWe,03:30pm,04:45pm,"Hughes,Tyler J"
POLS 411,12578,SH270,MoWe,12:30pm,01:45pm,"Dungey,Nicholas W"
POLS 413,20587,SH266,TuTh,09:30am,10:45am,"Motameni,Ahmad R"
POLS 420D,12618,SH270,Mo,07:00pm,09:45pm,"Nabulsi,Kassem"
POLS 420H,13185,SH270,TuTh,12:30pm,01:45pm,"Hirata,Keiko"
POLS 427A,12134,SH303,Fr,08:00am,08:50am,"De Maio,Jennifer"
POLS 427AL,12138,SH303,Fr,09:00am,12:50pm,"De Maio,Jennifer"
POLS 428,12935,SH270,TuTh,08:00am,09:15am,"Mitchell,James A"
POLS 436A,12577,SH266,MoWe,09:30am,10:45am,"Macias,Alexandra"
POLS 441A,12978,SH266,TuTh,11:00am,12:15pm,"Morin,Jason L"
POLS 443,12714,SH270,MoWe,11:00am,12:15pm,"Groper,Richard P"
POLS 444,13306,SH270,Tu,07:00pm,09:45pm,"Guevara,Gloria Y"
POLS 445,13039,SH270,TuTh,03:30pm,04:45pm,"Wilson,Victoria"
POLS 446,13071,SH266,MoWe,02:00pm,03:15pm,"Motameni,Ahmad R"
POLS 447A,12856,SH266,MoWe,12:30pm,01:45pm,"Macias,Alexandra"
POLS 448,12228,SH270,TuTh,09:30am,10:45am,"Rowlands,Lauren"
POLS 450,12503,SH270,Sa,11:00am,01:45pm,"Feldman,Adam Sean"
POLS 455,12576,SH270,Fr,02:00pm,04:45pm,"Renetzky,Craig Allen"
POLS 455,13040,SH270,We,07:00pm,09:45pm,"Renetzky,Craig Allen"
POLS 457A,12140,SH266,TuTh,12:30pm,01:45pm,"Bradberry,Leigh A"
POLS 461,13041,SH270,MoWe,08:00am,09:15am,"Kappas,Peter D"
POLS 467,20591,SH270,TuTh,02:00pm,03:15pm,"Craigg,Elizabeth A"
POLS 471A,12504,SH290,TuTh,02:00pm,03:15pm,"Morin,Jason L"
POLS 471B,12265,SH290,TuTh,11:00am,12:15pm,"Garcia-Acevedo,Maria R"
POLS 471C,12141,SH290,We,03:30pm,06:15pm,"De Maio,Jennifer"
POLS 471D,12961,SH290,MoWe,09:30am,10:45am,"Dungey,Nicholas W"
POLS 471E,12245,SH290,Th,07:00pm,09:45pm,"Kappas,Peter D"
POLS 471F,12505,SH290,MoWe,11:00am,12:15pm,"Feldman,Adam Sean"
POLS 471F,20593,SH290,Tu,07:00pm,09:45pm,"Bradberry,Leigh A"
POLS 490CA,12859,TBA,TBA,TBA,TBA,"Hogen-Esch,Tom J"
POLS 494I,13068,SH104,Fr,11:00am,01:45pm,"Hogen-Esch,Tom J"
POLS 494IA,13092,TBA,TBA,TBA,TBA,"Hogen-Esch,Tom J"
POLS 494J,13047,TBA,TBA,TBA,TBA,"Bradberry,Leigh A"
POLS 494JA,13093,TBA,TBA,TBA,TBA,"Bradberry,Leigh A"
POLS 522D,13043,SH290,We,07:00pm,09:45pm,"De Maio,Jennifer"
POLS 540F,13215,SH104,Tu,07:00pm,09:45pm,"Kappas,Peter D"
POLS 570,12943,SH307,Th,07:00pm,09:45pm,"Leitch,David G"
POLS 597,12944,TBA,TBA,TBA,TBA,"Hirata,Keiko"
POLS 698D,13201,TBA,TBA,TBA,TBA,"Hirata,Keiko"
