PSY 150,12099,SH280,MoWe,09:30am,10:45am,"Huynh,Que-Lam"
PSY 150,12181,NH113,MoWe,12:30pm,01:45pm,"Huynh,Que-Lam"
PSY 150,12506,NH113,TuTh,11:00am,12:15pm,"Arentoft,Alyssa"
PSY 150,12540,SH365,TuTh,08:00am,09:15am,"Shiffrar,Maggie M"
PSY 150,12543,LA181,MoWe,11:00am,12:15pm,"Drew,Stefanie A"
PSY 150,12547,SH365,Fr,08:00am,10:45am,"Wilson,Essence L"
PSY 150,12548,SH365,TuTh,05:00pm,06:15pm,"Silva Benitez,Hector Emmanuel"
PSY 150,12549,SH365,Tu,06:30pm,09:15pm,"Serpa,Alyssa Michelle"
PSY 150,12590,SH365,MoWe,05:00pm,06:15pm,"Churchill,Aaliyah"
PSY 150,12600,SH365,TuTh,02:00pm,03:15pm,"Morain,Katherine"
PSY 150,12601,LA181,MoWe,11:00am,12:15pm,"Drew,Stefanie A"
PSY 150,12688,JR315,MoWe,09:30am,10:45am,"Appell,Jeffrey L"
PSY 250,12105,CR5122,MoWe,08:00am,09:15am,"Kang,Sun-Mee"
PSY 250,12290,SH280,TuTh,12:30pm,01:45pm,"Blum,Nancy A"
PSY 301,12341,ONLINE,TBA,TBA,TBA,"Malmberg,Debra Berry"
PSY 310,12225,SH380,MoWe,09:30am,10:45am,"Mitrushina,Maura N"
PSY 310,12544,SH342,MoWe,12:30pm,01:45pm,"Katz,Gary S"
PSY 310,12672,SH120,We,06:00pm,08:45pm,"Hamer,Marc R"
PSY 310,12894,CR5122,MoWe,09:30am,10:45am,"Sergi,Mark J"
PSY 310,12941,MZ130,TuTh,08:00am,09:15am,"Brogdon,Gidget"
PSY 312,12116,JA100,Fr,11:00am,01:45pm,"Abara,Jose P"
PSY 312,12812,SH309,TuTh,05:00pm,06:15pm,"Appell,Jeffrey L"
PSY 313,12117,SH386,Mo,02:00pm,03:15pm,"Rashtian,Andrea M"
PSY 313,12566,SH286,MoWe,03:30pm,04:45pm,"Saetermoe,Carrie L"
PSY 313,12580,JA100,Mo,03:30pm,06:15pm,"Blum,Nancy A"
PSY 313,12802,EH2132,TuTh,08:00am,09:15am,"Tonyan,Holli A"
PSY 320,12156,SH380,MoWe,11:00am,12:15pm,"Quilici,Jill L"
PSY 320,12155,ONLINE,TBA,11:00am,12:15pm,"Hess,Michael A"
PSY 320,12157,SH365,MoWe,09:30am,10:45am,"Kang,Sun-Mee"
PSY 320,12297,SH386,MoWe,12:30pm,01:45pm,"Gardner,Michael A"
PSY 320,12374,SH120,TuTh,06:00pm,07:15pm,"Gardner,Michael A"
PSY 320,12188,SH365,TuTh,12:30pm,01:45pm,"Berzenski,Sara R"
PSY 320,12410,SH380,MoWe,02:00pm,03:15pm,"Katz,Gary S"
PSY 320,12420,SH309,MoWe,08:00am,09:15am,"Hess,Michael A"
PSY 320,12421,ONLINE,TBA,TBA,TBA,"Otten,Mark P"
PSY 320L,12163,SH341,MoWe,12:30pm,01:20pm,"Quilici,Jill L"
PSY 320L,12164,SH341,MoWe,01:30pm,02:20pm,"Quilici,Jill L"
PSY 320L,12159,SH341,TuTh,12:30pm,01:20pm,"Doty,Taylor A"
PSY 320L,12338,SH341,TuTh,01:30pm,02:20pm,"Doty,Taylor A"
PSY 320L,12160,SH374,Mo,11:00am,11:50am,"Kang,Sun-Mee"
PSY 320L,12161,SH374,We,11:00am,11:50am,"Kang,Sun-Mee"
PSY 320L,12294,SH389,MoWe,02:00pm,02:50pm,"Gardner,Michael A"
PSY 320L,12295,SH389,MoWe,03:00pm,03:50pm,"Gardner,Michael A"
PSY 320L,12389,SH389,MoWe,04:00pm,04:50pm,"Gardner,Michael A"
PSY 320L,12375,SH374,Tu,07:30pm,09:10pm,"Gardner,Michael A"
PSY 320L,12376,SH374,Th,07:30pm,09:10pm,"Gardner,Michael A"
PSY 320L,12393,SH374,TuTh,05:00pm,05:50pm,"Gardner,Michael A"
PSY 320L,12165,SH374,TuTh,02:00pm,02:50pm,"Berzenski,Sara R"
PSY 320L,12166,SH374,TuTh,03:00pm,03:50pm,"Berzenski,Sara R"
PSY 320L,12411,SH341,MoWe,03:30pm,04:20pm,"Katz,Gary S"
PSY 320L,12412,SH341,MoWe,04:30pm,05:20pm,"Katz,Gary S"
PSY 320L,12424,SH389,MoWe,09:30am,10:20am,"Hess,Michael A"
PSY 320L,12425,SH389,MoWe,10:30am,11:20am,"Hess,Michael A"
PSY 320L,12426,SH389,MoWe,11:30am,12:20pm,"Hess,Michael A"
PSY 320L,12430,SH341,Tu,02:30pm,04:10pm,"Otten,Mark P"
PSY 321,12168,SH365,MoWe,11:00am,12:15pm,"Kantner,Justin D"
PSY 321,12169,SH309,TuTh,08:00am,09:15am,"Ruvalcaba,Omar"
PSY 321,12170,SH380,MoWe,08:00am,09:15am,"Plunkett,Scott W"
PSY 321,12171,SH380,TuTh,02:00pm,03:15pm,"Fenn,Elise A"
PSY 321,12291,SH386,MoWe,06:30pm,07:45pm,"Abara,Jose P"
PSY 321,12414,SH380,Fr,08:00am,10:45am,"Sadeh,Michelle"
PSY 321H,12771,SH309,TuTh,08:00am,09:15am,"Ruvalcaba,Omar"
PSY 321L,12172,SH374,Mo,12:30pm,01:45pm,"Kantner,Justin D"
PSY 321L,12320,SH374,We,12:30pm,01:45pm,"Kantner,Justin D"
PSY 321L,12177,SH389,Tu,09:30am,10:45am,"Ruvalcaba,Omar"
PSY 321L,12229,SH389,Tu,11:00am,12:15pm,"Ruvalcaba,Omar"
PSY 321L,12235,SH389,Tu,12:30pm,01:45pm,"Ruvalcaba,Omar"
PSY 321L,12416,SH341,MoWe,09:30am,10:45am,"Plunkett,Scott W"
PSY 321L,12446,SH341,MoWe,11:00am,12:15pm,"Plunkett,Scott W"
PSY 321L,12451,SH389,Tu,03:30pm,04:45pm,"Fenn,Elise A"
PSY 321L,12452,SH389,Th,03:30pm,04:45pm,"Fenn,Elise A"
PSY 321L,12457,SH374,Mo,08:00pm,09:15pm,"Abara,Jose P"
PSY 321L,12458,SH374,We,08:00pm,09:15pm,"Abara,Jose P"
PSY 321L,12459,SH374,We,05:00pm,06:15pm,"Abara,Jose P"
PSY 321L,12463,SH341,Fr,11:00am,12:15pm,"Sadeh,Michelle"
PSY 321L,12464,SH341,Fr,12:30pm,01:45pm,"Sadeh,Michelle"
PSY 321LH,12768,SH389,Tu,09:30am,10:45am,"Ruvalcaba,Omar"
PSY 345,12145,EH2132,Mo,06:00pm,08:45pm,"Mahmud,Aida"
PSY 345,12555,NH113,TuTh,08:00am,09:15am,"Rutchick,Abe"
PSY 345,12556,ONLINE,TuTh,08:00am,09:15am,"Rutchick,Abe"
PSY 345,12965,SH309,MoWe,11:00am,12:15pm,"Hyde,Kristin A"
PSY 351,12355,SH386,MoWe,09:30am,10:45am,"Jin,Chunying"
PSY 351,12620,SH203,TuTh,05:30pm,06:45pm,"Adzhyan,Petros"
PSY 351,13230,MZ130,Fr,11:00am,01:45pm,"Jin,Chunying"
PSY 352,12243,EH2227,Th,06:00pm,08:45pm,"Hamer,Marc R"
PSY 352,12537,SH120,MoWe,12:30pm,01:45pm,"Hurwitz,Delinah Raya B"
PSY 352,12545,ONLINE,TBA,TBA,TBA,"Rashtian,Andrea M"
PSY 352,12799,SH386,Th,04:00pm,06:45pm,"Brogdon,Gidget"
PSY 356,12148,LA181,TuTh,02:00pm,03:15pm,"Kazemi,Ellie"
PSY 361,12966,MZ130,We,03:30pm,06:15pm,"Banerjee,Meeta"
PSY 361,13066,OV025,Th,04:00pm,06:45pm,"Mahmud,Aida"
PSY 365,12227,NH113,We,04:00pm,06:45pm,"Lagana,Luciana"
PSY 365,12546,SH280,Fr,08:00am,10:45am,"Stark,Harry J"
PSY 367,12647,LA181,TuTh,11:00am,12:15pm,"Shiffrar,Maggie M"
PSY 367,12716,SH386,Tu,06:00pm,08:45pm,"Stark,Harry J"
PSY 367,12735,OV025,MoWe,08:00am,09:15am,"Hyde,Kristin A"
PSY 369,12538,SH309,Fr,08:00am,10:45am,"Kramarova,Olga"
PSY 382,12359,ONLINE,TBA,TBA,TBA,"Kramarova,Olga"
PSY 406,12595,SH365,MoWe,12:30pm,01:45pm,"Rice,Brian J"
PSY 427,12153,SH380,TuTh,09:30am,10:45am,"Berzenski,Sara R"
PSY 453,12565,SH342,Fr,09:30am,10:45am,"Hurwitz,Delinah Raya B"
PSY 455,12337,SH309,Tu,06:30pm,09:15pm,"Brogdon,Gidget"
PSY 457,20669,SH391,TuTh,09:30am,10:45am,"Malmberg,Debra Berry"
PSY 460,12575,SH386,MoWe,11:00am,12:15pm,"Rashtian,Andrea M"
PSY 471C,20663,SH391,We,06:30pm,09:15pm,"Gamarra,Jennifer M"
PSY 471C,20664,SH391,Th,05:00pm,07:45pm,"Stepanyan,Sofia Tigranuhi"
PSY 471CB,13081,SH342,MoWe,11:00am,12:15pm,"Sergi,Mark J"
PSY 471CBS,13082,SH371,MoWe,12:30pm,01:20pm,"Sergi,Mark J"
PSY 479PD,12804,SH391,Fr,11:00am,01:45pm,"Boeder,Jordan D"
PSY 479SE,12657,JA100,MoWe,11:00am,12:15pm,"Otten,Mark P"
PSY 485GT,13016,SH371,TuTh,12:30pm,01:45pm,"Tonyan,Holli A"
PSY 485GTS,13026,SH389,TuTh,02:00pm,02:50pm,"Tonyan,Holli A"
PSY 485US,12758,SH365,TuTh,09:30am,10:45am,"Ainsworth,Andrew T"
PSY 485USS,12759,SH365,Tu,11:00am,11:50am,"Ainsworth,Andrew T"
PSY 487H,20670,SH382,Fr,12:30pm,02:10pm,"Tonyan,Holli A"
PSY 492H,12733,SH391,Mo,05:00pm,06:40pm,"Plunkett,Scott W"
PSY 492H,12953,SH365,Mo,03:00pm,03:50pm,"Kirmiz,Nina"
PSY 499A,12182,TBA,TBA,TBA,TBA,"Fenn,Elise A"
PSY 499A,13387,TBA,TBA,TBA,TBA,"Razani,Jill"
PSY 499B,12189,TBA,TBA,TBA,TBA,"Fenn,Elise A"
PSY 499B,13388,TBA,TBA,TBA,TBA,"Razani,Jill"
PSY 499C,12190,TBA,TBA,TBA,TBA,"Razani,Jill"
PSY 499C,13389,TBA,TBA,TBA,TBA,"Razani,Jill, ..."
PSY 500,12668,SH322,Mo,12:00pm,12:50pm,"Berzenski,Sara R"
PSY 534,12597,SH374,MoWe,02:00pm,03:15pm,"Otten,Mark P"
PSY 534S,12598,SH374,MoWe,03:30pm,04:20pm,"Otten,Mark P"
PSY 540,12669,SH322,We,06:00pm,08:45pm,"Ma,Debbie S"
PSY 581,12581,ONLINE,TBA,TBA,TBA,"Hood,Stephanie A"
PSY 594HA,21161,TBA,TBA,TBA,TBA,"Chavira,Gabriela"
PSY 594HC,12354,TBA,TBA,TBA,TBA,"Brogdon,Gidget"
PSY 628,12180,SH389,MoWe,12:30pm,01:45pm,"Mitrushina,Maura N"
PSY 655BC,12403,SH322,Tu,12:00pm,02:45pm,"Razani,Jill"
PSY 655CC,12404,MH209,Mo,09:00am,11:45am,"Katz,Gary S"
PSY 696,21176,TBA,TBA,TBA,TBA,"Razani,Jill"
PSY 697C,12339,TBA,TBA,TBA,TBA,"Razani,Jill"
PSY 698C,12204,TBA,TBA,TBA,TBA,"Ainsworth,Andrew T, ..."
PSY 699A,12202,TBA,TBA,TBA,TBA,"Razani,Jill"
PSY 699B,12205,TBA,TBA,TBA,TBA,"Plunkett,Scott W"
PSY 699C,12206,TBA,TBA,TBA,TBA,"Razani,Jill"
