S ED 511,15500,ED2121B,Mo,04:00pm,06:45pm,"Chang,Tae H"
S ED 511,15656,ED3117,We,07:00pm,09:45pm,"Chang,Tae H"
S ED 511,21294,BB1202,We,07:00pm,09:45pm,"Hunsaker,Alison"
S ED 511,15520,ED2121A,Tu,07:00pm,09:45pm,"Cheng,Ivan"
S ED 511,21315,BH310,We,07:00pm,09:45pm,"Olivares,Carlos M"
S ED 514,15501,ED2101,Mo,07:00pm,09:45pm,"Chang,Tae H"
S ED 514,16077,ED2101,We,04:00pm,06:45pm,"McLemore,Christopher S"
S ED 514,16116,ED2101,Tu,07:00pm,09:45pm,"Chipps,Joseph E"
S ED 514,15666,ED2101,We,07:00pm,09:45pm,"Chipps,Joseph E"
S ED 516K,20429,TBA,TBA,TBA,TBA,Staff
S ED 521,15653,ED1126,Th,07:00pm,09:45pm,"Klemp,Ronald M"
S ED 521,15667,ED1126,Th,04:00pm,06:45pm,"Klemp,Ronald M"
S ED 521,15522,SH224,Mo,04:00pm,06:45pm,"Wolfe,Jenn"
S ED 525A,15702,AC335,We,04:00pm,06:45pm,"Venola,Penelope E"
S ED 525EN,15511,EU103,We,04:00pm,06:45pm,"Wolfe,Jenn"
S ED 525EN,21215,JR242,We,04:00pm,06:45pm,"Brown,Matthew D"
S ED 525HE,15514,ED1127,Th,07:00pm,09:45pm,"Davis,Catherine G"
S ED 525MA,15526,ED2117,We,04:00pm,05:40pm,"Cheng,Ivan"
S ED 525MAL,15527,ED2117,We,06:00pm,07:40pm,"Cheng,Ivan"
S ED 525MU,15515,CY110,We,04:00pm,06:45pm,"Schliff,Mary A"
S ED 525PE,15760,RE251,We,04:00pm,06:45pm,"Stillwell,Belinda E"
S ED 525S,15516,ED2103,Tu,04:00pm,05:40pm,"Herr,Norman E"
S ED 525SL,15654,ED2103,Tu,06:00pm,07:50pm,"Herr,Norman E"
S ED 525SS,15528,BB1204,We,04:00pm,06:45pm,"Kleinman,Tomer"
S ED 525WL,15513,BB1210,We,04:00pm,06:50pm,"Tabatabai,Fataneh"
S ED 529,15928,ED3117,Tu,04:00pm,06:45pm,"Garcia,Monica G."
S ED 529,15929,ED3117,Tu,07:00pm,09:45pm,"Garcia,Monica G."
S ED 529,15930,ONLINE,TBA,TBA,TBA,"Park,Clara C"
S ED 554,15703,TBA,TBA,TBA,TBA,"Moguel EdD,David Lopez, ..."
S ED 554S,15747,BB1206,Th,04:00pm,04:50pm,"Pasternack,Marian P"
S ED 554S,15748,CY108,We,07:00pm,07:50pm,"Mouradian,Linda A"
S ED 554S,15749,RE159,Th,04:00pm,04:50pm,"Stillwell,Belinda E, ..."
S ED 554S,15750,ED2103,Th,04:00pm,04:50pm,"Herr,Norman E"
S ED 554S,15751,ED2121B,Th,04:00pm,04:50pm,"Moguel EdD,David Lopez"
S ED 554S,15752,BB1210,Th,04:00pm,04:50pm,"Gainsburg,Julie"
S ED 554S,15753,ED1127,Th,04:00pm,04:50pm,"Warren,Grace A"
S ED 554S,21214,ED3117,Th,04:00pm,04:50pm,"Wolfe,Jenn"
S ED 555,15823,TBA,TBA,TBA,TBA,"Moguel EdD,David Lopez, ..."
S ED 555S,15932,ED1127,Th,05:00pm,06:45pm,"Warren,Grace A"
S ED 555S,15933,CY108,We,08:00pm,09:45pm,"Mouradian,Linda A, ..."
S ED 555S,15934,RE159,Th,05:00pm,06:45pm,"Stillwell,Belinda E"
S ED 555S,15936,ED2121B,Th,05:00pm,06:45pm,"Moguel EdD,David Lopez"
S ED 555S,15937,BB1210,Th,05:00pm,06:45pm,"Herr,Norman E, ..."
S ED 555S,15938,BB1206,Th,05:00pm,06:45pm,"Gainsburg,Julie"
S ED 593,15704,TBA,TBA,TBA,TBA,"Moguel EdD,David Lopez, ..."
S ED 599A,15939,TBA,TBA,TBA,TBA,"Gainsburg,Julie"
S ED 599B,15940,TBA,TBA,TBA,TBA,"Gainsburg,Julie"
S ED 599C,15941,TBA,TBA,TBA,TBA,"Gainsburg,Julie"
S ED 600,15671,ED2117,Tu,07:00pm,09:45pm,"Gaspard,Cathy R"
S ED 610CI,20426,ED1126,Tu,04:00pm,06:45pm,"Payne,Paul M"
S ED 610MA,20430,ED1126,Tu,07:00pm,09:45pm,"Payne,Paul M"
S ED 618,15669,ED2121B,We,04:00pm,06:45pm,"Chang,Tae H"
S ED 641,21145,ED1126,Mo,04:00pm,06:45pm,"Moguel EdD,David Lopez"
S ED 642,20433,ED2121B,We,07:00pm,09:45pm,"Herr,Norman E"
S ED 676,16211,ED2103,We,04:00pm,06:45pm,"Herr,Norman E"
S ED 690MA,20431,ED2117,Tu,04:00pm,06:45pm,"Gaspard,Cathy R"
S ED 690SC,20432,ED2103,We,07:00pm,09:45pm,"Foley,Brian J"
S ED 699A,15942,TBA,TBA,TBA,TBA,"Gainsburg,Julie"
S ED 699B,15943,TBA,TBA,TBA,TBA,"Gainsburg,Julie"
S ED 699C,15944,TBA,TBA,TBA,TBA,"Gainsburg,Julie"
