SWRK 501,12218,SH272,Fr,01:00pm,03:45pm,"Park,Hyun Sun"
SWRK 501,12222,SH302,Fr,01:00pm,03:45pm,"Schmidt,Ioana D"
SWRK 501,12252,SH106,Fr,01:00pm,03:45pm,"Sims,Robin"
SWRK 501,12258,SH371,Fr,01:00pm,03:45pm,"Beik,Fariba"
SWRK 501,12277,SH225,Th,06:00pm,08:45pm,"Park,Hyun Sun"
SWRK 501,12360,SH267,Th,06:00pm,08:45pm,"Bartlett,Michele"
SWRK 510,12219,SH276,Tu,02:00pm,04:45pm,"Decker,James T"
SWRK 510,12253,SH272,Tu,02:00pm,04:45pm,"Bartlett,Michele"
SWRK 510,12221,SH102,Tu,02:00pm,04:45pm,"DeBonis,Judith A"
SWRK 510,12278,SH391,Tu,02:00pm,04:45pm,"Brooks,Tiffani A"
SWRK 510,12274,SH225,Tu,07:00pm,09:45pm,"DeBonis,Judith A"
SWRK 510,12356,SH182,Tu,07:00pm,09:45pm,"Bartlett,Michele"
SWRK 510,21325,TBA,TBA,TBA,TBA,"Acuna,Maria A"
SWRK 520,12587,SH272,Tu,07:00pm,09:45pm,"Paez,Jose M"
SWRK 520,12588,SH266,Tu,07:00pm,09:45pm,"Ramos Jr,Jose A"
SWRK 521,12273,SH272,Tu,09:00am,11:45am,"Decker,James T"
SWRK 521,12275,SH102,Tu,09:00am,11:45am,"Deutsch,David"
SWRK 521,12276,SH382,Tu,09:00am,11:45am,"Cabral-Centeno,Marisela A"
SWRK 521,12361,SH302,Tu,09:00am,11:45am,"Morgan,Jared"
SWRK 522,12743,SH272,Tu,07:45am,08:50am,"Chase,Marjorie A"
SWRK 522,12744,SH302,Tu,07:45am,08:50am,"Novack,Caroline N"
SWRK 522,12745,SH310,Tu,07:45am,08:50am,"Pereira,Luis A"
SWRK 522,12746,SH382,Tu,07:45am,08:50am,"Lane,Patricia A"
SWRK 522,12747,SH192,Tu,07:45am,08:50am,"Curiel,Luis O"
SWRK 522,12748,SH272,Tu,06:00pm,06:50pm,"Frierson,Mercedes"
SWRK 522,12749,SH225,Tu,06:00pm,06:50pm,"Novack,Caroline N"
SWRK 522,12829,SH182,Tu,06:00pm,06:50pm,"Sims,Robin"
SWRK 522P,12780,TBA,TBA,TBA,TBA,"Chase,Marjorie A"
SWRK 522P,12781,TBA,TBA,TBA,TBA,"Novack,Caroline N"
SWRK 522P,12782,TBA,TBA,TBA,TBA,"Pereira,Luis A"
SWRK 522P,12783,TBA,TBA,TBA,TBA,"Lane,Patricia A"
SWRK 522P,12784,TBA,TBA,TBA,TBA,"Curiel,Luis O"
SWRK 522P,12785,TBA,TBA,TBA,TBA,"Frierson,Mercedes"
SWRK 522P,12786,TBA,TBA,TBA,TBA,"Novack,Caroline N"
SWRK 522P,12787,TBA,TBA,TBA,TBA,"Sims,Robin"
SWRK 523,20641,TBA,TBA,TBA,TBA,"Morgan,Jared"
SWRK 523P,20643,TBA,TBA,TBA,TBA,"Morgan,Jared"
SWRK 525,12220,SH302,Fr,09:00am,11:45am,"Paez,Jose M"
SWRK 525,12223,SH272,Fr,09:00am,11:45am,"Willner,Lauren N"
SWRK 525,12254,SH106,Fr,09:00am,11:45am,"McCarty-Caplan,David M"
SWRK 525,12357,SH371,Fr,09:00am,11:45am,"Abelson,Mark"
SWRK 535,13391,TBA,TBA,TBA,TBA,"Acuna,Maria A"
SWRK 601,12231,SH276,Th,02:00pm,04:45pm,"Decker,James T"
SWRK 601,12232,SH102,Th,02:00pm,04:45pm,"DeBonis,Judith A"
SWRK 601,12286,SH267,Th,02:00pm,04:45pm,"Ashley,Wendy J"
SWRK 601,12307,SH272,Th,02:00pm,04:45pm,"Lipscomb,Allen E"
SWRK 601,20620,TBA,TBA,TBA,TBA,"Acuna,Maria A"
SWRK 601,21327,TBA,TBA,TBA,TBA,"Hernandez,Silvia"
SWRK 621,12830,SH382,Tu,02:00pm,04:45pm,"McCarty-Caplan,David M"
SWRK 621,12831,SH104,Tu,02:00pm,04:45pm,"Ramos Jr,Jose A"
SWRK 621,12832,BB1206,Tu,02:00pm,04:45pm,"Abelson,Mark"
SWRK 621,12833,SH184,Tu,02:00pm,04:45pm,"Paez,Jose M"
SWRK 622,12750,SH272,Th,07:45am,08:50am,"Sherry,Steven E"
SWRK 622,12751,SH302,Th,07:45am,08:50am,"A'Hirataro,Iris"
SWRK 622,12752,SH310,Th,07:45am,08:50am,"Chase,Marjorie A"
SWRK 622,12753,SH371,Th,07:45am,08:50am,"Woo,Darlene"
SWRK 622,12754,SH382,Th,07:45am,08:50am,"Sims,Robin"
SWRK 622,12755,SH266,Tu,06:00pm,06:50pm,"Lane,Patricia A"
SWRK 622,12756,SH106,Tu,06:00pm,06:50pm,"Curiel,Luis O"
SWRK 622,12757,SH371,Tu,06:00pm,06:50pm,"Chase,Marjorie A"
SWRK 622P,12788,TBA,TBA,TBA,TBA,"Sherry,Steven E"
SWRK 622P,12789,TBA,TBA,TBA,TBA,"A'Hirataro,Iris"
SWRK 622P,12790,TBA,TBA,TBA,TBA,"Chase,Marjorie A"
SWRK 622P,12791,TBA,TBA,TBA,TBA,"Woo,Darlene"
SWRK 622P,12792,TBA,TBA,TBA,TBA,"Sims,Robin"
SWRK 622P,12793,TBA,TBA,TBA,TBA,"Lane,Patricia A"
SWRK 622P,12794,TBA,TBA,TBA,TBA,"Curiel,Luis O"
SWRK 622P,12795,TBA,TBA,TBA,TBA,"Chase,Marjorie A"
SWRK 630,12333,SH310,Tu,09:30am,12:15pm,"Paez,Jose M"
SWRK 630,12334,SH267,Tu,09:30am,12:15pm,"Swain,Jolene L"
SWRK 630,12335,SH225,Tu,09:30am,12:15pm,"Gould,Julie M"
SWRK 630,12589,SH182,Tu,09:30am,12:15pm,"Curiel,Luis O"
SWRK 630,13078,SH182,Th,06:00pm,08:45pm,"Hernandez,Silvia"
SWRK 630,13261,SH266,Th,06:00pm,08:45pm,"Lipscomb,Allen E"
SWRK 635,12233,SH310,Th,09:00am,11:45am,"Decker,James T"
SWRK 635,12234,SH302,Th,09:00am,11:45am,"McCarty-Caplan,David M"
SWRK 635,12287,SH102,Th,09:00am,11:45am,"Willner,Lauren N"
SWRK 635,12306,SH272,Th,09:00am,11:45am,"Park,Hyun Sun"
SWRK 635,12336,SH106,Th,06:00pm,08:45pm,"DeBonis,Judith A"
SWRK 635,12536,SH160,Th,06:00pm,08:45pm,"Kranke,Derrick A"
SWRK 635,20630,TBA,TBA,TBA,TBA,"Acuna,Maria A"
SWRK 645,12666,SH106,Tu,07:00pm,09:45pm,"Kaplan,Noach"
SWRK 645,12667,SH371,Tu,07:00pm,09:45pm,"Abelson,Mark"
SWRK 645,21304,TBA,TBA,TBA,TBA,"Acuna,Maria A"
SWRK 650U,20644,TBA,TBA,TBA,TBA,"Ramos Jr,Jose A"
