TH 108A,10696,TH159,MoWe,02:00pm,03:40pm,"Norris,Sonia"
TH 108A,11631,TH159,TuTh,11:00am,12:40pm,"Norris,Sonia"
TH 110,11459,ONLINE,TBA,TBA,TBA,"Morrison,J'aime B"
TH 110,11636,NH209,TuTh,08:00am,09:15am,"Kolodezh,Samuel"
TH 111,10361,TH159,Fr,09:00am,11:45am,"Norris,Sonia"
TH 111,10362,NH214,Fr,08:00am,10:45am,"Kaback,Douglas E"
TH 111,10365,NH214,Fr,02:00pm,04:45pm,"Kaback,Douglas E"
TH 111,10863,TH159,TuTh,08:00am,09:15am,"Kaback,Douglas E"
TH 111,10774,TH159,TuTh,09:30am,10:45am,"Kaback,Douglas E"
TH 111,11249,TH159,MoWe,08:00am,09:15am,"Barcos,Carolina"
TH 111,11256,NH214,MoWe,08:00am,09:15am,"Kaback,Douglas E"
TH 120,10771,NH209,Tu,02:00pm,02:50pm,"Piver,Debra E"
TH 120,20470,NH209,Th,02:00pm,02:50pm,"Piver,Debra E"
TH 120L,10772,NH209,Tu,03:00pm,04:45pm,"Piver,Debra E"
TH 120L,20469,NH209,Th,03:00pm,04:45pm,"Piver,Debra E"
TH 142M,10680,NH214,MoWe,10:00am,11:40am,"Pai,Nikhil"
TH 142M,10732,NH214,MoWe,12:00pm,01:40pm,"Pai,Nikhil"
TH 143V,10681,TH159,MoWe,12:00pm,01:40pm,"Menzies,Christine A"
TH 143V,10733,TH159,MoWe,10:00am,11:40am,"Menzies,Christine A"
TH 155,11306,TH361,Fr,03:00pm,04:40pm,"Weingarten,Daniel S"
TH 190,11461,TBA,TBA,TBA,TBA,"Jackson,Matthew A"
TH 190,11462,TBA,TBA,TBA,TBA,"Biederman,Larry R"
TH 208A,10370,NH214,MoWe,02:00pm,04:45pm,"Branco,Verity M"
TH 222,10677,NH209,MoWe,09:30am,10:45am,"Kim,Ah-Jeong"
TH 261,10366,TH160,TuTh,09:30am,12:15pm,"Delgadillo Jr,Efren"
TH 261A,10697,TH158,Fr,09:00am,11:45am,"Delgadillo Jr,Efren"
TH 262,10695,TH365,TuTh,02:00pm,04:45pm,"Lennon,Garry D"
TH 262A,10698,TH365,Fr,09:00am,11:45am,"Cox,Elizabeth A"
TH 290,10367,TBA,TBA,TBA,TBA,"Delgadillo Jr,Efren"
TH 304,10773,NH209,We,01:00pm,03:45pm,"Piver,Debra E"
TH 310,10866,ONLINE,TBA,TBA,TBA,"Kolodezh,Samuel"
TH 321A,10678,NH209,MoWe,11:00am,12:15pm,"Kiani,Ali"
TH 321B,10679,NH209,TuTh,09:30am,10:45am,"Kim,Ah-Jeong"
TH 325,11784,ONLINE,TBA,TBA,TBA,"Kim,Ah-Jeong"
TH 333,11905,ONLINE,TBA,TBA,TBA,"Catalano,Francis"
TH 343V,10369,NH214,TuTh,02:00pm,04:40pm,"Menzies,Christine A"
TH 345,10421,OV037,TuTh,09:30am,12:00pm,"McGarry,Mary Anne"
TH 350,10371,TH361,TuTh,11:00am,12:15pm,"Lennon,Garry D"
TH 355,10372,TH361,MoWe,01:00pm,02:40pm,"Weingarten,Daniel S"
TH 361A,10373,TH361,MoWe,03:30pm,05:10pm,"Delgadillo Jr,Efren"
TH 367,10632,TH358,MoWe,09:00am,10:40am,"Cox,Elizabeth A"
TH 371,10374,NH214,TuTh,09:00am,09:50am,"Piver,Debra E"
TH 371L,10375,NH214,TuTh,10:00am,10:50am,"Piver,Debra E"
TH 381,11634,TH361,Fr,12:00pm,02:45pm,"Weingarten,Daniel S"
TH 382A,10376,TBA,TBA,TBA,TBA,"Jackson,Matthew A"
TH 382B,10535,TBA,TBA,TBA,TBA,"Jackson,Matthew A"
TH 382C,10377,TBA,TBA,TBA,TBA,"Jackson,Matthew A"
TH 385,11910,TH361,Fr,09:00am,10:40am,"Jackson Jr,Penn"
TH 390A,10378,TBA,TBA,TBA,TBA,"Jackson,Matthew A"
TH 390B,10379,TBA,TBA,TBA,TBA,"Jackson,Matthew A"
TH 390C,10380,TBA,TBA,TBA,TBA,"Jackson,Matthew A"
TH 397,10452,NH104,Mo,12:00pm,12:50pm,"Kim,Ah-Jeong"
TH 408A,11632,NH214,Fr,11:00am,01:45pm,"Menzies,Christine A"
TH 433,10690,NH209,Fr,09:00am,11:45am,"Lim,Stephanie J"
TH 444,10381,TH159,Fr,12:00pm,05:00pm,"Biederman,Larry R"
TH 444,10775,TH159,TuTh,02:00pm,04:30pm,"Biederman,Larry R"
TH 449,10704,TBA,TBA,TBA,TBA,"Biederman,Larry R"
TH 473,10479,NH214,Tu,11:00am,12:40pm,"Piver,Debra E"
TH 473L,10480,NH214,Th,11:00am,12:40pm,"Piver,Debra E"
TH 490A,10706,TBA,TBA,TBA,TBA,"Jackson,Matthew A"
TH 490B,10718,TBA,TBA,TBA,TBA,"Jackson,Matthew A"
TH 490C,10708,TBA,TBA,TBA,TBA,"Jackson,Matthew A"
TH 530,11629,NH104,Mo,04:30pm,07:15pm,"Aviles Rodriguez,Guillermo G."
TH 535,11307,NH104,We,04:30pm,07:15pm,"Morrison,J'aime B"
TH 544,20468,TH159,Fr,12:00pm,05:00pm,"Biederman,Larry R"
TH 698C,10467,TBA,TBA,TBA,TBA,"Dwyer,Anamarie"
